image,timestamp,speed,steering,cmd_left,cmd_straight,cmd_right,cmd_follow
img_000000.jpg,1782716942.5361674,20,0.0,0,0,0,1
img_000001.jpg,1782716942.6460211,20,0.0,0,0,0,1
img_000002.jpg,1782716942.7528203,20,0.0,0,0,0,1
img_000003.jpg,1782716942.8664026,20,-0.04,0,0,0,1
img_000004.jpg,1782716942.9526625,20,-0.08464000000000002,0,0,0,1
img_000005.jpg,1782716943.075912,20,-0.05578466012364803,0,0,0,1
img_000006.jpg,1782716943.1869144,20,-0.03676663876548825,0,0,0,1
img_000007.jpg,1782716943.3058417,20,-0.02423221228050217,0,0,0,1
img_000008.jpg,1782716943.4053664,20,-0.01597100338033912,0,0,0,1
img_000009.jpg,1782716943.5159335,20,-0.010526193234946257,0,0,0,1
img_000010.jpg,1782716943.6066868,20,0.0,0,0,0,1
img_000011.jpg,1782716943.7358348,20,0.0,0,0,0,1
img_000012.jpg,1782716943.8457866,20,0.0,0,0,0,1
img_000013.jpg,1782716943.9386003,20,0.0,0,0,0,1
img_000014.jpg,1782716944.0665689,20,0.0,0,0,0,1
img_000015.jpg,1782716944.156141,20,-0.06,0,0,0,1
img_000016.jpg,1782716944.2683067,20,-0.07786880000000002,0,0,0,1
img_000017.jpg,1782716944.397242,20,-0.05132188731375619,0,0,0,1
img_000018.jpg,1782716944.4861956,20,-0.033825307664249196,0,0,0,1
img_000019.jpg,1782716944.6140094,20,-0.022293635298061998,0,0,0,1
img_000020.jpg,1782716944.705475,20,-0.01469332310991199,0,0,0,1
img_000021.jpg,1782716944.818152,20,0.0,0,0,0,1
img_000022.jpg,1782716944.9221773,20,-0.06,0,0,0,1
img_000023.jpg,1782716945.036172,20,-0.05731143680000001,0,0,0,1
img_000024.jpg,1782716945.156938,20,-0.03777290906292455,0,0,0,1
img_000025.jpg,1782716945.2872622,20,-0.024895426440887398,0,0,0,1
img_000026.jpg,1782716945.410046,20,-0.016408115579373626,0,0,0,1
img_000027.jpg,1782716945.5364017,20,-0.05277680270427129,0,0,0,1
img_000028.jpg,1782716945.6360052,20,-0.034784215515957013,0,0,0,1
img_000029.jpg,1782716945.789693,20,-0.022925633745574027,0,0,0,1
img_000030.jpg,1782716945.9253047,20,-0.015109861609358254,0,0,0,1
img_000031.jpg,1782716946.0464997,20,0.0,0,0,0,1
img_000032.jpg,1782716946.1769428,20,0.0,0,0,0,1
img_000033.jpg,1782716946.3034513,20,0.0,0,0,0,1
img_000034.jpg,1782716946.4207616,20,0.0,0,0,0,1
img_000035.jpg,1782716946.5590122,20,-0.014327859200000003,0,0,0,1
img_000036.jpg,1782716946.6841335,20,0.0,0,0,0,1
img_000037.jpg,1782716946.8164926,20,0.0,0,0,0,1
img_000038.jpg,1782716946.9414127,20,0.0,0,0,0,1
img_000039.jpg,1782716947.0657873,20,-0.1,0,0,0,1
img_000040.jpg,1782716947.20307,20,-0.08596715520000002,0,0,0,1
img_000041.jpg,1782716947.3561125,20,-0.056659363594386815,0,0,0,1
img_000042.jpg,1782716947.496637,28,-0.0373431396613311,0,0,0,1
img_000043.jpg,1782716947.6532407,28,-0.024612173369060436,0,0,0,1
img_000044.jpg,1782716947.816971,30,-0.016221428713342832,0,0,0,1
img_000045.jpg,1782716947.9761257,30,-0.010691243944870211,0,0,0,1
img_000046.jpg,1782716948.1853044,30,0.0,0,0,0,1
img_000047.jpg,1782716948.3752594,30,0.0,0,0,0,1
img_000048.jpg,1782716948.5759861,30,-0.06,0,0,0,1
img_000049.jpg,1782716948.7480261,30,-0.03954489139200001,0,0,0,1
img_000050.jpg,1782716948.9435573,30,-0.026063307253417937,0,0,0,1
img_000051.jpg,1782716949.1523082,30,-0.051442704598549514,0,0,0,1
img_000052.jpg,1782716949.3460937,30,-0.033904936104339665,0,0,0,1
img_000053.jpg,1782716949.5585537,30,-0.04268925753439876,0,0,0,1
img_000054.jpg,1782716949.771302,30,-0.028135700880048617,0,0,0,1
img_000055.jpg,1782716949.9702306,30,-0.06190893264688331,0,0,0,1
img_000056.jpg,1782716950.1875212,30,-0.040803033628594075,0,0,0,1
img_000057.jpg,1782716950.4062912,30,-0.07177283265018268,0,0,0,1
img_000058.jpg,1782716950.6159055,30,-0.04730414786746111,0,0,0,1
img_000059.jpg,1782716950.8267744,30,-0.031177289830164306,0,0,0,1
img_000060.jpg,1782716951.0559072,30,-0.020548375670512566,0,0,0,1
img_000061.jpg,1782716951.2702084,30,-0.0560007735541201,0,0,0,1
img_000062.jpg,1782716951.4944332,30,-0.03690907513442777,0,0,0,1
img_000063.jpg,1782716951.7230694,30,-0.06259665389827729,0,0,0,1
img_000064.jpg,1782716951.956625,30,-0.06484380217228242,0,0,0,1
img_000065.jpg,1782716952.1763906,30,-0.06078150257585584,0,0,0,1
img_000066.jpg,1782716952.4162786,30,-0.08412982667778804,0,0,0,1
img_000067.jpg,1782716952.655111,30,-0.08027001555798755,0,0,0,1
img_000068.jpg,1782716952.8768792,30,-0.07750487404483275,0,0,0,1
img_000069.jpg,1782716953.1064773,30,-0.06985180533140493,0,0,0,1
img_000070.jpg,1782716953.3454294,30,-0.08824876258990105,0,0,0,1
img_000071.jpg,1782716953.575804,30,-0.08162079224811648,0,0,0,1
img_000072.jpg,1782716953.7859335,30,-0.05379475607967938,0,0,0,1
img_000073.jpg,1782716954.0069141,30,-0.052866043740399514,0,0,0,1
img_000074.jpg,1782716954.2381942,30,-0.057872861558674285,0,0,0,1
img_000075.jpg,1782716954.448283,30,-0.038142933748033785,0,0,0,1
img_000076.jpg,1782716954.6683824,30,-0.060848964794388935,0,0,0,1
img_000077.jpg,1782716954.8903108,30,-0.08123835869781314,0,0,0,1
img_000078.jpg,1782716955.1080906,30,-0.05354270119282266,0,0,0,1
img_000079.jpg,1782716955.30701,30,-0.0816930589064367,0,0,0,1
img_000080.jpg,1782716955.515858,30,-0.05384238569892163,0,0,0,1
img_000081.jpg,1782716955.7180667,30,-0.07307393963512189,0,0,0,1
img_000082.jpg,1782716955.9265893,30,-0.07234965591406631,0,0,0,1
img_000083.jpg,1782716956.1320467,30,-0.04768432142283872,0,0,0,1
img_000084.jpg,1782716956.3258662,30,-0.07393120888010746,0,0,0,1
img_000085.jpg,1782716956.5361483,30,-0.048726693760718594,0,0,0,1
img_000086.jpg,1782716956.7460072,30,-0.07474289171114645,0,0,0,1
img_000087.jpg,1782716956.936473,30,-0.049261658917355074,0,0,0,1
img_000088.jpg,1782716957.1059597,30,-0.10169506810764935,0,0,0,1
img_000089.jpg,1782716957.268872,30,-0.0670253403903173,0,0,0,1
img_000090.jpg,1782716957.4059124,30,-0.04417516343744882,0,0,0,1
img_000091.jpg,1782716957.537814,30,-0.06554618966678015,0,0,0,1
img_000092.jpg,1782716957.6837335,30,-0.043200282525537564,0,0,0,1
img_000093.jpg,1782716957.8152957,30,-0.02847250800960165,0,0,0,1
img_000094.jpg,1782716957.9411294,30,-0.018765703948292464,0,0,0,1
img_000095.jpg,1782716958.056385,30,-0.05141262847608796,0,0,0,1
img_000096.jpg,1782716958.1871328,30,-0.03388511348773576,0,0,0,1
img_000097.jpg,1782716958.3296797,30,-0.08868036005601956,0,0,0,1
img_000098.jpg,1782716958.431475,30,-0.05844758678364582,0,0,0,1
img_000099.jpg,1782716958.557896,30,-0.038521724524729475,0,0,0,1
img_000100.jpg,1782716958.6764483,30,-0.025388956876049504,0,0,0,1
img_000101.jpg,1782716958.8053136,30,-0.05977007605189724,0,0,0,1
img_000102.jpg,1782716958.9058564,30,-0.07768976098069978,0,0,0,1
img_000103.jpg,1782716959.0452669,30,-0.05120388600420356,0,0,0,1
img_000104.jpg,1782716959.1469624,30,-0.07101937158484128,0,0,0,1
img_000105.jpg,1782716959.2872438,30,-0.04680755560084399,0,0,0,1
img_000106.jpg,1782716959.3852615,30,-0.04786046250725321,0,0,0,1
img_000107.jpg,1782716959.5063863,30,-0.031543946530336944,0,0,0,1
img_000108.jpg,1782716959.6163228,30,-0.05571041263581503,0,0,0,1
img_000109.jpg,1782716959.7329457,30,-0.0367177036181135,0,0,0,1
img_000110.jpg,1782716959.82694,30,-0.10738028732866443,0,0,0,1
img_000111.jpg,1782716959.9563985,30,-0.07077236333422983,0,0,0,1
img_000112.jpg,1782716960.0494852,30,-0.17077236333422982,0,0,0,1
img_000113.jpg,1782716960.1464102,30,-0.11255290934678806,0,0,0,1
img_000114.jpg,1782716960.2792659,30,-0.1504647824711214,0,0,0,1
img_000115.jpg,1782716960.3753104,30,-0.0991685580190234,0,0,0,1
img_000116.jpg,1782716960.4665892,30,-0.06536016427272553,0,0,0,1
img_000117.jpg,1782716960.576581,30,-0.04307767662547017,0,0,0,1
img_000118.jpg,1782716960.6689236,30,-0.028391700726231928,0,0,0,1
img_000119.jpg,1782716960.7665944,30,-0.018712445360883487,0,0,0,1
img_000120.jpg,1782716960.8736458,30,-0.012333026991247864,0,0,0,1
img_000121.jpg,1782716960.9697144,30,-0.04,0,0,0,1
img_000122.jpg,1782716961.0665305,30,-0.06229504000000001,0,0,0,1
img_000123.jpg,1782716961.1751847,30,-0.06462772809891841,0,0,0,1
img_000124.jpg,1782716961.2658103,30,-0.13305750985100495,0,0,0,1
img_000125.jpg,1782716961.356049,30,-0.08769574626579936,0,0,0,1
img_000126.jpg,1782716961.4662967,30,-0.05779864602702376,0,0,0,1
img_000127.jpg,1782716961.560412,30,-0.03809401966238845,0,0,0,1
img_000128.jpg,1782716961.6466985,30,-0.04729028750423667,0,0,0,1
img_000129.jpg,1782716961.746653,30,-0.11710706450389775,0,0,0,1
img_000130.jpg,1782716961.855349,30,-0.0771831024507096,0,0,0,1
img_000131.jpg,1782716961.9265409,30,-0.10010155568113817,0,0,0,1
img_000132.jpg,1782716962.018136,30,-0.0860399089750154,0,0,0,1
img_000133.jpg,1782716962.1228392,30,-0.05670731426324252,0,0,0,1
img_000134.jpg,1782716962.1963317,30,-0.03737474306119898,0,0,0,1
img_000135.jpg,1782716962.2877705,30,-0.02463300258598366,0,0,0,1
img_000136.jpg,1782716962.3865063,30,-0.037646909636260495,0,0,0,1
img_000137.jpg,1782716962.4791455,30,-0.1376469096362605,0,0,0,1
img_000138.jpg,1782716962.5560803,30,-0.09072053486683934,0,0,0,1
img_000139.jpg,1782716962.646664,30,-0.08499155250603826,0,0,0,1
img_000140.jpg,1782716962.7564905,30,-0.07521520907479619,0,0,0,1
img_000141.jpg,1782716962.8459485,30,-0.04957295456482314,0,0,0,1
img_000142.jpg,1782716962.9252028,30,-0.03267261840410804,0,0,0,1
img_000143.jpg,1782716963.0341542,30,-0.06544177587985808,0,0,0,1
img_000144.jpg,1782716963.1274288,30,-0.06120988673022815,0,0,0,1
img_000145.jpg,1782716963.2204046,30,-0.04034230538105824,0,0,0,1
img_000146.jpg,1782716963.3264105,30,-0.1171149209505736,0,0,0,1
img_000147.jpg,1782716963.4196668,30,-0.07718828048955166,0,0,0,1
img_000148.jpg,1782716963.4969347,30,-0.050873369478242565,0,0,0,1
img_000149.jpg,1782716963.6004312,30,-0.03352969784603651,0,0,0,1
img_000150.jpg,1782716963.7017982,30,-0.022098804328801507,0,0,0,1
img_000151.jpg,1782716963.7998455,30,-0.014564913617925257,0,0,0,1
img_000152.jpg,1782716963.8758278,30,0.0,0,0,0,1
img_000153.jpg,1782716963.985851,30,0.0,0,0,0,1
img_000154.jpg,1782716964.0778246,30,0.0,0,0,0,1
img_000155.jpg,1782716964.1760023,30,0.0,0,0,0,1
img_000156.jpg,1782716964.2864356,30,0.0,0,1,0,0
img_000157.jpg,1782716964.3566623,30,0.0,0,1,0,0
img_000158.jpg,1782716964.456543,30,0.0,0,1,0,0
img_000159.jpg,1782716964.546997,30,0.0,0,1,0,0
img_000160.jpg,1782716964.6566696,30,0.0,0,1,0,0
img_000161.jpg,1782716964.750938,30,0.0,0,1,0,0
img_000162.jpg,1782716964.830034,30,-0.0736,0,1,0,0
img_000163.jpg,1782716964.9399183,30,-0.048508400107520014,0,1,0,0
img_000164.jpg,1782716965.0300262,30,-0.031970990230859336,0,1,0,0
img_000165.jpg,1782716965.1250243,30,-0.021071488939567097,0,1,0,0
img_000166.jpg,1782716965.226709,30,-0.013887829026381839,0,1,0,0
img_000167.jpg,1782716965.3220255,30,0.0,0,1,0,0
img_000168.jpg,1782716965.4162982,30,0.0,0,1,0,0
img_000169.jpg,1782716965.5159428,30,0.0,0,1,0,0
img_000170.jpg,1782716965.6114156,30,0.0,0,1,0,0
img_000171.jpg,1782716965.7042027,30,0.0,0,1,0,0
img_000172.jpg,1782716965.7961178,30,0.0,0,1,0,0
img_000173.jpg,1782716965.8994567,30,0.0,0,1,0,0
img_000174.jpg,1782716965.9950294,30,0.0,0,1,0,0
img_000175.jpg,1782716966.08699,30,0.0,0,1,0,0
img_000176.jpg,1782716966.2067473,30,0.0,0,1,0,0
img_000177.jpg,1782716966.2970095,30,0.0,0,1,0,0
img_000178.jpg,1782716966.389494,30,0.0,0,1,0,0
img_000179.jpg,1782716966.4958303,30,0.0,0,1,0,0
img_000180.jpg,1782716966.5861998,30,0.0,0,1,0,0
img_000181.jpg,1782716966.6768513,30,0.0,0,1,0,0
img_000182.jpg,1782716966.7760978,30,0.0,0,1,0,0
img_000183.jpg,1782716966.8669627,30,0.0,0,1,0,0
img_000184.jpg,1782716966.9599004,30,0.0,0,1,0,0
img_000185.jpg,1782716967.0534496,30,0.0,0,1,0,0
img_000186.jpg,1782716967.1557918,30,0.0,0,1,0,0
img_000187.jpg,1782716967.246171,30,0.0,0,1,0,0
img_000188.jpg,1782716967.3377616,30,0.0,0,1,0,0
img_000189.jpg,1782716967.4376805,30,0.0,0,1,0,0
img_000190.jpg,1782716967.5262752,30,0.0,0,1,0,0
img_000191.jpg,1782716967.6166914,30,0.0,0,1,0,0
img_000192.jpg,1782716967.7230353,30,0.0,0,1,0,0
img_000193.jpg,1782716967.8152232,30,0.0,0,1,0,0
img_000194.jpg,1782716967.9062362,30,0.0,0,1,0,0
img_000195.jpg,1782716967.9959996,30,0.0,0,1,0,0
img_000196.jpg,1782716968.0962148,30,0.0,0,1,0,0
img_000197.jpg,1782716968.187135,30,0.0,0,1,0,0
img_000198.jpg,1782716968.2762668,30,0.0,0,1,0,0
img_000199.jpg,1782716968.3761659,30,0.0,0,1,0,0
img_000200.jpg,1782716968.4666579,30,0.0,0,1,0,0
img_000201.jpg,1782716968.5596843,30,0.0,0,1,0,0
img_000202.jpg,1782716968.6867144,30,0.0,0,1,0,0
img_000203.jpg,1782716968.7850723,30,0.0,0,0,0,1
img_000204.jpg,1782716968.876715,30,0.0,0,0,0,1
img_000205.jpg,1782716968.9991474,30,0.0,0,0,0,1
img_000206.jpg,1782716969.0935442,30,0.0,0,0,0,1
img_000207.jpg,1782716969.1660028,30,0.0,0,0,0,1
img_000208.jpg,1782716969.266215,30,0.0,0,0,0,1
img_000209.jpg,1782716969.3562346,30,0.0,0,0,0,1
img_000210.jpg,1782716969.4460566,30,0.0,0,0,0,1
img_000211.jpg,1782716969.535179,30,0.0,0,0,0,1
img_000212.jpg,1782716969.6269238,30,0.0,0,0,0,1
img_000213.jpg,1782716969.7186356,30,0.0,0,0,0,1
img_000214.jpg,1782716969.8058398,30,0.0,0,0,0,1
img_000215.jpg,1782716969.9085152,30,0.0,0,0,0,1
img_000216.jpg,1782716969.9959896,30,0.0,0,0,0,1
img_000217.jpg,1782716970.086204,30,0.0,0,0,0,1
img_000218.jpg,1782716970.1766753,30,0.04,0,0,0,1
img_000219.jpg,1782716970.2758768,30,0.0429835776,0,0,0,1
img_000220.jpg,1782716970.3653746,30,0.028329681797193407,0,0,0,1
img_000221.jpg,1782716970.451963,30,0.01867156983066555,0,0,0,1
img_000222.jpg,1782716970.5542088,30,0.07580361670467532,0,0,0,1
img_000223.jpg,1782716970.6419358,30,0.06863303654976781,0,0,0,1
img_000224.jpg,1782716970.726102,30,0.04523476627106225,0,0,0,1
img_000225.jpg,1782716970.8325486,30,0.12161598496937728,0,0,0,1
img_000226.jpg,1782716970.9158845,30,0.0801548486190855,0,0,0,1
img_000227.jpg,1782716971.0151904,30,0.05282857971973231,0,0,0,1
img_000228.jpg,1782716971.1058323,30,0.034818340790173805,0,0,0,1
img_000229.jpg,1782716971.2081368,30,0.02294812508328445,0,0,0,1
img_000230.jpg,1782716971.281486,30,0.015124685234475249,0,0,0,1
img_000231.jpg,1782716971.3693912,30,0.0,0,0,0,1
img_000232.jpg,1782716971.4752107,30,0.0,0,0,0,1
img_000233.jpg,1782716971.5665393,30,0.0,0,0,0,1
img_000234.jpg,1782716971.6362855,30,0.1,0,0,0,1
img_000235.jpg,1782716971.726173,30,0.08596715520000002,0,0,0,1
img_000236.jpg,1782716971.8262782,30,0.13276260016128003,0,0,0,1
img_000237.jpg,1782716971.926706,30,0.10943805130683587,0,0,0,1
img_000238.jpg,1782716971.9958086,30,0.12521809729601743,0,0,0,1
img_000239.jpg,1782716972.0969229,30,0.1286533497472412,0,0,0,1
img_000240.jpg,1782716972.187829,30,0.08479304571619409,0,0,0,1
img_000241.jpg,1782716972.277874,30,0.055885529727396445,0,0,0,1
img_000242.jpg,1782716972.3768704,30,0.036833120057571334,0,0,0,1
img_000243.jpg,1782716972.4462676,30,0.02427602887175259,0,0,0,1
img_000244.jpg,1782716972.535886,30,0.10233394656201239,0,0,0,1
img_000245.jpg,1782716972.6276605,30,0.0876391780860419,0,0,0,1
img_000246.jpg,1782716972.7273216,30,0.13417780033202586,0,0,0,1
img_000247.jpg,1782716972.8063629,30,0.13563016298494457,0,0,0,1
img_000248.jpg,1782716972.886764,30,0.1171644939260669,0,0,0,1
img_000249.jpg,1782716972.9951842,30,0.14995202765902302,0,0,0,1
img_000250.jpg,1782716973.0832841,30,0.09883061079643744,0,0,0,1
img_000251.jpg,1782716973.1482182,30,0.1137582106598563,0,0,0,1
img_000252.jpg,1782716973.2338178,30,0.07497593475820458,0,0,0,1
img_000253.jpg,1782716973.3323095,30,0.12345963117934437,0,0,0,1
img_000254.jpg,1782716973.3967505,30,0.08136996177139252,0,0,0,1
img_000255.jpg,1782716973.4854362,30,0.05362943834701517,0,0,0,1
img_000256.jpg,1782716973.5753407,30,0.08176060008756056,0,0,0,1
img_000257.jpg,1782716973.6685724,30,0.1488197520805557,0,0,0,1
img_000258.jpg,1782716973.7353637,30,0.09808434888349904,0,0,0,1
img_000259.jpg,1782716973.8195696,30,0.06464558206421678,0,0,0,1
img_000260.jpg,1782716973.9182665,30,0.0426067086950346,0,0,0,1
img_000261.jpg,1782716973.9996939,30,0.09606231823947729,0,0,0,1
img_000262.jpg,1782716974.0697966,30,0.13209114615789358,0,0,0,1
img_000263.jpg,1782716974.1574502,30,0.08705883381097834,0,0,0,1
img_000264.jpg,1782716974.2566972,30,0.16009412710610008,0,0,0,1
img_000265.jpg,1782716974.3207955,30,0.10551508114846284,0,0,0,1
img_000266.jpg,1782716974.4112234,30,0.0955902613085875,0,0,0,1
img_000267.jpg,1782716974.5130336,30,0.1055825093978614,0,0,0,1
img_000268.jpg,1782716974.576875,30,0.06958748111722084,0,0,0,1
img_000269.jpg,1782716974.66345,30,0.045863823050389156,0,0,0,1
img_000270.jpg,1782716974.7482667,30,0.030227998355825767,0,0,0,1
img_000271.jpg,1782716974.8481998,30,0.06353817958370127,0,0,0,1
img_000272.jpg,1782716974.9161024,30,0.16353817958370126,0,0,0,1
img_000273.jpg,1782716974.9972644,30,0.10778499250138099,0,0,0,1
img_000274.jpg,1782716975.0841837,30,0.09721640982164215,0,0,0,1
img_000275.jpg,1782716975.179182,30,0.1068487717311949,0,0,0,1
img_000276.jpg,1782716975.238419,30,0.07042205122464505,0,0,0,1
img_000277.jpg,1782716975.3177643,30,0.046413872788007494,0,0,0,1
img_000278.jpg,1782716975.3968868,30,0.03059052597473102,0,0,0,1
img_000279.jpg,1782716975.4887397,30,0.08589182118501235,0,0,0,1
img_000280.jpg,1782716975.5644417,30,0.07586015521852173,0,0,0,1
img_000281.jpg,1782716975.6289303,30,0.04999802665161174,0,0,0,1
img_000282.jpg,1782716975.7231042,30,0.11959818451948281,0,0,0,1
img_000283.jpg,1782716975.8023486,30,0.07882495362505541,0,0,0,1
img_000284.jpg,1782716975.880481,30,0.12671744074824692,0,0,0,1
img_000285.jpg,1782716975.9443605,30,0.1298208705013709,0,0,0,1
img_000286.jpg,1782716976.053798,30,0.08556253707319349,0,0,0,1
img_000287.jpg,1782716976.1376262,30,0.12320413137875097,0,0,0,1
img_000288.jpg,1782716976.2189698,30,0.08120156657364012,0,0,0,1
img_000289.jpg,1782716976.2841525,30,0.05351845218358095,0,0,0,1
img_000290.jpg,1782716976.3729281,30,0.05834024237441403,0,0,0,1
img_000291.jpg,1782716976.4475737,30,0.15834024237441402,0,0,0,1
img_000292.jpg,1782716976.528938,30,0.1277616941217239,0,0,0,1
img_000293.jpg,1782716976.6084008,30,0.08420537196835828,0,0,0,1
img_000294.jpg,1782716976.6882243,30,0.08032413567231322,0,0,0,1
img_000295.jpg,1782716976.7738106,30,0.1187703484330459,0,0,0,1
img_000296.jpg,1782716976.8401647,30,0.07827934215624664,0,0,0,1
img_000297.jpg,1782716976.9306865,30,0.05159246806343302,0,0,0,1
img_000298.jpg,1782716977.0191143,30,0.0340036424368948,0,0,0,1
img_000299.jpg,1782716977.1232672,30,0.0,0,0,0,1
img_000300.jpg,1782716977.2044253,30,0.0,0,0,0,1
img_000301.jpg,1782716977.2986884,30,0.0,0,0,0,1
img_000302.jpg,1782716977.376106,30,0.0,0,0,0,1
img_000303.jpg,1782716977.4527285,30,0.0,0,0,0,1
img_000304.jpg,1782716977.5171695,30,0.0,0,0,0,1
img_000305.jpg,1782716977.6037073,30,-0.08,0,0,0,1
img_000306.jpg,1782716977.6834216,30,-0.07163929600000002,0,0,0,1
img_000307.jpg,1782716977.767011,30,-0.07132188731375619,0,0,0,1
img_000308.jpg,1782716977.8734918,30,-0.13921613632865568,0,0,0,1
img_000309.jpg,1782716977.9517372,30,-0.09175478318550925,0,0,0,1
img_000310.jpg,1782716978.030255,30,-0.0604738822627912,0,0,0,1
img_000311.jpg,1782716978.110396,30,-0.03985721843557789,0,0,0,1
img_000312.jpg,1782716978.1963887,30,-0.026269156237035803,0,0,0,1
img_000313.jpg,1782716978.2757747,30,-0.01731351550588434,0,0,0,1
img_000314.jpg,1782716978.357836,30,-0.011411018171565071,0,0,0,1
img_000315.jpg,1782716978.4401238,30,0.0,0,0,0,1
img_000316.jpg,1782716978.5275018,30,-0.0736,0,0,0,1
img_000317.jpg,1782716978.6076012,30,-0.048508400107520014,0,0,0,1
img_000318.jpg,1782716978.6704402,30,-0.031970990230859336,0,0,0,1
img_000319.jpg,1782716978.745177,30,-0.021071488939567097,0,0,0,1
img_000320.jpg,1782716978.8380346,30,-0.03509546633302374,0,0,0,1
img_000321.jpg,1782716978.9219315,30,-0.10588782902638186,0,0,0,1
img_000322.jpg,1782716979.0012536,30,-0.06978871164304895,0,0,0,1
img_000323.jpg,1782716979.091638,30,-0.04599645037186629,0,0,0,1
img_000324.jpg,1782716979.174027,30,-0.0529515332313944,0,0,0,1
img_000325.jpg,1782716979.2538204,30,-0.1529515332313944,0,0,0,1
img_000326.jpg,1782716979.3405392,30,-0.10080752949792285,0,0,0,1
img_000327.jpg,1782716979.4309554,30,-0.06644038009151994,0,0,0,1
img_000328.jpg,1782716979.5373464,30,-0.04378962691270592,0,0,0,1
img_000329.jpg,1782716979.618396,30,-0.02886093400598594,0,0,0,1
img_000330.jpg,1782716979.674437,30,-0.10015205928550708,0,0,0,1
img_000331.jpg,1782716979.785826,30,-0.06600837178550872,0,0,0,1
img_000332.jpg,1782716979.8729115,30,-0.043504898220345,0,0,0,1
img_000333.jpg,1782716979.9567542,30,-0.02867327458572596,0,0,0,1
img_000334.jpg,1782716980.0292842,30,-0.12867327458572597,0,0,0,1
img_000335.jpg,1782716980.1078355,30,-0.08480617780909215,0,0,0,1
img_000336.jpg,1782716980.1900804,30,-0.0558941848471865,0,0,0,1
img_000337.jpg,1782716980.2751417,30,-0.03683882448710605,0,0,0,1
img_000338.jpg,1782716980.366878,30,-0.02427978855585932,0,0,0,1
img_000339.jpg,1782716980.4440317,30,-0.016002360024369694,0,0,0,1
img_000340.jpg,1782716980.5285723,30,-0.01054685981965637,0,0,0,1
img_000341.jpg,1782716980.6170893,30,0.0,0,0,0,1
img_000342.jpg,1782716980.6961915,30,-0.08,0,0,0,1
img_000343.jpg,1782716980.7809637,30,-0.07163929600000002,0,0,0,1
img_000344.jpg,1782716980.8623915,30,-0.0472161363286557,0,0,0,1
img_000345.jpg,1782716980.943129,30,-0.14721613632865568,0,0,0,1
img_000346.jpg,1782716981.0305567,30,-0.09702743537110926,0,0,0,1
img_000347.jpg,1782716981.1112535,30,-0.06394898989658028,0,0,0,1
img_000348.jpg,1782716981.1950147,30,-0.042147597668139546,0,0,0,1
img_000349.jpg,1782716981.3051398,30,-0.027778702870338186,0,0,0,1
img_000350.jpg,1782716981.3909185,30,-0.05277846258069791,0,0,0,1
img_000351.jpg,1782716981.47546,30,-0.03478530950984059,0,0,0,1
img_000352.jpg,1782716981.5559576,30,-0.02292635477672918,0,0,0,1
img_000353.jpg,1782716981.6458125,30,-0.07940486668302359,0,0,0,1
img_000354.jpg,1782716981.7060938,30,-0.09297913682767028,0,0,0,1
img_000355.jpg,1782716981.7866142,30,-0.06128083112620216,0,0,0,1
img_000356.jpg,1782716981.872016,30,-0.0403890635216193,0,0,0,1
img_000357.jpg,1782716981.9672298,30,-0.0625979990955227,0,0,0,1
img_000358.jpg,1782716982.0298114,30,-0.04125718459314934,0,0,0,1
img_000359.jpg,1782716982.113242,30,-0.02719184806459644,0,0,0,1
img_000360.jpg,1782716982.2067933,30,-0.0179216446410372,0,0,0,1
img_000361.jpg,1782716982.2905715,30,-0.07516888002417389,0,0,0,1
img_000362.jpg,1782716982.370804,30,-0.08968062484826395,0,0,0,1
img_000363.jpg,1782716982.456783,30,-0.05910684282652158,0,0,0,1
img_000364.jpg,1782716982.5551486,30,-0.11002803176836788,0,0,0,1
img_000365.jpg,1782716982.6382291,30,-0.09315116656151512,0,0,0,1
img_000366.jpg,1782716982.7039561,30,-0.061394212745220306,0,0,0,1
img_000367.jpg,1782716982.791268,30,-0.11196406166755449,0,0,0,1
img_000368.jpg,1782716982.8851452,30,-0.11833259125178468,0,0,0,1
img_000369.jpg,1782716982.9742835,30,-0.07799082448642924,0,0,0,1
img_000370.jpg,1782716983.05597,30,-0.05140231139813966,0,0,0,1
img_000371.jpg,1782716983.1507237,30,-0.03387831369228662,0,0,0,1
img_000372.jpg,1782716983.216861,30,-0.13387831369228662,0,0,0,1
img_000373.jpg,1782716983.2989953,30,-0.11023734062582577,0,0,0,1
img_000374.jpg,1782716983.382816,30,-0.07265539437318651,0,0,0,1
img_000375.jpg,1782716983.487501,30,-0.04788582799217647,0,0,0,1
img_000376.jpg,1782716983.5671022,30,-0.10053056481257817,0,0,0,1
img_000377.jpg,1782716983.63653,30,-0.10942946445277688,0,0,0,1
img_000378.jpg,1782716983.7273035,30,-0.07212293811449645,0,0,0,1
img_000379.jpg,1782716983.8239298,30,-0.04753489591016166,0,0,0,1
img_000380.jpg,1782716983.8860607,30,-0.03132937160162281,0,0,0,1
img_000381.jpg,1782716983.9729257,30,-0.020648609956096388,0,0,0,1
img_000382.jpg,1782716984.060066,30,-0.013609117301826696,0,0,0,1
img_000383.jpg,1782716984.1525023,30,0.0,0,0,0,1
img_000384.jpg,1782716984.216726,30,0.0,0,0,0,1
img_000385.jpg,1782716984.3032293,30,0.0,0,0,0,1
img_000386.jpg,1782716984.3995214,30,-0.04,0,0,0,1
img_000387.jpg,1782716984.4837089,30,-0.0429835776,0,0,0,1
img_000388.jpg,1782716984.551227,30,-0.028329681797193407,0,0,0,1
img_000389.jpg,1782716984.6381161,30,-0.10606330725341795,0,0,0,1
img_000390.jpg,1782716984.730629,30,-0.06990436610021232,0,0,0,1
img_000391.jpg,1782716984.805827,30,-0.04607267608765839,0,0,0,1
img_000392.jpg,1782716984.8974242,30,-0.030365649533754115,0,0,0,1
img_000393.jpg,1782716984.9938471,30,-0.08570148576536948,0,0,0,1
img_000394.jpg,1782716985.0584495,30,-0.056484265778742854,0,0,0,1
img_000395.jpg,1782716985.1428764,30,-0.03722773592628748,0,0,0,1
img_000396.jpg,1782716985.2263458,30,-0.1142495170521845,0,0,0,1
img_000397.jpg,1782716985.3250268,30,-0.09617540889958495,0,0,0,1
img_000398.jpg,1782716985.4068518,30,-0.0633874349919213,0,0,0,1
img_000399.jpg,1782716985.477534,30,-0.1633874349919213,0,0,0,1
img_000400.jpg,1782716985.5690389,30,-0.1076856395262165,0,0,0,1
img_000401.jpg,1782716985.6666605,30,-0.15114512529498964,0,0,0,1
img_000402.jpg,1782716985.7362564,30,-0.1488424153257049,0,0,0,1
img_000403.jpg,1782716985.821845,30,-0.09809928580963266,0,0,0,1
img_000404.jpg,1782716985.9221637,30,-0.06465542671624486,0,0,0,1
img_000405.jpg,1782716985.9889064,30,-0.04261319712328864,0,0,0,1
img_000406.jpg,1782716986.0758405,30,-0.02808557086843894,0,0,0,1
img_000407.jpg,1782716986.1668427,30,-0.018510680827912285,0,0,0,1
img_000408.jpg,1782716986.2468812,30,-0.01220004771552947,0,0,0,1
img_000409.jpg,1782716986.3264484,30,-0.07032612038642415,0,0,0,1
img_000410.jpg,1782716986.4220188,30,-0.06470899674894676,0,0,0,1
img_000411.jpg,1782716986.507133,30,-0.04264850414203969,0,0,0,1
img_000412.jpg,1782716986.5957828,30,-0.02810884107213704,0,0,0,1
img_000413.jpg,1782716986.6781764,30,-0.10586013378636609,0,0,0,1
img_000414.jpg,1782716986.7519588,30,-0.09016531378921083,0,0,0,1
img_000415.jpg,1782716986.8499315,30,-0.059426292351999054,0,0,0,1
img_000416.jpg,1782716986.9362514,30,-0.03916677128148406,0,0,0,1
img_000417.jpg,1782716987.0065405,30,-0.07049869479563627,0,0,0,1
img_000418.jpg,1782716987.0940063,30,-0.06483262784078248,0,0,0,1
img_000419.jpg,1782716987.1770868,30,-0.04272998711036165,0,0,0,1
img_000420.jpg,1782716987.266834,30,-0.028162544991013526,0,0,0,1
img_000421.jpg,1782716987.347052,30,-0.018561413049865732,0,0,0,1
img_000422.jpg,1782716987.4462192,30,-0.07091038000540636,0,0,0,1
img_000423.jpg,1782716987.5300121,30,-0.046735721264654057,0,0,0,1
img_000424.jpg,1782716987.6101735,30,-0.030802650358958832,0,0,0,1
img_000425.jpg,1782716987.6751492,30,-0.10833843833024213,0,0,0,1
img_000426.jpg,1782716987.7680297,30,-0.09194075371717965,0,0,0,1
img_000427.jpg,1782716987.846891,30,-0.06059645200407485,0,0,0,1
img_000428.jpg,1782716987.9332864,30,-0.06341087161669712,0,0,0,1
img_000429.jpg,1782716987.9996738,30,-0.10445496173637246,0,0,0,1
img_000430.jpg,1782716988.097288,30,-0.06884433528700609,0,0,0,1
img_000431.jpg,1782716988.1836703,30,-0.06931959713549075,0,0,0,1
img_000432.jpg,1782716988.265744,30,-0.10945610701547939,0,0,0,1
img_000433.jpg,1782716988.3526638,30,-0.07214049773530438,0,0,0,1
img_000434.jpg,1782716988.445883,30,-0.12105971728316164,0,0,0,1
img_000435.jpg,1782716988.5065653,30,-0.10105418840124733,0,0,0,1
img_000436.jpg,1782716988.5889792,30,-0.06660294841723388,0,0,0,1
img_000437.jpg,1782716988.6739287,30,-0.04389677269244155,0,0,0,1
img_000438.jpg,1782716988.7733238,30,-0.051447338923585384,0,0,0,1
img_000439.jpg,1782716988.8381383,30,-0.09432902766492268,0,0,0,1
img_000440.jpg,1782716988.9233294,30,-0.062170519235372194,0,0,0,1
img_000441.jpg,1782716989.018238,30,-0.040975440515784015,0,0,0,1
img_000442.jpg,1782716989.1020164,30,-0.02700615574893393,0,0,0,1
img_000443.jpg,1782716989.1835961,30,-0.017799258266783812,0,0,0,1
img_000444.jpg,1782716989.248953,30,-0.011731162250302069,0,0,0,1
img_000445.jpg,1782716989.345539,30,0.0,0,0,0,1
img_000446.jpg,1782716989.4291375,30,0.0,0,0,0,1
img_000447.jpg,1782716989.508342,30,-0.06,0,0,0,1
img_000448.jpg,1782716989.5804627,30,-0.10156800000000002,0,0,0,1
img_000449.jpg,1782716989.6739347,30,-0.06694159214837761,0,0,0,1
img_000450.jpg,1782716989.757909,30,-0.06795648534628901,0,0,0,1
img_000451.jpg,1782716989.8436184,30,-0.10830236919709903,0,0,0,1
img_000452.jpg,1782716989.9258866,30,-0.0713800904565928,0,0,0,1
img_000453.jpg,1782716990.0009801,30,-0.04704529874428497,0,0,0,1
img_000454.jpg,1782716990.0833266,30,-0.0677811295885898,0,0,0,1
img_000455.jpg,1782716990.1658638,30,-0.04467329013346436,0,0,0,1
img_000456.jpg,1782716990.2529929,30,-0.06864255494744712,0,0,0,1
img_000457.jpg,1782716990.3524065,30,-0.04524103967110315,0,0,0,1
img_000458.jpg,1782716990.4372044,30,-0.09829201597762172,0,0,0,1
img_000459.jpg,1782716990.5159228,30,-0.10768633333758232,0,0,0,1
img_000460.jpg,1782716990.6100774,30,-0.07097407260395672,0,0,0,1
img_000461.jpg,1782716990.6740599,30,-0.11085645505198896,0,0,0,1
img_000462.jpg,1782716990.7541933,30,-0.07306344125221723,0,0,0,1
img_000463.jpg,1782716990.8360293,30,-0.04815476415074505,0,0,0,1
img_000464.jpg,1782716990.931299,30,-0.03173791530580981,0,0,0,1
img_000465.jpg,1782716990.9967868,30,-0.02091787356294573,0,0,0,1
img_000466.jpg,1782716991.0782628,30,-0.07290488818367728,0,0,0,1
img_000467.jpg,1782716991.1659296,30,-0.04805026475282371,0,0,0,1
img_000468.jpg,1782716991.2614794,30,-0.03166904168345433,0,0,0,1
img_000469.jpg,1782716991.3420982,30,-0.08680467688087576,0,0,0,1
img_000470.jpg,1782716991.4225805,30,-0.0987412802310154,0,0,0,1
img_000471.jpg,1782716991.5220766,30,-0.0650785533773757,0,0,0,1
img_000472.jpg,1782716991.607159,30,-0.04289207208761328,0,0,0,1
img_000473.jpg,1782716991.6887345,30,-0.028269372204708373,0,0,0,1
img_000474.jpg,1782716991.7704403,30,-0.018631820892586942,0,0,0,1
img_000475.jpg,1782716991.8669071,30,-0.0665539732034856,0,0,0,1
img_000476.jpg,1782716991.9531205,30,-0.04386449403396528,0,0,0,1
img_000477.jpg,1782716992.0178647,30,-0.05142421471989472,0,0,0,1
img_000478.jpg,1782716992.1001797,30,-0.12091027754230317,0,0,0,1
img_000479.jpg,1782716992.19552,30,-0.07968972989311596,0,0,0,1
img_000480.jpg,1782716992.2802038,30,-0.15331455150166667,0,0,0,1
img_000481.jpg,1782716992.3578246,30,-0.10104678813244337,0,0,0,1
img_000482.jpg,1782716992.452213,30,-0.09238920764869399,0,0,0,1
img_000483.jpg,1782716992.5351741,30,-0.08051483713950254,0,0,0,1
img_000484.jpg,1782716992.6120412,30,-0.05306584150210328,0,0,0,1
img_000485.jpg,1782716992.672148,30,-0.03497471564709601,0,0,0,1
img_000486.jpg,1782716992.7658682,30,-0.023051188862174922,0,0,0,1
img_000487.jpg,1782716992.8498752,30,-0.07471052625294487,0,0,0,1
img_000488.jpg,1782716992.928995,30,-0.0492403274418645,0,0,0,1
img_000489.jpg,1782716993.0100067,30,-0.03245339001325082,0,0,0,1
img_000490.jpg,1782716993.11058,30,-0.0826685493072155,0,0,0,1
img_000491.jpg,1782716993.1916862,30,-0.0544853133981339,0,0,0,1
img_000492.jpg,1782716993.2736259,30,-0.03591026334647147,0,0,0,1
img_000493.jpg,1782716993.3619297,30,-0.05911041114473718,0,0,0,1
img_000494.jpg,1782716993.4551678,30,-0.03895857981425165,0,0,0,1
img_000495.jpg,1782716993.5126307,30,-0.11584189342911154,0,0,0,1
img_000496.jpg,1782716993.588972,30,-0.09731617612568579,0,0,0,1
img_000497.jpg,1782716993.6744452,30,-0.06413929359291648,0,0,0,1
img_000498.jpg,1782716993.7634666,30,-0.13900815010548317,0,0,0,1
img_000499.jpg,1782716993.8431768,30,-0.11391231931819143,0,0,0,1
img_000500.jpg,1782716993.9292097,30,-0.0750775049274784,0,0,0,1
img_000501.jpg,1782716994.0240932,30,-0.09526195215696831,0,0,0,1
img_000502.jpg,1782716994.0921504,30,-0.0627853925306202,0,0,0,1
img_000503.jpg,1782716994.172215,30,-0.041380692143791066,0,0,0,1
img_000504.jpg,1782716994.2634788,30,-0.0272732496092001,0,0,0,1
img_000505.jpg,1782716994.356035,30,-0.017975294895045412,0,0,0,1
img_000506.jpg,1782716994.4387946,30,-0.011847184739395717,0,0,0,1
img_000507.jpg,1782716994.520747,30,0.0,0,0,0,1
img_000508.jpg,1782716994.611638,30,-0.050784,0,0,0,1
img_000509.jpg,1782716994.7020829,30,-0.033470796074188805,0,0,0,1
img_000510.jpg,1782716994.7621913,30,-0.022059983259292943,0,0,0,1
img_000511.jpg,1782716994.843523,30,-0.07387156983066556,0,0,0,1
img_000512.jpg,1782716994.9415412,30,-0.04868738676517024,0,0,0,1
img_000513.jpg,1782716995.0323868,30,-0.1012090041580401,0,0,0,1
img_000514.jpg,1782716995.1107578,30,-0.06670498462203621,0,0,0,1
img_000515.jpg,1782716995.1905386,30,-0.043964022869724215,0,0,0,1
img_000516.jpg,1782716995.2816033,30,-0.1140469010401463,0,0,0,1
img_000517.jpg,1782716995.3639152,30,-0.0751662052537793,0,0,0,1
img_000518.jpg,1782716995.4269748,30,-0.04954065705182471,0,0,0,1
img_000519.jpg,1782716995.5076606,30,-0.03265133171004546,0,0,0,1
img_000520.jpg,1782716995.6011055,30,-0.021519889437965227,0,0,0,1
img_000521.jpg,1782716995.6806436,30,-0.014183361509869716,0,0,0,1
img_000522.jpg,1782716995.767183,30,0.0,0,0,0,1
img_000523.jpg,1782716995.8517003,30,0.0,0,0,0,1
img_000524.jpg,1782716995.9452298,30,-0.08,0,0,0,1
img_000525.jpg,1782716996.019079,30,-0.05272652185600001,0,0,0,1
img_000526.jpg,1782716996.0827713,30,-0.03475107633789058,0,0,0,1
img_000527.jpg,1782716996.1762612,30,-0.022903792325616408,0,0,0,1
img_000528.jpg,1782716996.260278,30,-0.015095466333023737,0,0,0,1
img_000529.jpg,1782716996.3388276,30,0.0,0,0,0,1
img_000530.jpg,1782716996.4191484,30,0.0,0,0,0,1
img_000531.jpg,1782716996.518119,30,0.0,0,0,0,1
img_000532.jpg,1782716996.5996811,30,-0.08,0,0,0,1
img_000533.jpg,1782716996.6820517,30,-0.05272652185600001,0,0,0,1
img_000534.jpg,1782716996.7551153,30,-0.03475107633789058,0,0,0,1
img_000535.jpg,1782716996.850441,30,-0.022903792325616408,0,0,0,1
img_000536.jpg,1782716996.9330873,30,-0.015095466333023737,0,0,0,1
img_000537.jpg,1782716997.015072,30,0.0,0,0,0,1
img_000538.jpg,1782716997.1152592,30,0.0,0,0,0,1
img_000539.jpg,1782716997.198927,30,0.0,0,0,0,1
img_000540.jpg,1782716997.2769787,30,0.0,0,0,0,1
img_000541.jpg,1782716997.340953,30,0.0,0,0,0,1
img_000542.jpg,1782716997.4420054,30,0.0,0,0,0,1
img_000543.jpg,1782716997.5300996,30,0.0,0,0,0,1
img_000544.jpg,1782716997.610852,30,0.0,0,0,0,1
img_000545.jpg,1782716997.6941257,30,0.0,0,0,0,1
img_000546.jpg,1782716997.7902284,30,0.0,0,0,0,1
img_000547.jpg,1782716997.8744082,30,0.0,0,0,0,1
img_000548.jpg,1782716997.9362578,30,0.0,0,0,0,1
img_000549.jpg,1782716998.027977,30,0.0,0,0,0,1
img_000550.jpg,1782716998.1107223,30,0.0,0,0,0,1
img_000551.jpg,1782716998.1876154,30,0.0,0,0,0,1
img_000552.jpg,1782716998.254423,30,0.0,0,0,0,1
img_000553.jpg,1782716998.3500762,30,0.0,0,0,0,1
img_000554.jpg,1782716998.432597,30,0.0,0,0,0,1
img_000555.jpg,1782717000.666617,30,0.0,0,0,1,0
img_000556.jpg,1782717000.7512388,30,0.0,0,0,1,0
img_000557.jpg,1782717000.8619318,30,0.0,0,0,1,0
img_000558.jpg,1782717000.924088,30,0.0,0,0,1,0
img_000559.jpg,1782717001.0007436,30,0.0,0,0,1,0
img_000560.jpg,1782717001.0854795,30,0.0,0,0,1,0
img_000561.jpg,1782717001.178411,30,0.0,0,0,1,0
img_000562.jpg,1782717001.247107,30,0.0,0,0,1,0
img_000563.jpg,1782717001.3320997,30,0.0,0,0,1,0
img_000564.jpg,1782717001.413147,30,0.0,0,0,1,0
img_000565.jpg,1782717001.503566,30,0.0,0,0,1,0
img_000566.jpg,1782717001.5879068,30,0.0,0,0,1,0
img_000567.jpg,1782717001.6690607,30,-0.050784,0,0,1,0
img_000568.jpg,1782717001.7535381,30,-0.033470796074188805,0,0,1,0
img_000569.jpg,1782717001.8458524,30,-0.022059983259292943,0,0,1,0
img_000570.jpg,1782717001.906906,30,-0.014539327368301295,0,0,1,0
img_000571.jpg,1782717001.9917698,30,0.0,0,0,1,0
img_000572.jpg,1782717002.0852873,30,0.0,0,0,1,0
img_000573.jpg,1782717002.1679776,30,0.0,0,0,1,0
img_000574.jpg,1782717002.2483284,30,0.0,0,0,1,0
img_000575.jpg,1782717002.316218,30,0.0,0,0,1,0
img_000576.jpg,1782717002.4087539,30,0.0,0,0,1,0
img_000577.jpg,1782717002.4962761,30,0.0,0,0,1,0
img_000578.jpg,1782717002.5766237,30,0.0,0,0,1,0
img_000579.jpg,1782717002.6569645,30,0.0,0,0,1,0
img_000580.jpg,1782717002.7491806,30,0.0,0,0,1,0
img_000581.jpg,1782717002.8262312,30,0.0,0,0,1,0
img_000582.jpg,1782717002.9067585,30,0.0,0,0,1,0
img_000583.jpg,1782717002.9729795,30,0.0,0,0,1,0
img_000584.jpg,1782717003.0637267,30,0.0,0,0,1,0
img_000585.jpg,1782717003.1436758,30,0.0,0,0,1,0
img_000586.jpg,1782717003.228127,30,0.0,0,0,1,0
img_000587.jpg,1782717003.3184865,30,0.0,0,0,1,0
img_000588.jpg,1782717003.3965688,30,0.0,0,0,1,0
img_000589.jpg,1782717003.4773366,30,0.0,0,0,1,0
img_000590.jpg,1782717003.5663025,30,0.0,0,0,1,0
img_000591.jpg,1782717003.6568284,30,0.0,0,0,1,0
img_000592.jpg,1782717003.7315702,30,0.0,0,0,1,0
img_000593.jpg,1782717003.7966042,30,0.0,0,0,1,0
img_000594.jpg,1782717003.8916094,30,0.0,0,0,1,0
img_000595.jpg,1782717003.987561,30,0.04,0,0,1,0
img_000596.jpg,1782717004.0688179,30,0.0429835776,0,0,1,0
img_000597.jpg,1782717004.149785,30,0.028329681797193407,0,0,1,0
img_000598.jpg,1782717004.2447255,30,0.01867156983066555,0,0,1,0
img_000599.jpg,1782717004.313664,30,0.012306086684530218,0,0,1,0
img_000600.jpg,1782717004.3951783,30,0.0,0,0,1,0
img_000601.jpg,1782717004.4818869,30,0.06,0,0,1,0
img_000602.jpg,1782717004.5709233,30,0.16,0,0,1,0
img_000603.jpg,1782717004.6459956,30,0.12895073280000002,0,0,1,0
img_000604.jpg,1782717004.7288473,30,0.08498904539158024,0,0,1,0
img_000605.jpg,1782717004.79434,30,0.18498904539158023,0,0,1,0
img_000606.jpg,1782717004.9100642,30,0.2073587280194335,0,0,1,0
img_000607.jpg,1782717004.971179,30,0.1366663063118628,0,0,1,0
img_000608.jpg,1782717005.0552506,30,0.17567436166236064,0,0,1,0
img_000609.jpg,1782717005.157674,30,0.1679430373341403,0,0,1,0
img_000610.jpg,1782717005.2390628,30,0.26794303733414027,0,0,1,0
img_000611.jpg,1782717005.3228455,30,0.2397915478556471,0,0,1,0
img_000612.jpg,1782717005.4078796,30,0.1580421786111856,0,0,1,0
img_000613.jpg,1782717005.5059094,30,0.25804217861118556,0,0,1,0
img_000614.jpg,1782717005.5867248,30,0.35804217861118565,0,0,1,0
img_000615.jpg,1782717005.6682363,30,0.45804217861118574,0,0,1,0
img_000616.jpg,1782717005.7526128,30,0.3424660513401161,0,0,1,0
img_000617.jpg,1782717005.8466141,30,0.34986326585427435,0,0,1,0
img_000618.jpg,1782717005.9332135,30,0.44986326585427444,0,0,1,0
img_000619.jpg,1782717006.0164478,30,0.5498632658542745,0,0,1,0
img_000620.jpg,1782717006.1323419,30,0.45931944676153336,0,0,1,0
img_000621.jpg,1782717006.215873,30,0.3027289606069728,0,0,1,0
img_000622.jpg,1782717006.2966263,30,0.4027289606069729,0,0,1,0
img_000623.jpg,1782717006.3863099,30,0.26543121679359655,0,0,1,0
img_000624.jpg,1782717006.477774,30,0.28466098189410016,0,0,1,0
img_000625.jpg,1782717006.5361812,30,0.29172105507516644,0,0,1,0
img_000626.jpg,1782717006.622216,30,0.19226795732845184,0,0,1,0
img_000627.jpg,1782717006.71823,30,0.12672025817858865,0,0,1,0
img_000628.jpg,1782717006.8050177,30,0.07078150084852333,0,0,1,0
img_000629.jpg,1782717006.8850107,30,0.0,0,0,1,0
img_000630.jpg,1782717006.966953,30,0.0,0,0,1,0
img_000631.jpg,1782717007.0651755,30,0.0,0,0,1,0
img_000632.jpg,1782717007.146419,30,0.0,0,0,1,0
img_000633.jpg,1782717007.2293777,30,0.0,0,0,1,0
img_000634.jpg,1782717007.3189218,30,-0.02,0,0,1,0
img_000635.jpg,1782717007.415883,30,-0.12000000000000001,0,0,1,0
img_000636.jpg,1782717007.473585,30,-0.15235200000000002,0,0,1,0
img_000637.jpg,1782717007.553408,30,-0.10041238822256643,0,0,1,0
img_000638.jpg,1782717007.6338606,30,-0.14498904539158025,0,0,1,0
img_000639.jpg,1782717007.727711,30,-0.11819699059564855,0,0,1,0
img_000640.jpg,1782717007.8103938,30,-0.16004193284015694,0,0,1,0
img_000641.jpg,1782717007.8928275,30,-0.15577025259943614,0,0,1,0
img_000642.jpg,1782717007.9898067,30,-0.10266529535248516,0,0,1,0
img_000643.jpg,1782717008.0751019,30,-0.06766479924069381,0,0,1,0
img_000644.jpg,1782717008.1590984,30,-0.04459661895057869,0,0,1,0
img_000645.jpg,1782717008.2406032,30,-0.0293928075475174,0,0,1,0
img_000646.jpg,1782717008.3359902,30,-0.019372256369542228,0,0,1,0
img_000647.jpg,1782717008.4201674,30,-0.012767896235858797,0,0,1,0
img_000648.jpg,1782717008.499107,30,0.0,0,0,1,0
img_000649.jpg,1782717008.595152,30,-0.06,0,0,1,0
img_000650.jpg,1782717008.6762505,30,-0.05731143680000001,0,0,1,0
img_000651.jpg,1782717008.7635837,30,-0.03777290906292455,0,0,0,1
img_000652.jpg,1782717008.846099,30,-0.024895426440887398,0,0,0,1
img_000653.jpg,1782717008.965255,30,-0.0810714889395671,0,0,0,1
img_000654.jpg,1782717009.0498998,30,-0.07240690313302374,0,0,0,1
img_000655.jpg,1782717009.1258087,30,-0.04772205200710814,0,0,0,1
img_000656.jpg,1782717009.2257776,30,-0.1175042878465395,0,0,0,1
img_000657.jpg,1782717009.3076904,30,-0.07744490501642852,0,0,0,1
img_000658.jpg,1782717009.3959572,30,-0.05104250596230705,0,0,0,1
img_000659.jpg,1782717009.4956424,30,-0.05656649193215481,0,0,0,1
img_000660.jpg,1782717009.5762734,30,-0.12564117257758242,0,0,0,1
img_000661.jpg,1782717009.6862254,30,-0.08280777539906711,0,0,0,1
img_000662.jpg,1782717009.771123,30,-0.054577074742820655,0,0,0,1
img_000663.jpg,1782717009.8965857,30,-0.03597074155329849,0,0,0,1
img_000664.jpg,1782717009.9793208,30,-0.05915750479865491,0,0,0,1
img_000665.jpg,1782717010.0909953,30,-0.038989618371408796,0,0,0,1
img_000666.jpg,1782717010.1901462,30,-0.025697337065214813,0,0,0,1
img_000667.jpg,1782717010.295946,30,-0.0169366400551256,0,0,0,1
img_000668.jpg,1782717010.3863506,30,-0.011162626525422315,0,0,0,1
img_000669.jpg,1782717010.512327,30,-0.09026961640338854,0,0,0,1
img_000670.jpg,1782717010.5982223,30,-0.05949503627782504,0,0,0,1
img_000671.jpg,1782717010.7115602,30,-0.0392120791328282,0,0,0,1
img_000672.jpg,1782717010.8365557,30,-0.0883891037780258,0,0,0,1
img_000673.jpg,1782717010.9261537,30,-0.05825562515230413,0,0,0,1
img_000674.jpg,1782717011.035858,30,-0.08536295623859741,0,0,0,1
img_000675.jpg,1782717011.173989,30,-0.09761862966752095,0,0,0,1
img_000676.jpg,1782717011.2916744,30,-0.06433863513396644,0,0,0,1
img_000677.jpg,1782717011.3763623,30,-0.06301974526598222,0,0,0,1
img_000678.jpg,1782717011.5054886,30,-0.11333991239312736,0,0,0,1
img_000679.jpg,1782717011.616139,30,-0.09552377452545321,0,0,0,1
img_000680.jpg,1782717011.7051842,30,-0.06295795481604909,0,0,0,1
img_000681.jpg,1782717011.8283157,30,-0.04149442475771842,0,0,0,1
img_000682.jpg,1782717011.9162574,30,-0.02734820867362485,0,0,0,1
img_000683.jpg,1782717012.0363364,30,-0.018024699029404127,0,0,0,1
img_000684.jpg,1782717012.1595354,30,-0.011879746091521239,0,0,0,1
img_000685.jpg,1782717012.2553146,30,-0.0403981357245145,0,0,0,1
img_000686.jpg,1782717012.3868484,30,-0.026625664827753363,0,0,0,1
img_000687.jpg,1782717012.501086,30,-0.07773596271021045,0,0,0,1
img_000688.jpg,1782717012.5959973,30,-0.05123433671046391,0,0,0,1
img_000689.jpg,1782717012.726175,30,-0.1271355897736268,0,0,0,1
img_000690.jpg,1782717012.849637,30,-0.0837927181609323,0,0,0,1
img_000691.jpg,1782717012.9901257,30,-0.1261221566514131,0,0,0,1
img_000692.jpg,1782717013.115976,30,-0.08312478311508237,0,0,0,1
img_000693.jpg,1782717013.2463384,30,-0.05478600867115814,0,0,0,1
img_000694.jpg,1782717013.4467416,30,-0.036108446045035325,0,0,0,1
img_000695.jpg,1782717013.656049,30,-0.0237984096197469,0,0,0,1
img_000696.jpg,1782717013.846692,30,-0.05853153598998148,0,0,0,1
img_000697.jpg,1782717014.0524611,30,-0.03857705389551263,0,0,0,1
img_000698.jpg,1782717014.2459235,30,-0.025425423442022966,0,0,0,1
img_000699.jpg,1782717014.4463537,30,-0.016757426810173486,0,0,0,1
img_000700.jpg,1782717014.6551695,30,-0.04690480716796038,0,0,0,1
img_000701.jpg,1782717014.8063643,30,-0.03091409175366161,0,0,0,1
img_000702.jpg,1782717015.0237217,30,-0.04214663769711723,0,0,0,1
img_000703.jpg,1782717015.2153535,30,-0.027778070171174573,0,0,0,1
img_000704.jpg,1782717015.4158168,30,-0.03830001391301546,0,0,0,1
img_000705.jpg,1782717015.5862303,30,-0.02524283150837143,0,0,0,1
img_000706.jpg,1782717015.7762818,30,-0.05080380998159074,0,0,0,1
img_000707.jpg,1782717015.9802294,30,-0.07341631718694494,0,0,0,1
img_000708.jpg,1782717016.1660597,30,-0.06952293278185437,0,0,0,1
img_000709.jpg,1782717016.3664865,30,-0.08799267348203663,0,0,0,1
img_000710.jpg,1782717016.5758047,30,-0.07996533181410974,0,0,0,1
img_000711.jpg,1782717016.7725961,30,-0.07421460075569226,0,0,0,1
img_000712.jpg,1782717016.9788253,30,-0.07009481751058862,0,0,0,1
img_000713.jpg,1782717017.1911595,30,-0.06714343379707041,0,0,0,1
img_000714.jpg,1782717017.3867311,30,-0.06502908328244732,0,0,0,1
img_000715.jpg,1782717017.5959818,30,-0.06351437745879895,0,0,0,1
img_000716.jpg,1782717017.7962759,30,-0.062429252870266266,0,0,0,1
img_000717.jpg,1782717018.0068235,30,-0.06165187725431855,0,0,0,1
img_000718.jpg,1782717018.2166843,30,-0.08186357699541082,0,0,0,1
img_000719.jpg,1782717018.4214673,30,-0.09760218504340247,0,0,0,1
img_000720.jpg,1782717018.6361725,30,-0.08549527824571083,0,0,0,1
img_000721.jpg,1782717018.857696,30,-0.09772166722659609,0,0,0,1
img_000722.jpg,1782717019.065102,30,-0.08433497364059618,0,0,0,1
img_000723.jpg,1782717019.2863984,30,-0.08041698139790869,0,0,0,1
img_000724.jpg,1782717019.5061452,30,-0.09819349841077474,0,0,0,1
img_000725.jpg,1782717019.7162488,30,-0.09034513097925023,0,0,0,1
img_000726.jpg,1782717019.9352913,30,-0.0847226158038128,0,0,0,1
img_000727.jpg,1782717020.1558564,30,-0.1015462442550394,0,0,0,1
img_000728.jpg,1782717020.3752477,30,-0.0870748736987507,0,0,0,1
img_000729.jpg,1782717020.5773742,30,-0.05738944038982023,0,0,0,1
img_000730.jpg,1782717020.8051372,30,-0.03782431978771833,0,0,0,1
img_000731.jpg,1782717021.0212357,30,-0.0872145042683248,0,0,0,1
img_000732.jpg,1782717021.2291596,30,-0.08247985686771786,0,0,0,1
img_000733.jpg,1782717021.446318,30,-0.07341584800184074,0,0,0,1
img_000734.jpg,1782717021.6608663,30,-0.04838702892807288,0,0,0,1
img_000735.jpg,1782717021.8637507,30,-0.031890996729036745,0,0,0,1
img_000736.jpg,1782717022.0761917,30,-0.02101876670053976,0,0,0,1
img_000737.jpg,1782717022.277328,30,-0.013853080772777186,0,0,0,1
img_000738.jpg,1782717022.4865036,30,0.0,0,0,0,1
img_000739.jpg,1782717022.7113802,30,0.0,0,0,0,1
img_000740.jpg,1782717022.9166486,30,0.0,0,0,0,1
img_000741.jpg,1782717023.1409826,30,-0.02,0,0,0,1
img_000742.jpg,1782717023.3579621,30,-0.046721280000000004,0,0,0,1
img_000743.jpg,1782717023.5837965,30,-0.0307931323882537,0,0,0,1
img_000744.jpg,1782717023.7962227,30,-0.02029518459854951,0,0,0,1
img_000745.jpg,1782717024.0229344,30,-0.013376181178837192,0,0,0,1
img_000746.jpg,1782717024.2481089,30,0.0,0,0,0,1
img_000747.jpg,1782717024.4560268,30,0.0,0,0,0,1
img_000748.jpg,1782717024.6798558,30,0.0,0,0,0,1
img_000749.jpg,1782717024.9166067,30,0.0,0,0,0,1
img_000750.jpg,1782717025.1460586,30,0.0,0,0,0,1
img_000751.jpg,1782717025.3658168,30,0.0,0,0,0,1
img_000752.jpg,1782717025.5951905,30,-0.014327859200000003,0,0,0,1
img_000753.jpg,1782717025.816875,30,0.0,0,0,0,1
img_000754.jpg,1782717026.0396104,30,0.0,0,0,0,1
img_000755.jpg,1782717026.266635,30,0.0,0,0,0,1
img_000756.jpg,1782717026.4967656,30,0.0,0,0,0,1
img_000757.jpg,1782717026.7253733,30,0.0,0,0,0,1
img_000758.jpg,1782717026.9438782,30,0.0,0,0,0,1
img_000759.jpg,1782717027.1763175,30,-0.0368,0,0,0,1
img_000760.jpg,1782717027.4062514,30,-0.024254200053760007,0,0,0,1
img_000761.jpg,1782717027.6273746,30,-0.0357755381689453,0,0,0,1
img_000762.jpg,1782717027.8557591,30,-0.023578996189688214,0,0,0,1
img_000763.jpg,1782717028.0911336,30,-0.015540480724226705,0,0,0,1
img_000764.jpg,1782717056.6503499,30,0.0,0,0,0,1
img_000765.jpg,1782717056.7615497,30,0.0,0,0,0,1
img_000766.jpg,1782717056.8162968,30,0.0,0,0,0,1
img_000767.jpg,1782717056.8905733,30,0.0,0,0,0,1
img_000768.jpg,1782717056.9712322,30,0.0,0,0,0,1
img_000769.jpg,1782717057.0504594,30,0.0,0,0,0,1
img_000770.jpg,1782717057.135056,30,-0.0736,0,0,0,1
img_000771.jpg,1782717057.2167346,30,-0.048508400107520014,0,0,0,1
img_000772.jpg,1782717057.3112547,30,-0.031970990230859336,0,0,0,1
img_000773.jpg,1782717057.393123,30,-0.021071488939567097,0,0,0,1
img_000774.jpg,1782717057.4732368,30,-0.013887829026381839,0,0,0,1
img_000775.jpg,1782717057.5554423,30,0.0,0,0,0,1
img_000776.jpg,1782717057.649229,30,0.0,0,0,0,1
img_000777.jpg,1782717057.7242754,30,0.0,0,0,0,1
img_000778.jpg,1782717057.8022609,30,0.0,0,0,0,1
img_000779.jpg,1782717057.8689358,30,0.0,0,0,0,1
img_000780.jpg,1782717057.963316,30,0.0,0,0,0,1
img_000781.jpg,1782717058.0442252,30,0.0,0,0,0,1
img_000782.jpg,1782717058.123265,30,0.0,0,0,0,1
img_000783.jpg,1782717058.2173738,30,0.0,0,0,0,1
img_000784.jpg,1782717058.2991781,30,0.0,0,0,0,1
img_000785.jpg,1782717058.3817198,30,0.0,0,0,0,1
img_000786.jpg,1782717058.4636452,30,0.0,0,0,0,1
img_000787.jpg,1782717058.5578158,30,0.0,0,0,0,1
img_000788.jpg,1782717058.639046,30,0.0,0,0,0,1
img_000789.jpg,1782717058.7167013,30,0.0,0,0,0,1
img_000790.jpg,1782717058.7842083,30,0.0,0,0,0,1
img_000791.jpg,1782717058.893575,30,0.0,0,0,0,1
img_000792.jpg,1782717058.9536612,30,0.0,0,0,0,1
img_000793.jpg,1782717059.0389256,30,0.0,0,0,0,1
img_000794.jpg,1782717059.144062,30,0.0,0,0,0,1
img_000795.jpg,1782717059.2240407,30,0.0,0,0,0,1
img_000796.jpg,1782717059.287393,30,0.0,0,0,0,1
img_000797.jpg,1782717059.3773656,30,0.0,0,0,0,1
img_000798.jpg,1782717059.4690206,30,0.0,0,0,0,1
img_000799.jpg,1782717059.5519872,30,0.0,0,0,0,1
img_000800.jpg,1782717059.632613,30,0.0,0,0,0,1
img_000801.jpg,1782717059.7143855,30,0.0,0,0,0,1
img_000802.jpg,1782717059.8017104,30,0.0,0,0,0,1
img_000803.jpg,1782717059.8930547,30,0.0,0,0,0,1
img_000804.jpg,1782717059.9735909,30,0.0,0,0,0,1
img_000805.jpg,1782717060.051969,30,0.0,0,0,0,1
img_000806.jpg,1782717060.1441684,30,0.0,0,0,0,1
img_000807.jpg,1782717060.2188241,30,0.0,0,0,0,1
img_000808.jpg,1782717060.2772365,30,0.0,0,0,0,1
img_000809.jpg,1782717060.362888,30,0.0,0,0,0,1
img_000810.jpg,1782717060.451224,30,0.0,0,0,0,1
img_000811.jpg,1782717060.5312853,30,0.0,0,0,0,1
img_000812.jpg,1782717060.6192415,30,0.0,0,0,0,1
img_000813.jpg,1782717060.713105,30,0.0,0,0,0,1
img_000814.jpg,1782717060.7907665,30,0.0,0,0,0,1
img_000815.jpg,1782717060.872707,30,0.0,0,0,0,1
img_000816.jpg,1782717060.9526665,30,0.0,0,0,0,1
img_000817.jpg,1782717061.0497773,30,0.0,0,0,0,1
img_000818.jpg,1782717061.1350951,30,0.0,0,0,0,1
img_000819.jpg,1782717061.2168236,30,0.0,0,0,0,1
img_000820.jpg,1782717061.2962928,30,0.0,0,0,0,1
img_000821.jpg,1782717061.391682,30,0.0,0,0,0,1
img_000822.jpg,1782717061.4674218,30,0.0,0,0,0,1
img_000823.jpg,1782717061.5454803,30,0.0,0,0,0,1
img_000824.jpg,1782717061.6326156,30,0.0,0,0,0,1
img_000825.jpg,1782717061.698715,30,0.0,0,0,0,1
img_000826.jpg,1782717061.7844915,30,0.0,0,0,0,1
img_000827.jpg,1782717061.864451,30,0.0,0,0,0,1
img_000828.jpg,1782717061.9579349,30,0.0,0,0,0,1
img_000829.jpg,1782717062.0260174,30,0.0,0,0,0,1
img_000830.jpg,1782717062.1087391,30,0.0,0,0,0,1
img_000831.jpg,1782717062.218101,30,0.0,0,0,0,1
img_000832.jpg,1782717062.313328,30,0.0,0,0,0,1
img_000833.jpg,1782717062.3730757,30,0.0,0,0,0,1
img_000834.jpg,1782717062.454212,30,0.0,0,0,0,1
img_000835.jpg,1782717062.5452724,30,0.0,0,0,0,1
img_000836.jpg,1782717062.6318698,30,0.0,0,0,0,1
img_000837.jpg,1782717062.7119923,30,0.0,0,0,0,1
img_000838.jpg,1782717062.798785,30,0.0,0,0,0,1
img_000839.jpg,1782717062.8951006,30,0.0,0,0,0,1
img_000840.jpg,1782717062.9766731,30,0.0,0,0,0,1
img_000841.jpg,1782717063.0565708,30,0.0,0,0,0,1
img_000842.jpg,1782717063.1358588,30,0.0,0,0,0,1
img_000843.jpg,1782717063.232933,30,0.0,0,0,0,1
img_000844.jpg,1782717063.315943,30,0.0,0,0,0,1
img_000845.jpg,1782717063.3979437,30,0.0,0,0,0,1
img_000846.jpg,1782717063.4879487,30,0.0,0,0,0,1
img_000847.jpg,1782717063.5681794,30,-0.04,0,0,0,1
img_000848.jpg,1782717063.644066,30,-0.06229504000000001,0,0,0,1
img_000849.jpg,1782717063.7037747,30,-0.04105750985100494,0,0,0,1
img_000850.jpg,1782717063.7961855,30,-0.027060246131399342,0,0,0,1
img_000851.jpg,1782717063.877445,30,-0.017834908238449593,0,0,0,1
img_000852.jpg,1782717063.9536686,30,-0.01175465848792959,0,0,0,1
img_000853.jpg,1782717064.0340762,30,0.0,0,0,0,1
img_000854.jpg,1782717064.127797,30,0.0,0,0,0,1
img_000855.jpg,1782717064.209401,30,0.0,0,0,0,1
img_000856.jpg,1782717064.2877824,30,0.0,0,0,0,1
img_000857.jpg,1782717064.3501902,30,0.0,0,0,0,1
img_000858.jpg,1782717064.4430788,30,-0.02,0,0,0,1
img_000859.jpg,1782717064.5297663,30,-0.09200000000000001,0,0,0,1
img_000860.jpg,1782717064.6111295,30,-0.06063550013440003,0,0,0,1
img_000861.jpg,1782717064.6943018,30,-0.039963737788574184,0,0,0,1
img_000862.jpg,1782717064.785076,30,-0.02633936117445888,0,0,0,1
img_000863.jpg,1782717064.8653998,30,-0.017359786282977303,0,0,0,1
img_000864.jpg,1782717064.9451978,30,-0.011441514385811149,0,0,0,1
img_000865.jpg,1782717065.0381095,30,0.0,0,0,0,1
img_000866.jpg,1782717065.1220098,30,0.0,0,0,0,1
img_000867.jpg,1782717065.201303,30,0.0,0,0,0,1
img_000868.jpg,1782717065.2834435,30,0.0,0,0,0,1
img_000869.jpg,1782717065.3742151,30,0.0,0,0,0,1
img_000870.jpg,1782717065.4486394,30,0.0,0,0,0,1
img_000871.jpg,1782717065.5298061,30,0.0,0,0,0,1
img_000872.jpg,1782717065.620246,30,-0.031147520000000005,0,0,0,1
img_000873.jpg,1782717065.7118149,30,-0.02052875492550247,0,0,0,1
img_000874.jpg,1782717065.7698915,30,-0.013530123065699671,0,0,0,1
img_000875.jpg,1782717065.8490207,30,-0.0860477132204437,0,0,0,1
img_000876.jpg,1782717065.942107,30,-0.056712457897206824,0,0,0,1
img_000877.jpg,1782717066.0293386,30,-0.0841613104150602,0,0,0,1
img_000878.jpg,1782717066.1069388,30,-0.12201813313530695,0,0,0,1
img_000879.jpg,1782717066.1882443,30,-0.08041989704483853,0,0,0,1
img_000880.jpg,1782717066.2837024,30,-0.053003268239899363,0,0,0,1
img_000881.jpg,1782717066.3644893,30,-0.03493347476613107,0,0,0,1
img_000882.jpg,1782717066.4459834,30,-0.023024007759530434,0,0,0,1
img_000883.jpg,1782717066.533294,30,-0.015174698104319938,0,0,0,1
img_000884.jpg,1782717066.6255813,30,-0.01000136314069534,0,0,0,1
img_000885.jpg,1782717066.7081506,30,0.0,0,0,0,1
img_000886.jpg,1782717066.7962246,30,-0.031147520000000005,0,0,0,1
img_000887.jpg,1782717066.8866444,30,-0.02052875492550247,0,0,0,1
img_000888.jpg,1782717066.9429553,30,-0.013530123065699671,0,0,0,1
img_000889.jpg,1782717067.020874,30,-0.06665189616280821,0,0,0,1
img_000890.jpg,1782717067.1021142,30,-0.04392903324715189,0,0,0,1
img_000891.jpg,1782717067.1993036,30,-0.09718153374038938,0,0,0,1
img_000892.jpg,1782717067.2812612,30,-0.08394802581361743,0,0,0,1
img_000893.jpg,1782717067.3619137,30,-0.055328592722871904,0,0,0,1
img_000894.jpg,1782717067.4493318,30,-0.07423123121018768,0,0,0,1
img_000895.jpg,1782717067.5440097,30,-0.0489244329350219,0,0,0,1
img_000896.jpg,1782717067.6050978,30,-0.03224518978051049,0,0,0,1
img_000897.jpg,1782717067.6839333,30,-0.021252208796411935,0,0,0,1
img_000898.jpg,1782717067.7777736,30,-0.01400693814490362,0,0,0,1
img_000899.jpg,1782717067.862934,30,0.0,0,0,0,1
img_000900.jpg,1782717067.941559,30,-0.02,0,0,0,1
img_000901.jpg,1782717068.0298204,30,-0.12000000000000001,0,0,0,1
img_000902.jpg,1782717068.1260133,30,-0.07908978278400002,0,0,0,1
img_000903.jpg,1782717068.207814,30,-0.1269415921483776,0,0,0,1
img_000904.jpg,1782717068.2710395,30,-0.0836648579105859,0,0,0,1
img_000905.jpg,1782717068.356141,30,-0.05514196199002053,0,0,0,1
img_000906.jpg,1782717068.4538488,30,-0.07679438409808512,0,0,0,1
img_000907.jpg,1782717068.5396233,30,-0.05061375964457181,0,0,0,1
img_000908.jpg,1782717068.6202793,30,-0.10283948616316559,0,0,0,1
img_000909.jpg,1782717068.711332,30,-0.06777960518552452,0,0,0,1
img_000910.jpg,1782717068.7868078,30,-0.044672285427570124,0,0,0,1
img_000911.jpg,1782717068.8636816,30,-0.11469850259336453,0,0,0,1
img_000912.jpg,1782717068.9258375,30,-0.07559566379799386,0,0,0,1
img_000913.jpg,1782717069.0193152,30,-0.0498237052432969,0,0,0,1
img_000914.jpg,1782717069.10127,30,-0.03283788354321995,0,0,0,1
img_000915.jpg,1782717069.1828465,30,-0.021642842304329626,0,0,0,1
img_000916.jpg,1782717069.2602253,30,-0.03550477986121193,0,0,0,1
img_000917.jpg,1782717069.3441987,30,-0.0587946660205674,0,0,0,1
img_000918.jpg,1782717069.4307973,30,-0.03875047803687085,0,0,0,1
img_000919.jpg,1782717069.5159147,30,-0.0927984046104075,0,0,0,1
img_000920.jpg,1782717069.6035576,30,-0.10340852408926902,0,0,0,1
img_000921.jpg,1782717069.6964474,30,-0.06815464756861934,0,0,0,1
img_000922.jpg,1782717069.7684207,30,-0.06315336890944004,0,0,0,1
img_000923.jpg,1782717069.8543768,30,-0.04162321857604528,0,0,0,1
img_000924.jpg,1782717069.9360888,30,-0.09522989220276473,0,0,0,1
img_000925.jpg,1782717070.029608,30,-0.08254988355561957,0,0,0,1
img_000926.jpg,1782717070.1105406,30,-0.05440710299382038,0,0,0,1
img_000927.jpg,1782717070.1937835,30,-0.12365453475431476,0,0,0,1
img_000928.jpg,1782717070.287337,30,-0.08149841911646113,0,0,0,1
img_000929.jpg,1782717070.3651223,30,-0.1289802619401727,0,0,0,1
img_000930.jpg,1782717070.4226298,30,-0.08500850750226403,0,0,0,1
img_000931.jpg,1782717070.5035782,30,-0.05602753660955082,0,0,0,1
img_000932.jpg,1782717070.5988288,30,-0.09820570698632383,0,0,0,1
img_000933.jpg,1782717070.6803176,30,-0.0647255669474792,0,0,0,1
img_000934.jpg,1782717070.763836,30,-0.1147837198643464,0,0,0,1
img_000935.jpg,1782717070.8480778,30,-0.09655810803342993,0,0,0,1
img_000936.jpg,1782717070.9376886,30,-0.11518864002833551,0,0,0,1
img_000937.jpg,1782717071.0165613,30,-0.12084353172638453,0,0,0,1
img_000938.jpg,1782717071.0979917,30,-0.07964573895909305,0,0,0,1
img_000939.jpg,1782717071.2174394,30,-0.052493034949548635,0,0,0,1
img_000940.jpg,1782717071.3001785,30,-0.09521410478129798,0,0,0,1
img_000941.jpg,1782717071.3550954,30,-0.06275385720938229,0,0,0,1
img_000942.jpg,1782717071.4360268,30,-0.04135990779623498,0,0,0,1
img_000943.jpg,1782717071.5311828,30,-0.027259551029754116,0,0,0,1
img_000944.jpg,1782717071.608734,30,-0.017966266414438475,0,0,0,1
img_000945.jpg,1782717071.6879237,30,-0.011841234234645117,0,0,0,1
img_000946.jpg,1782717071.7768629,30,-0.07002242065620363,0,0,0,1
img_000947.jpg,1782717071.8766124,30,-0.04615048366424185,0,0,0,1
img_000948.jpg,1782717071.9564302,30,-0.030416931069845242,0,0,0,1
img_000949.jpg,1782717072.0212784,30,-0.10158357658425764,0,0,0,1
img_000950.jpg,1782717072.1173363,30,-0.06695185838725638,0,0,0,1
img_000951.jpg,1782717072.2061977,30,-0.044126732806943646,0,0,0,1
img_000952.jpg,1782717072.2896402,30,-0.04593993993069547,0,0,0,1
img_000953.jpg,1782717072.3729193,30,-0.03027816558523928,0,0,0,1
img_000954.jpg,1782717072.4619348,30,-0.057433244203238816,0,0,0,1
img_000955.jpg,1782717072.536446,30,-0.037853190071788216,0,0,0,1
img_000956.jpg,1782717072.6138663,30,-0.0249483381704933,0,0,0,1
img_000957.jpg,1782717072.6758807,30,-0.01644298872271743,0,0,0,1
img_000958.jpg,1782717072.7673037,30,-0.01083727005332903,0,0,0,1
img_000959.jpg,1782717072.8486347,30,0.0,0,0,0,1
img_000960.jpg,1782717072.931951,30,-0.0736,0,0,0,1
img_000961.jpg,1782717073.0176563,30,-0.048508400107520014,0,0,0,1
img_000962.jpg,1782717073.1193345,30,-0.10105750985100495,0,0,0,1
img_000963.jpg,1782717073.2032285,30,-0.08672474781239062,0,0,0,1
img_000964.jpg,1782717073.280137,30,-0.057158678887326286,0,0,0,1
img_000965.jpg,1782717073.3791575,30,-0.10837910581023298,0,0,0,1
img_000966.jpg,1782717073.4650774,30,-0.11554102914515871,0,0,0,1
img_000967.jpg,1782717073.5257752,30,-0.07615095748108681,0,0,0,1
img_000968.jpg,1782717073.6036856,30,-0.1244541704119919,0,0,0,1
img_000969.jpg,1782717073.6968331,30,-0.12805848904977316,0,0,0,1
img_000970.jpg,1782717073.7750893,30,-0.08440098402161503,0,0,0,1
img_000971.jpg,1782717073.8592615,30,-0.05562712910854491,0,0,0,1
img_000972.jpg,1782717073.9461546,30,-0.036662812984102844,0,0,0,1
img_000973.jpg,1782717074.0357969,30,-0.024163782626359244,0,0,0,1
img_000974.jpg,1782717074.095384,30,-0.04996356756575444,0,0,0,1
img_000975.jpg,1782717074.1722128,30,-0.03293006421574356,0,0,0,1
img_000976.jpg,1782717074.2549982,30,-0.021703596882386083,0,0,0,1
img_000977.jpg,1782717074.3464952,30,-0.014304439692161795,0,0,0,1
img_000978.jpg,1782717074.4282858,30,0.0,0,0,0,1
img_000979.jpg,1782717074.5165184,30,0.0,0,0,0,1
img_000980.jpg,1782717074.612406,30,0.0,1,0,0,0
img_000981.jpg,1782717074.6671317,30,-0.02,1,0,0,0
img_000982.jpg,1782717074.7518263,30,-0.12000000000000001,1,0,0,0
img_000983.jpg,1782717074.8360143,30,-0.07908978278400002,1,0,0,0
img_000984.jpg,1782717074.9321475,30,-0.07665936359438681,1,0,0,0
img_000985.jpg,1782717075.0139172,30,-0.11566848534628903,1,0,0,0
img_000986.jpg,1782717075.077665,30,-0.07623496150826906,1,0,0,0
img_000987.jpg,1782717075.1640556,30,-0.050245054551963354,1,0,0,0
img_000988.jpg,1782717075.2585201,30,-0.07912522103895925,1,0,0,0
img_000989.jpg,1782717075.340838,30,-0.17912522103895923,1,0,0,0
img_000990.jpg,1782717075.4208913,30,-0.11805812352589397,1,0,0,0
img_000991.jpg,1782717075.507629,30,-0.10457600856476083,1,0,0,0
img_000992.jpg,1782717075.608906,30,-0.1125796029572765,1,0,0,0
img_000993.jpg,1782717075.7168179,30,-0.07419913619833303,1,0,0,0
img_000994.jpg,1782717075.799972,30,-0.1418632053024664,1,0,0,0
img_000995.jpg,1782717075.898518,30,-0.09349941743678389,1,0,0,0
img_000996.jpg,1782717075.9811182,30,-0.16601946404184117,1,0,0,0
img_000997.jpg,1782717076.066251,30,-0.13326303446254817,1,0,0,0
img_000998.jpg,1782717076.1659095,30,-0.08783120373983037,1,0,0,0
img_000999.jpg,1782717076.2552135,30,-0.15440470744064394,1,0,0,0
img_001000.jpg,1782717076.326896,30,-0.10176528976923002,1,0,0,0
img_001001.jpg,1782717076.4161713,30,-0.1736240665876916,1,0,0,0
img_001002.jpg,1782717076.516024,30,-0.11443241427079404,1,0,0,0
img_001003.jpg,1782717076.606662,30,-0.1019785759794004,1,0,0,0
img_001004.jpg,1782717076.696579,30,-0.11055701337224735,1,0,0,0
img_001005.jpg,1782717076.8052003,30,-0.09920226605850388,1,0,0,0
img_001006.jpg,1782717076.895076,30,-0.1347487979919177,1,0,0,0
img_001007.jpg,1782717076.9661427,30,-0.08881044302988222,1,0,0,0
img_001008.jpg,1782717077.0566125,30,-0.16170560758749164,1,0,0,0
img_001009.jpg,1782717077.1604495,30,-0.10657717815874547,1,0,0,0
img_001010.jpg,1782717077.2472925,30,-0.15020692359356216,1,0,0,0
img_001011.jpg,1782717077.3269842,30,-0.14811184891922374,1,0,0,0
img_001012.jpg,1782717077.4259317,30,-0.1553329194112125,1,0,0,0
img_001013.jpg,1782717077.5266156,30,-0.15210340035047826,1,0,0,0
img_001014.jpg,1782717077.6260006,30,-0.10024854078689265,1,0,0,0
img_001015.jpg,1782717077.7560601,30,-0.10920985572826387,1,0,0,0
img_001016.jpg,1782717077.87622,30,-0.12504040413733036,1,0,0,0
img_001017.jpg,1782717077.9735706,30,-0.10390592443953835,1,0,0,0
img_001018.jpg,1782717078.1065693,30,-0.12091029648997526,1,0,0,0
img_001019.jpg,1782717078.1863027,30,-0.10094714439693099,1,0,0,0
img_001020.jpg,1782717078.2826903,30,-0.09231782357806483,1,0,0,0
img_001021.jpg,1782717078.3914204,30,-0.10303430140635615,1,0,0,0
img_001022.jpg,1782717078.4862967,30,-0.14720823271033984,1,0,0,0
img_001023.jpg,1782717078.5808427,30,-0.1197868007677292,1,0,0,0
img_001024.jpg,1782717078.6858988,30,-0.13327654431622155,1,0,0,0
img_001025.jpg,1782717078.7606087,30,-0.2332765443162215,1,0,0,0
img_001026.jpg,1782717078.8560295,30,-0.33327654431622156,1,0,0,0
img_001027.jpg,1782717078.9615898,30,-0.38021442077092393,1,0,0,0
img_001028.jpg,1782717079.0539346,30,-0.25059229958430634,1,0,0,0
img_001029.jpg,1782717079.115837,30,-0.16516075451221537,1,0,0,0
img_001030.jpg,1782717079.1961515,30,-0.1997920626191391,1,0,0,0
img_001031.jpg,1782717079.2968469,30,-0.2997920626191391,1,0,0,0
img_001032.jpg,1782717079.3761997,30,-0.26459200165677227,1,0,0,0
img_001033.jpg,1782717079.4415727,30,-0.1743876994784824,1,0,0,0
img_001034.jpg,1782717079.537054,30,-0.11493571059962206,1,0,0,0
img_001035.jpg,1782717079.6222553,30,-0.14806558545152013,1,0,0,0
img_001036.jpg,1782717079.7028854,30,-0.09758729159288769,1,0,0,0
img_001037.jpg,1782717079.7862935,30,-0.06431798078800298,1,0,0,0
img_001038.jpg,1782717079.885746,30,-0.010083639823848474,1,0,0,0
img_001039.jpg,1782717079.9662318,30,0.06432305136205942,1,0,0,0
img_001040.jpg,1782717080.048152,30,0.042394134668577964,1,0,0,0
img_001041.jpg,1782717080.1158283,30,0.0279411908521123,1,0,0,0
img_001042.jpg,1782717080.2112577,30,0.018415522626832086,1,0,0,0
img_001043.jpg,1782717080.2958612,30,0.012137330703416561,1,0,0,0
img_001044.jpg,1782717080.3811584,30,0.0,1,0,0,0
img_001045.jpg,1782717080.4490075,30,0.0,1,0,0,0
img_001046.jpg,1782717080.546144,30,0.08,1,0,0,0
img_001047.jpg,1782717080.62726,30,0.07163929600000002,1,0,0,0
img_001048.jpg,1782717080.7105134,30,0.0472161363286557,1,0,0,0
img_001049.jpg,1782717080.8060405,30,0.03111928305110926,1,0,0,0
img_001050.jpg,1782717080.8739462,30,0.020510144474217038,1,0,0,0
img_001051.jpg,1782717080.95935,30,-0.06113066708372032,1,0,0,0
img_001052.jpg,1782717081.040914,30,-0.07874923689008802,1,0,0,0
img_001053.jpg,1782717081.1065187,30,-0.05190216700035685,1,0,0,0
img_001054.jpg,1782717081.193016,30,-0.03420775928397597,1,0,0,0
img_001055.jpg,1782717081.3003328,30,-0.02254570209414183,1,0,0,0
img_001056.jpg,1782717081.4080925,30,-0.014859455677820432,1,0,0,0
img_001057.jpg,1782717081.493237,30,0.0,1,0,0,0
img_001058.jpg,1782717081.5764918,30,0.0,1,0,0,0
img_001059.jpg,1782717081.6611602,30,0.0,1,0,0,0
img_001060.jpg,1782717081.7579043,30,0.0,1,0,0,0
img_001061.jpg,1782717081.8378148,30,0.0,1,0,0,0
img_001062.jpg,1782717081.9199872,30,0.0,1,0,0,0
img_001063.jpg,1782717082.0185695,30,0.0,1,0,0,0
img_001064.jpg,1782717082.099972,30,0.0,1,0,0,0
img_001065.jpg,1782717082.178537,30,0.0,1,0,0,0
img_001066.jpg,1782717082.245434,30,0.0,0,0,0,1
img_001067.jpg,1782717082.3397007,30,0.0,0,0,0,1
img_001068.jpg,1782717082.42419,30,0.0,0,0,0,1
img_001069.jpg,1782717082.5039916,30,0.0,0,0,0,1
img_001070.jpg,1782717082.588346,30,0.0,0,0,0,1
img_001071.jpg,1782717082.6825604,30,0.0,0,0,0,1
img_001072.jpg,1782717082.7665064,30,0.0,0,0,0,1
img_001073.jpg,1782717082.8488138,30,0.0,0,0,0,1
img_001074.jpg,1782717082.9123576,30,0.0,0,0,0,1
img_001075.jpg,1782717083.0084207,30,0.014327859200000003,0,0,0,1
img_001076.jpg,1782717083.0891564,30,0.0,0,0,0,1
img_001077.jpg,1782717083.1739593,30,0.0,0,0,0,1
img_001078.jpg,1782717083.2440307,30,0.06,0,0,0,1
img_001079.jpg,1782717083.3610263,30,0.05731143680000001,0,0,0,1
img_001080.jpg,1782717083.4450114,30,0.03777290906292455,0,0,0,1
img_001081.jpg,1782717083.5073345,30,0.024895426440887398,0,0,0,1
img_001082.jpg,1782717083.595981,30,0.033408668238449596,0,0,0,1
img_001083.jpg,1782717083.6829648,30,0.022019035950680825,0,0,0,1
img_001084.jpg,1782717083.7639716,30,0.01451233975377028,0,0,0,1
img_001085.jpg,1782717083.8459046,30,0.0,0,0,0,1
img_001086.jpg,1782717083.944641,30,0.04,0,0,0,1
img_001087.jpg,1782717084.0253284,30,0.06229504000000001,0,0,0,1
img_001088.jpg,1782717084.1077902,30,0.04105750985100494,0,0,0,1
img_001089.jpg,1782717084.1935017,30,0.0947510763378906,0,0,0,1
img_001090.jpg,1782717084.2818081,30,0.06244868371761642,0,0,0,1
img_001091.jpg,1782717084.3620243,30,0.04115877358644168,0,0,0,1
img_001092.jpg,1782717084.4262407,30,0.027126987188395915,0,0,0,1
img_001093.jpg,1782717084.5235357,30,0.01787889603595487,0,0,0,1
img_001094.jpg,1782717084.611355,30,0.07513269760483221,0,0,0,1
img_001095.jpg,1782717084.6921065,30,0.049518572779517815,0,0,0,1
img_001096.jpg,1782717084.7572432,30,0.032636776374214665,0,0,0,1
img_001097.jpg,1782717084.8565316,30,0.05926986612128449,0,0,0,1
img_001098.jpg,1782717084.9407313,30,0.039063673643076266,0,0,0,1
img_001099.jpg,1782717085.0231283,30,0.09306349337149976,0,0,0,1
img_001100.jpg,1782717085.1087806,30,0.10361494552646641,0,0,0,1
img_001101.jpg,1782717085.2064428,30,0.06829069612386852,0,0,0,1
img_001102.jpg,1782717085.289838,30,0.08703314558330295,0,0,0,1
img_001103.jpg,1782717085.3740973,30,0.05736193815993068,0,0,0,1
img_001104.jpg,1782717085.4720252,30,0.07852305290188012,0,0,0,1
img_001105.jpg,1782717085.5474436,30,0.05175309331288534,0,0,0,1
img_001106.jpg,1782717085.6284935,30,0.034109507570968214,0,0,0,1
img_001107.jpg,1782717085.7175827,30,0.02248094620547567,0,0,0,1
img_001108.jpg,1782717085.813684,30,0.07902787286831461,0,0,0,1
img_001109.jpg,1782717085.898052,30,0.09268557626808217,0,0,0,1
img_001110.jpg,1782717085.9660041,30,0.061087350785437367,0,0,0,1
img_001111.jpg,1782717086.0604692,30,0.16108735078543737,0,0,0,1
img_001112.jpg,1782717086.1381037,30,0.1061696965239188,0,0,0,1
img_001113.jpg,1782717086.2200017,30,0.09605922315507193,0,0,0,1
img_001114.jpg,1782717086.2869873,30,0.13208852647845287,0,0,0,1
img_001115.jpg,1782717086.3871589,30,0.08705710722866228,0,0,0,1
img_001116.jpg,1782717086.4684658,30,0.12888513555833978,0,0,0,1
img_001117.jpg,1782717086.5489488,30,0.08494581146162908,0,0,0,1
img_001118.jpg,1782717086.617643,30,0.055986214807590536,0,0,0,1
img_001119.jpg,1782717086.7379773,30,0.036899479733589174,0,0,0,1
img_001120.jpg,1782717086.8266222,30,0.02431976530810149,0,0,0,1
img_001121.jpg,1782717086.916377,30,0.10237418408345338,0,0,0,1
img_001122.jpg,1782717086.9968872,30,0.11086506865557615,0,0,0,1
img_001123.jpg,1782717087.0961215,30,0.07306911831918972,0,0,0,1
img_001124.jpg,1782717087.187202,30,0.04815850580069261,0,0,0,1
img_001125.jpg,1782717087.2805169,30,0.03174038135815652,0,0,0,1
img_001126.jpg,1782717087.383131,30,0.020919498892482694,0,0,0,1
img_001127.jpg,1782717087.4560277,30,0.05628976275358957,0,0,0,1
img_001128.jpg,1782717087.545991,30,0.15628976275358958,0,0,0,1
img_001129.jpg,1782717087.6365693,30,0.12629274495674178,0,0,0,1
img_001130.jpg,1782717087.7399209,30,0.08323721471519852,0,0,0,1
img_001131.jpg,1782717087.8066514,30,0.12565197853494403,0,0,0,1
img_001132.jpg,1782717087.8975155,30,0.08281489740590464,0,0,0,1
img_001133.jpg,1782717088.0060453,30,0.07932800948471236,0,0,0,1
img_001134.jpg,1782717088.0953903,30,0.09291928904963172,0,0,0,1
img_001135.jpg,1782717088.1659083,30,0.08656672452336127,0,0,0,1
img_001136.jpg,1782717088.257018,30,0.12405407563657297,0,0,0,1
img_001137.jpg,1782717088.3605642,30,0.10887146644534841,0,0,0,1
img_001138.jpg,1782717088.4468434,30,0.11592442446339547,0,0,0,1
img_001139.jpg,1782717088.5204363,30,0.07640364625141804,0,0,0,1
img_001140.jpg,1782717088.6251986,30,0.09335060249222424,0,0,0,1
img_001141.jpg,1782717088.7089534,30,0.06152565728221287,0,0,0,1
img_001142.jpg,1782717088.7960656,30,0.04055042391744204,0,0,0,1
img_001143.jpg,1782717088.870811,30,0.02672603516191342,0,0,0,1
img_001144.jpg,1782717088.970504,30,0.10458795234896036,0,0,0,1
img_001145.jpg,1782717089.0557735,30,0.11258890343870726,0,0,0,1
img_001146.jpg,1782717089.132045,30,0.07420526597380091,0,0,0,1
img_001147.jpg,1782717089.2331269,30,0.04890731972747384,0,0,0,1
img_001148.jpg,1782717089.3158066,30,0.032233910781612876,0,0,0,1
img_001149.jpg,1782717089.4119895,30,0.021244775016638323,0,0,0,1
img_001150.jpg,1782717089.5134926,30,0.0731815775740827,0,0,0,1
img_001151.jpg,1782717089.5824506,30,0.048232625617705395,0,0,0,1
img_001152.jpg,1782717089.6665542,30,0.11797401556828897,0,0,0,1
img_001153.jpg,1782717089.757025,30,0.07775449387876843,0,0,0,1
img_001154.jpg,1782717089.8367908,30,0.1258114036189896,0,0,0,1
img_001155.jpg,1782717089.9268005,30,0.08291997153313367,0,0,0,1
img_001156.jpg,1782717090.0177324,30,0.054651021141758384,0,0,0,1
img_001157.jpg,1782717090.089663,30,0.03601947825854553,0,0,0,1
img_001158.jpg,1782717090.1860888,30,0.023739772595511476,0,0,0,1
img_001159.jpg,1782717090.276288,30,0.12373977259551149,0,0,0,1
img_001160.jpg,1782717090.3476052,30,0.15551734352484092,0,0,0,1
img_001161.jpg,1782717090.448816,30,0.10249860765436984,0,0,0,1
img_001162.jpg,1782717090.5353084,30,0.11096195579716595,0,0,0,1
img_001163.jpg,1782717090.6062477,30,0.07313297484404721,0,0,0,1
img_001164.jpg,1782717090.693934,30,0.04820059245636192,0,0,0,1
img_001165.jpg,1782717090.7888367,30,0.03176811989528145,0,0,0,1
img_001166.jpg,1782717090.856835,30,0.06473745374501692,0,0,0,1
img_001167.jpg,1782717090.946427,30,0.13315845744541557,0,0,0,1
img_001168.jpg,1782717091.0471246,30,0.0877622789600869,0,0,0,1
img_001169.jpg,1782717091.1166139,30,0.0578424964965174,0,0,0,1
img_001170.jpg,1782717091.1963055,30,0.10415788903465234,0,0,0,1
img_001171.jpg,1782717091.287485,30,0.06864854015825525,0,0,0,1
img_001172.jpg,1782717091.3802054,30,0.04524498441295925,0,0,0,1
img_001173.jpg,1782717091.4591453,30,0.02982013324405345,0,0,0,1
img_001174.jpg,1782717091.5260043,30,0.019653898840517707,0,0,0,1
img_001175.jpg,1782717091.6296008,30,0.05530425518032506,0,0,0,1
img_001176.jpg,1782717091.72501,30,0.07421227985785697,0,0,0,1
img_001177.jpg,1782717091.805836,30,0.048911942448861066,0,0,0,1
img_001178.jpg,1782717091.8762188,30,0.032236957531866096,0,0,0,1
img_001179.jpg,1782717091.9741173,30,0.021246783073436023,0,0,0,1
img_001180.jpg,1782717092.0460443,30,0.014003362151140194,0,0,0,1
img_001181.jpg,1782717092.12695,30,0.0,0,0,0,1
img_001182.jpg,1782717092.1872265,30,0.0,0,0,0,1
img_001183.jpg,1782717092.2774181,30,-0.06,0,0,0,1
img_001184.jpg,1782717092.3641298,30,-0.05731143680000001,0,0,0,1
img_001185.jpg,1782717092.4497316,30,-0.03777290906292455,0,0,0,1
img_001186.jpg,1782717092.5452113,30,-0.024895426440887398,0,0,0,1
img_001187.jpg,1782717092.6267343,30,-0.016408115579373626,0,0,0,1
img_001188.jpg,1782717092.7079005,30,-0.010814285808895223,0,0,0,1
img_001189.jpg,1782717092.792415,30,0.04,0,0,0,1
img_001190.jpg,1782717092.8879015,30,0.08464000000000002,0,0,0,1
img_001191.jpg,1782717092.966202,30,0.05578466012364803,0,0,0,1
img_001192.jpg,1782717093.0283687,30,0.03676663876548825,0,0,0,1
img_001193.jpg,1782717093.1077924,30,0.02423221228050217,0,0,0,1
img_001194.jpg,1782717093.2003922,30,0.01597100338033912,0,0,0,1
img_001195.jpg,1782717093.2762136,30,0.010526193234946257,0,0,0,1
img_001196.jpg,1782717093.3564382,30,0.0,0,0,0,1
img_001197.jpg,1782717093.4310646,30,0.0,0,0,0,1
img_001198.jpg,1782717093.5232396,30,0.0,0,0,0,1
img_001199.jpg,1782717093.6010513,30,0.0,0,0,0,1
img_001200.jpg,1782717093.683009,30,0.0,0,0,0,1
img_001201.jpg,1782717093.7685957,30,0.0,0,0,1,0
img_001202.jpg,1782717093.8621266,30,0.0,0,0,1,0
img_001203.jpg,1782717093.9251325,30,0.0,0,0,1,0
img_001204.jpg,1782717094.0058086,30,0.0,0,0,1,0
img_001205.jpg,1782717094.1035054,30,0.0,0,0,1,0
img_001206.jpg,1782717094.188837,30,0.0,0,0,1,0
img_001207.jpg,1782717094.2691674,30,0.0,0,0,1,0
img_001208.jpg,1782717094.3510861,30,0.0,0,0,1,0
img_001209.jpg,1782717094.4425952,30,0.0,0,0,1,0
img_001210.jpg,1782717094.5222933,30,0.0,0,0,1,0
img_001211.jpg,1782717094.6005518,30,0.0,0,0,1,0
img_001212.jpg,1782717094.6718438,30,0.0,0,0,1,0
img_001213.jpg,1782717094.766192,30,0.0,0,0,1,0
img_001214.jpg,1782717094.846635,30,0.0,0,0,1,0
img_001215.jpg,1782717094.9270024,30,0.0,0,0,1,0
img_001216.jpg,1782717094.9958222,30,0.02,0,0,1,0
img_001217.jpg,1782717095.0858932,30,0.12000000000000001,0,0,1,0
img_001218.jpg,1782717095.1690624,30,0.21999999999999997,0,0,1,0
img_001219.jpg,1782717095.2551775,30,0.32,0,0,1,0
img_001220.jpg,1782717095.3525383,30,0.3680000000000001,0,0,1,0
img_001221.jpg,1782717095.4333827,30,0.24254200053760014,0,0,1,0
img_001222.jpg,1782717095.5081372,30,0.15985495115429676,0,0,1,0
img_001223.jpg,1782717095.5719855,30,0.10535744469783553,0,0,1,0
img_001224.jpg,1782717095.6654744,30,0.06943914513190923,0,0,1,0
img_001225.jpg,1782717095.747724,30,0.04576605754324461,0,0,1,0
img_001226.jpg,1782717095.8301642,30,0.03016356291646051,0,0,1,0
img_001227.jpg,1782717095.8952346,30,0.13016356291646053,0,0,1,0
img_001228.jpg,1782717095.9865441,30,0.23016356291646048,0,0,1,0
img_001229.jpg,1782717096.0733905,30,0.33016356291646054,0,0,1,0
img_001230.jpg,1782717096.1550403,30,0.43016356291646063,0,0,1,0
img_001231.jpg,1782717096.2362113,30,0.5301635629164607,0,0,1,0
img_001232.jpg,1782717096.3308527,30,0.6301635629164608,0,0,1,0
img_001233.jpg,1782717096.4158344,30,0.7301635629164609,0,0,1,0
img_001234.jpg,1782717096.4973137,30,0.8,0,0,1,0
img_001235.jpg,1782717096.5602808,30,0.6771200000000002,0,0,1,0
img_001236.jpg,1782717096.6718214,30,0.44627728098918423,0,0,1,0
img_001237.jpg,1782717096.7575636,30,0.5462772809891843,0,0,1,0
img_001238.jpg,1782717096.8379607,30,0.4565270833789061,0,0,1,0
img_001239.jpg,1782717096.9153445,30,0.30088856549542287,0,0,1,0
img_001240.jpg,1782717096.9959972,30,0.19831009406018635,0,0,1,0
img_001241.jpg,1782717097.076761,30,0.1307025188591229,0,0,1,0
img_001242.jpg,1782717097.1599498,30,0.08614361521574747,0,0,1,0
img_001243.jpg,1782717097.254046,30,-0.01385638478425254,0,0,1,0
img_001244.jpg,1782717097.3341274,30,-0.11385638478425256,0,0,1,0
img_001245.jpg,1782717097.3931792,30,-0.2138563847842525,0,0,1,0
img_001246.jpg,1782717097.4759192,30,-0.23179204408139134,0,0,1,0
img_001247.jpg,1782717097.5879593,30,-0.15276985347880498,0,0,1,0
img_001248.jpg,1782717097.6500077,30,-0.10068778772985162,0,0,1,0
img_001249.jpg,1782717097.7293491,30,-0.06636146050462889,0,0,1,0
img_001250.jpg,1782717097.8252017,30,-0.043737612471167454,0,0,1,0
img_001251.jpg,1782717097.9303286,30,-0.028826652248628366,0,0,1,0
img_001252.jpg,1782717098.0139275,30,0.035601121536760955,0,0,1,0
img_001253.jpg,1782717098.093617,30,0.05886968612721732,0,0,1,0
img_001254.jpg,1782717098.1815355,30,0.03879992240303231,0,0,1,0
img_001255.jpg,1782717098.2441323,30,0.025572311957432342,0,0,1,0
img_001256.jpg,1782717098.323908,30,0.01685423831665009,0,0,1,0
img_001257.jpg,1782717098.4111211,30,0.011108317062113546,0,0,1,0
img_001258.jpg,1782717098.5058951,30,0.04,0,0,1,0
img_001259.jpg,1782717098.5882916,30,0.0429835776,0,0,1,0
img_001260.jpg,1782717098.6686492,30,0.028329681797193407,0,0,1,0
img_001261.jpg,1782717098.7615077,30,0.01867156983066555,0,0,1,0
img_001262.jpg,1782717098.8460732,30,0.012306086684530218,0,0,1,0
img_001263.jpg,1782717098.9273787,30,0.0,0,0,1,0
img_001264.jpg,1782717098.992858,30,0.0,0,0,1,0
img_001265.jpg,1782717099.0836442,30,0.0,0,0,0,1
img_001266.jpg,1782717099.163332,30,0.0,0,0,0,1
img_001267.jpg,1782717099.2466402,30,0.0,0,0,0,1
img_001268.jpg,1782717099.3407698,30,0.0,0,0,0,1
img_001269.jpg,1782717099.421208,30,0.0,0,0,0,1
img_001270.jpg,1782717099.5018425,30,0.0,0,0,0,1
img_001271.jpg,1782717099.58353,30,0.0,0,0,0,1
img_001272.jpg,1782717099.6798189,30,0.0,0,0,0,1
img_001273.jpg,1782717099.7635443,30,0.0,0,0,0,1
img_001274.jpg,1782717099.8267188,30,0.0,0,0,0,1
img_001275.jpg,1782717099.910155,30,0.0,0,0,0,1
img_001276.jpg,1782717100.0073166,30,0.0,0,0,0,1
img_001277.jpg,1782717100.092715,30,0.0,0,0,0,1
img_001278.jpg,1782717100.1701686,30,0.0,0,0,0,1
img_001279.jpg,1782717100.2549698,30,0.1,0,0,0,1
img_001280.jpg,1782717100.3476608,30,0.06590815232000002,0,0,0,1
img_001281.jpg,1782717100.4259942,30,0.043438845422363245,0,0,0,1
img_001282.jpg,1782717100.4894202,30,0.028629740407020522,0,0,0,1
img_001283.jpg,1782717100.5842347,30,0.04051014447421704,0,0,0,1
img_001284.jpg,1782717100.6669943,30,0.04334904150991199,0,0,0,1
img_001285.jpg,1782717100.750937,30,0.028570552307612827,0,0,0,1
img_001286.jpg,1782717100.8330758,30,0.018830323133566744,0,0,0,1
img_001287.jpg,1782717100.9294772,30,0.012410718053219368,0,0,0,1
img_001288.jpg,1782717101.0057883,30,0.0,0,0,0,1
img_001289.jpg,1782717101.0673757,30,0.0,0,0,0,1
img_001290.jpg,1782717101.1499636,30,0.08,0,0,0,1
img_001291.jpg,1782717101.2426834,30,0.07163929600000002,0,0,0,1
img_001292.jpg,1782717101.3218694,30,0.0472161363286557,0,0,0,1
img_001293.jpg,1782717101.402763,30,0.03111928305110926,0,0,0,1
img_001294.jpg,1782717101.5009782,30,0.08633936117445888,0,0,0,1
img_001295.jpg,1782717101.5795443,30,0.07618076971627968,0,0,0,1
img_001296.jpg,1782717101.6589172,30,0.05020933774315406,0,0,0,1
img_001297.jpg,1782717101.7219076,30,0.03309204679862123,0,0,0,1
img_001298.jpg,1782717101.8351705,30,0.02181035660984097,0,0,0,1
img_001299.jpg,1782717101.8979216,30,0.014374803055949176,0,0,0,1
img_001300.jpg,1782717101.9797628,30,0.0,0,0,0,1
img_001301.jpg,1782717102.0709443,30,0.06,0,0,0,1
img_001302.jpg,1782717102.1635125,30,0.05731143680000001,0,0,0,1
img_001303.jpg,1782717102.2454166,30,0.03777290906292455,0,0,0,1
img_001304.jpg,1782717102.3234422,30,0.024895426440887398,0,0,0,1
img_001305.jpg,1782717102.411989,30,0.016408115579373626,0,0,0,1
img_001306.jpg,1782717102.5073473,30,0.07388782902638184,0,0,0,1
img_001307.jpg,1782717102.5878453,30,0.1133226584879296,0,0,0,1
img_001308.jpg,1782717102.6749752,30,0.07468887036929808,0,0,0,1
img_001309.jpg,1782717102.7713993,30,0.12321665988057391,0,0,0,1
img_001310.jpg,1782717102.8516636,30,0.081209823877705,0,0,0,1
img_001311.jpg,1782717102.93134,30,0.05352389442012156,0,0,0,1
img_001312.jpg,1782717102.9891512,30,0.0960866242371909,0,0,0,1
img_001313.jpg,1782717103.0796363,30,0.06332891866139383,0,0,0,1
img_001314.jpg,1782717103.1622689,30,0.13826260516848232,0,0,0,1
img_001315.jpg,1782717103.2439344,30,0.09112632841604355,0,0,0,1
img_001316.jpg,1782717103.327391,30,0.08528226014790156,0,0,0,1
img_001317.jpg,1782717103.4136627,30,0.09755579259004918,0,0,0,1
img_001318.jpg,1782717103.5209384,30,0.06429722037723289,0,0,0,1
img_001319.jpg,1782717103.600259,30,0.11442116732728994,0,0,0,1
img_001320.jpg,1782717103.6923156,30,0.07541287724839234,0,0,0,1
img_001321.jpg,1782717103.7478445,30,0.12382945930303929,0,0,0,1
img_001322.jpg,1782717103.8266742,30,0.15559325435409244,0,0,0,1
img_001323.jpg,1782717103.907307,30,0.1025486390793403,0,0,0,1
img_001324.jpg,1782717103.9994485,30,0.20254863907934026,0,0,0,1
img_001325.jpg,1782717104.0862458,30,0.13349606556649865,0,0,0,1
img_001326.jpg,1782717104.168437,30,0.08798479023477503,0,0,0,1
img_001327.jpg,1782717104.2483194,30,0.0996602203383365,0,0,0,1
img_001328.jpg,1782717104.3222144,30,0.06568420982303845,0,0,0,1
img_001329.jpg,1782717104.4041483,30,0.14042947303719538,0,0,0,1
img_001330.jpg,1782717104.4860883,30,0.09255447099152808,0,0,0,1
img_001331.jpg,1782717104.5811334,30,0.08630537143485496,0,0,0,1
img_001332.jpg,1782717104.6650753,30,0.09835247707186436,0,0,0,1
img_001333.jpg,1782717104.7506218,30,0.06482230039901746,0,0,0,1
img_001334.jpg,1782717104.8324144,30,0.042723180484312395,0,0,0,1
img_001335.jpg,1782717104.9185848,30,0.028158058869549134,0,0,0,1
img_001336.jpg,1782717104.9958208,30,0.08383298102718639,0,0,0,1
img_001337.jpg,1782717105.0569015,30,0.12174023514141058,0,0,0,1
img_001338.jpg,1782717105.142086,30,0.08023673961172707,0,0,0,1
img_001339.jpg,1782717105.2551947,30,0.1279123764073658,0,0,0,1
img_001340.jpg,1782717105.3390114,30,0.08430468387869842,0,0,0,1
img_001341.jpg,1782717105.3979044,30,0.05556365946366705,0,0,0,1
img_001342.jpg,1782717105.4801543,30,0.1022290813700478,0,0,0,1
img_001343.jpg,1782717105.564252,30,0.06737729866470786,0,0,0,1
img_001344.jpg,1782717105.6450982,30,0.09246589394262404,0,0,0,1
img_001345.jpg,1782717105.7319818,30,0.10314960202239404,0,0,0,1
img_001346.jpg,1782717105.828393,30,0.12032135729961399,0,0,0,1
img_001347.jpg,1782717105.8904755,30,0.15262399681839328,0,0,0,1
img_001348.jpg,1782717105.9738195,30,0.10059165629993862,0,0,0,1
img_001349.jpg,1782717106.0573041,30,0.14514077789226804,0,0,0,1
img_001350.jpg,1782717106.1507177,30,0.11830569069094447,0,0,0,1
img_001351.jpg,1782717106.2273633,30,0.07797309482381577,0,0,0,1
img_001352.jpg,1782717106.3016324,30,0.12599642745887768,0,0,0,1
img_001353.jpg,1782717106.369026,30,0.15742737620119407,0,0,0,1
img_001354.jpg,1782717106.4510398,30,0.19324653121669064,0,0,0,1
img_001355.jpg,1782717106.5311255,30,0.25138680871935537,0,0,0,1
img_001356.jpg,1782717106.6112723,30,0.16568440080313981,0,0,0,1
img_001357.jpg,1782717106.70228,30,0.16901645469259535,0,0,0,1
img_001358.jpg,1782717106.8198109,30,0.1354100574659343,0,0,0,1
img_001359.jpg,1782717106.9096494,30,0.08924626693124751,0,0,0,1
img_001360.jpg,1782717106.99709,30,0.0588205655489604,0,0,0,1
img_001361.jpg,1782717107.0718923,30,0.03876754793749427,0,0,0,1
img_001362.jpg,1782717107.1539338,30,0.02555097454537275,0,0,0,1
img_001363.jpg,1782717107.2380633,30,0.0168401752226087,0,0,0,1
img_001364.jpg,1782717107.3258736,30,0.011099048336671843,0,0,0,1
img_001365.jpg,1782717107.4204385,30,0.0,0,0,0,1
img_001366.jpg,1782717107.4799979,30,0.0,0,0,0,1
img_001367.jpg,1782717107.56283,30,0.0,0,0,0,1
img_001368.jpg,1782717107.6578307,30,0.0,0,0,0,1
img_001369.jpg,1782717107.7377164,30,0.0,0,0,0,1
img_001370.jpg,1782717107.8144124,30,-0.1,0,0,0,1
img_001371.jpg,1782717107.8808703,30,-0.06590815232000002,0,0,0,1
img_001372.jpg,1782717107.9765801,30,-0.043438845422363245,0,0,0,1
img_001373.jpg,1782717108.0573232,30,-0.028629740407020522,0,0,0,1
img_001374.jpg,1782717108.13654,30,-0.018869332916279676,0,0,0,1
img_001375.jpg,1782717108.2014713,30,0.03481299661966089,0,0,0,1
img_001376.jpg,1782717108.3146908,30,0.022944602839242555,0,0,0,1
img_001377.jpg,1782717108.4029534,30,0.015122363788507032,0,0,0,1
img_001378.jpg,1782717108.4836075,30,0.0,0,0,0,1
img_001379.jpg,1782717108.5558298,30,0.0,0,0,0,1
img_001380.jpg,1782717108.6683116,30,0.0,0,0,0,1
img_001381.jpg,1782717108.7514427,30,0.0,0,0,0,1
img_001382.jpg,1782717108.8175924,30,0.0,0,0,0,1
img_001383.jpg,1782717108.9161198,30,0.0,0,0,0,1
img_001384.jpg,1782717108.9961221,30,0.0,0,0,0,1
img_001385.jpg,1782717109.0751646,30,0.0,0,0,0,1
img_001386.jpg,1782717109.157277,30,0.0,0,0,0,1
img_001387.jpg,1782717109.24861,30,0.0,0,0,0,1
img_001388.jpg,1782717109.3122635,30,0.0,0,0,0,1
img_001389.jpg,1782717109.3842547,30,0.0552,0,0,0,1
img_001390.jpg,1782717109.4693632,30,0.03638130008064001,0,0,0,1
img_001391.jpg,1782717109.5628846,30,0.023978242673144502,0,0,0,1
img_001392.jpg,1782717109.6481874,30,0.01580361670467532,0,0,0,1
img_001393.jpg,1782717109.711593,30,0.010415871769786377,1,0,0,0
img_001394.jpg,1782717109.798303,30,0.0,1,0,0,0
img_001395.jpg,1782717109.8957925,30,0.0,1,0,0,0
img_001396.jpg,1782717109.9766314,30,0.0,1,0,0,0
img_001397.jpg,1782717110.0614882,30,0.0,1,0,0,0
img_001398.jpg,1782717110.1257985,30,0.0,1,0,0,0
img_001399.jpg,1782717110.2382355,30,0.0,1,0,0,0
img_001400.jpg,1782717110.3205202,30,0.0,1,0,0,0
img_001401.jpg,1782717110.3836806,30,0.0,1,0,0,0
img_001402.jpg,1782717110.479601,30,0.0,1,0,0,0
img_001403.jpg,1782717110.5640233,30,0.0,1,0,0,0
img_001404.jpg,1782717110.645019,30,0.0,1,0,0,0
img_001405.jpg,1782717110.7292547,30,0.0,1,0,0,0
img_001406.jpg,1782717110.823155,30,0.0,1,0,0,0
img_001407.jpg,1782717110.896848,30,0.0,1,0,0,0
img_001408.jpg,1782717110.9707828,30,0.0,1,0,0,0
img_001409.jpg,1782717111.038497,30,0.0,1,0,0,0
img_001410.jpg,1782717111.1493201,30,0.0,1,0,0,0
img_001411.jpg,1782717111.2326548,30,0.0,1,0,0,0
img_001412.jpg,1782717111.2941704,30,0.0,1,0,0,0
img_001413.jpg,1782717111.3790052,30,0.0,1,0,0,0
img_001414.jpg,1782717111.489014,30,-0.06,1,0,0,0
img_001415.jpg,1782717111.570324,30,-0.07786880000000002,1,0,0,0
img_001416.jpg,1782717111.633559,30,-0.05132188731375619,1,0,0,0
img_001417.jpg,1782717111.7252364,30,-0.033825307664249196,1,0,0,0
img_001418.jpg,1782717111.8085496,30,-0.04423221228050217,1,0,0,0
img_001419.jpg,1782717111.88699,30,-0.0655906129162797,1,0,0,0
img_001420.jpg,1782717111.968806,30,-0.043229561068483226,1,0,0,0
img_001421.jpg,1782717112.0641832,30,-0.02849180495628335,1,0,0,0
img_001422.jpg,1782717112.1509812,30,-0.053333746617798376,1,0,0,0
img_001423.jpg,1782717112.2307904,30,-0.035151286958821415,1,0,0,0
img_001424.jpg,1782717112.3088179,30,-0.023167563751260317,1,0,0,0
img_001425.jpg,1782717112.385716,30,-0.01526931320601376,1,0,0,0
img_001426.jpg,1782717112.4678504,30,-0.08764776814953268,1,0,0,0
img_001427.jpg,1782717112.5571852,30,-0.05776702453707445,1,0,0,0
img_001428.jpg,1782717112.6474583,30,-0.08498248880272544,1,0,0,0
img_001429.jpg,1782717112.725882,30,-0.07520871590155136,1,0,0,0
img_001430.jpg,1782717112.8033843,30,-0.04956867503431054,1,0,0,0
img_001431.jpg,1782717112.863418,30,-0.14956867503431054,1,0,0,0
img_001432.jpg,1782717112.958321,30,-0.2495686750343105,1,0,0,0
img_001433.jpg,1782717113.0466197,30,-0.1987892418311078,1,0,0,0
img_001434.jpg,1782717113.1257625,30,-0.29878924183110783,1,0,0,0
img_001435.jpg,1782717113.2068942,30,-0.3987892418311079,1,0,0,0
img_001436.jpg,1782717113.3035908,30,-0.34167991714298185,1,0,0,0
img_001437.jpg,1782717113.384261,30,-0.2251949202374463,1,0,0,0
img_001438.jpg,1782717113.4617813,30,-0.14842181104699864,1,0,0,0
img_001439.jpg,1782717113.5431378,30,-0.2165480661632387,1,0,0,0
img_001440.jpg,1782717113.644103,30,-0.1427228292928818,1,0,0,0
img_001441.jpg,1782717113.7240787,30,-0.21130500294945123,1,0,0,0
img_001442.jpg,1782717113.8037722,30,-0.13926722320370485,1,0,0,0
img_001443.jpg,1782717113.865015,30,-0.09178845360093221,1,0,0,0
img_001444.jpg,1782717113.9750674,30,-0.06049607381147495,1,0,0,0
img_001445.jpg,1782717114.0553215,30,-0.03987184447528655,1,0,0,0
img_001446.jpg,1782717114.1424012,30,-0.026278795989565375,1,0,0,0
img_001447.jpg,1782717114.255391,30,-0.07302637292556814,1,0,0,0
img_001448.jpg,1782717114.3373044,30,-0.048130333101554706,1,0,0,0
img_001449.jpg,1782717114.4124703,30,-0.12427990645343034,1,0,0,0
img_001450.jpg,1782717114.4783695,30,-0.10336110925269608,1,0,0,0
img_001451.jpg,1782717114.5719516,30,-0.06812339732590855,1,0,0,0
img_001452.jpg,1782717114.6469574,30,-0.14267352553983587,1,0,0,0
img_001453.jpg,1782717114.726821,30,-0.11653816847511861,1,0,0,0
img_001454.jpg,1782717114.8217583,30,-0.07680815358951941,1,0,0,0
img_001455.jpg,1782717114.900226,30,-0.11579442119816925,1,0,0,0
img_001456.jpg,1782717114.9830577,30,-0.07631796350135178,1,0,0,0
img_001457.jpg,1782717115.0690532,30,-0.09942788236294063,1,0,0,0
img_001458.jpg,1782717115.1810162,30,-0.08555729415251885,1,0,0,0
img_001459.jpg,1782717115.2636817,30,-0.13241569377069196,1,0,0,0
img_001460.jpg,1782717115.3378866,30,-0.10918953001083959,1,0,0,0
img_001461.jpg,1782717115.4163537,30,-0.07196480175703629,1,0,0,0
img_001462.jpg,1782717115.5079799,30,-0.14620761761647338,1,0,0,0
img_001463.jpg,1782717115.5823174,30,-0.09636273932210847,1,0,0,0
img_001464.jpg,1782717115.6419704,30,-0.0635109010121398,1,0,0,0
img_001465.jpg,1782717115.7239757,30,-0.13843002893116862,1,0,0,0
img_001466.jpg,1782717115.8062432,30,-0.11349815737888554,1,0,0,0
img_001467.jpg,1782717115.8938012,30,-0.10130928091920567,1,0,0,0
img_001468.jpg,1782717115.9990573,30,-0.13653217537001566,1,0,0,0
img_001469.jpg,1782717116.087141,30,-0.08998583410867945,1,0,0,0
img_001470.jpg,1782717116.1454358,30,-0.18998583410867942,1,0,0,0
img_001471.jpg,1782717116.2239585,30,-0.15043237325518583,1,0,0,0
img_001472.jpg,1782717116.3118389,30,-0.12776869315610742,1,0,0,0
img_001473.jpg,1782717116.3982992,30,-0.1911471977036188,1,0,0,0
img_001474.jpg,1782717116.481076,30,-0.12598158621791264,1,0,0,0
img_001475.jpg,1782717116.5672283,30,-0.08303213573965401,1,0,0,0
img_001476.jpg,1782717116.6469617,30,-0.12547839969004318,1,0,0,0
img_001477.jpg,1782717116.738324,30,-0.08270049479641207,1,0,0,0
img_001478.jpg,1782717116.8237941,30,-0.1299976987956832,1,0,0,0
img_001479.jpg,1782717116.907379,30,-0.10745729543342795,1,0,0,0
img_001480.jpg,1782717116.9963446,30,-0.07082311795321611,1,0,0,0
img_001481.jpg,1782717117.0762095,30,-0.04667820845837895,1,0,0,0
img_001482.jpg,1782717117.1550078,30,-0.07634776078803819,1,0,0,0
img_001483.jpg,1782717117.2378485,30,-0.11540474473099556,1,0,0,0
img_001484.jpg,1782717117.3300438,30,-0.07606113494181174,1,0,0,0
img_001485.jpg,1782717117.4085739,30,-0.05013048867377003,1,0,0,0
img_001486.jpg,1782717117.4903362,30,-0.033040078833868704,1,0,0,0
img_001487.jpg,1782717117.5751185,30,-0.021776105484474274,1,0,0,0
img_001488.jpg,1782717117.6569562,30,-0.056956792027494305,1,0,0,0
img_001489.jpg,1782717117.7366166,30,-0.05513130403268106,1,0,0,0
img_001490.jpg,1782717117.827547,30,-0.03633602383786174,0,0,0,1
img_001491.jpg,1782717117.9454377,30,-0.02394840193808943,0,0,0,1
img_001492.jpg,1782717118.0231082,30,-0.015783949227561815,0,0,0,1
img_001493.jpg,1782717118.1003873,30,-0.010402909299012907,0,0,0,1
img_001494.jpg,1782717118.1862285,30,0.0,0,0,0,1
img_001495.jpg,1782717118.276857,30,-0.04,0,0,0,1
img_001496.jpg,1782717118.3617854,30,-0.0429835776,0,0,0,1
img_001497.jpg,1782717118.4432273,30,-0.028329681797193407,0,0,0,1
img_001498.jpg,1782717118.5369997,30,-0.06205998325929295,0,0,0,1
img_001499.jpg,1782717118.620349,30,-0.058787194304675335,0,0,0,1
img_001500.jpg,1782717118.7031758,30,-0.03874555356697979,0,0,0,1
img_001501.jpg,1782717118.8108437,30,-0.04775704180668722,0,0,0,1
img_001502.jpg,1782717118.9052527,30,-0.06833535537036567,0,0,0,1
img_001503.jpg,1782717118.9859154,30,-0.09321192120263931,0,0,0,1
img_001504.jpg,1782717119.095482,30,-0.1296785701059139,0,0,0,1
img_001505.jpg,1782717119.192913,30,-0.08546874951180375,0,0,0,1
img_001506.jpg,1782717119.2976758,30,-0.1231247495867907,0,0,0,1
img_001507.jpg,1782717119.377809,30,-0.0811492475012806,0,0,0,1
img_001508.jpg,1782717119.505277,30,-0.05348396964967781,0,0,0,1
img_001509.jpg,1782717119.588549,30,-0.03525029618349223,0,0,0,1
img_001510.jpg,1782717119.701525,30,-0.06744898263453121,0,0,0,1
img_001511.jpg,1782717119.786408,30,-0.04445437821305719,0,0,0,1
img_001512.jpg,1782717119.9059901,30,-0.09762618571953162,0,0,0,1
img_001513.jpg,1782717119.9857855,30,-0.064343615188235,0,0,0,1
img_001514.jpg,1782717120.1066077,30,-0.0424076879064566,0,0,0,1
img_001515.jpg,1782717120.2058017,30,-0.06416987768050289,0,0,0,1
img_001516.jpg,1782717120.3194432,30,-0.04229318072522354,0,0,0,1
img_001517.jpg,1782717120.4061623,30,-0.11250972626720566,0,0,0,1
img_001518.jpg,1782717120.5261817,30,-0.07415308176300497,0,0,0,1
img_001519.jpg,1782717120.6194441,30,-0.12276316840420742,0,0,0,1
img_001520.jpg,1782717120.7334244,30,-0.10227452879206864,0,0,0,1
img_001521.jpg,1782717120.858016,30,-0.11963994827603835,0,0,0,1
img_001522.jpg,1782717120.9460454,30,-0.07885247934534058,0,0,0,1
img_001523.jpg,1782717121.0623262,30,-0.0519702121950236,0,0,0,1
img_001524.jpg,1782717121.1654649,30,-0.03425260661452338,0,0,0,1
img_001525.jpg,1782717121.2805767,30,-0.11151239808536152,0,0,0,1
img_001526.jpg,1782717121.3669937,30,-0.07349576118578484,0,0,0,1
img_001527.jpg,1782717121.4965577,30,-0.04843969823107051,0,0,0,1
img_001528.jpg,1782717121.6213257,30,-0.031925710093482315,0,0,0,1
img_001529.jpg,1782717121.7127962,30,-0.04287135395397168,0,0,0,1
img_001530.jpg,1782717121.8458061,30,-0.045040595358293495,0,0,0,1
img_001531.jpg,1782717121.9360065,30,-0.02968542419457893,0,0,0,1
img_001532.jpg,1782717122.076669,30,-0.08512574303829162,0,0,0,1
img_001533.jpg,1782717122.197115,30,-0.056104804385209046,0,0,0,1
img_001534.jpg,1782717122.316863,30,-0.03697763993304162,0,0,0,1
img_001535.jpg,1782717122.4517224,30,-0.02437127925141022,0,0,0,1
img_001536.jpg,1782717122.5759954,30,-0.058977622697722124,0,0,0,1
img_001537.jpg,1782717122.713155,30,-0.0388710614023296,0,0,0,1
img_001538.jpg,1782717122.8358407,30,-0.06412442906125723,0,0,0,1
img_001539.jpg,1782717122.9561965,30,-0.0659382895435041,0,0,0,1
img_001540.jpg,1782717123.1260219,30,-0.061565585623407956,0,0,0,1
img_001541.jpg,1782717123.2488444,30,-0.06250515211888669,0,0,0,1
img_001542.jpg,1782717123.4459093,30,-0.04119599086636356,0,0,0,1
img_001543.jpg,1782717123.635816,30,-0.04384037703688716,0,0,0,1
img_001544.jpg,1782717123.8062108,30,-0.06528549551409961,0,0,0,1
img_001545.jpg,1782717124.00978,30,-0.11045764340313392,0,0,0,1
img_001546.jpg,1782717124.198571,30,-0.09913107811219561,0,0,0,1
img_001547.jpg,1782717124.4084115,30,-0.10833970095302939,0,0,0,1
img_001548.jpg,1782717124.6008503,30,-0.09318755905125556,0,0,0,1
img_001549.jpg,1782717124.8126342,30,-0.061418198362791464,0,0,0,1
img_001550.jpg,1782717125.0230365,30,-0.04047959972914835,0,0,0,1
img_001551.jpg,1782717125.2181456,30,-0.02667935624801341,0,0,0,1
img_001552.jpg,1782717125.4296987,30,-0.05757489455805307,0,0,0,1
img_001553.jpg,1782717125.6484416,30,-0.037946549203401014,0,0,0,1
img_001554.jpg,1782717125.8471324,30,-0.06954852250609794,0,0,0,1
img_001555.jpg,1782717126.06598,30,-0.04583814614962852,0,0,0,1
img_001556.jpg,1782717126.2659836,30,-0.07249361434896194,0,0,0,1
img_001557.jpg,1782717126.4865015,30,-0.04777920176738723,0,0,0,1
img_001558.jpg,1782717126.7063742,30,-0.04980244378057578,0,0,0,1
img_001559.jpg,1782717126.9231281,30,-0.03282387050598425,0,0,0,1
img_001560.jpg,1782717127.1269152,30,-0.03908854975043876,0,0,0,1
img_001561.jpg,1782717127.347044,30,-0.048002761857824094,0,0,0,1
img_001562.jpg,1782717127.5674498,30,-0.04871669985550172,0,0,0,1
img_001563.jpg,1782717127.7762046,30,-0.06908262957708093,0,0,0,1
img_001564.jpg,1782717127.995847,30,-0.08494133466011802,0,0,0,1
img_001565.jpg,1782717128.2172508,30,-0.07517923336351257,0,0,0,1
img_001566.jpg,1782717128.426581,30,-0.06943163351981754,0,0,0,1
img_001567.jpg,1782717128.6363378,30,-0.0852130998422797,0,0,0,1
img_001568.jpg,1782717128.8591876,30,-0.09750193828998512,0,0,0,1
img_001569.jpg,1782717129.067081,30,-0.0841775613772998,0,0,0,1
img_001570.jpg,1782717129.2871854,30,-0.10554805691376684,0,0,0,1
img_001571.jpg,1782717129.5062766,30,-0.12218900534206728,0,0,0,1
img_001572.jpg,1782717129.7159863,30,-0.08053251575914266,0,0,0,1
img_001573.jpg,1782717129.9277494,30,-0.05307749315366376,0,0,0,1
img_001574.jpg,1782717130.1462998,30,-0.034982395035354295,0,0,0,1
img_001575.jpg,1782717130.3160343,30,-0.08039309915792388,0,0,0,1
img_001576.jpg,1782717130.5259705,30,-0.05298560624777312,0,0,0,1
img_001577.jpg,1782717130.746052,30,-0.08125925575786597,0,0,0,1
img_001578.jpg,1782717130.9462733,30,-0.07821355875977465,0,0,0,1
img_001579.jpg,1782717131.15656,30,-0.05154911144228498,0,0,0,1
img_001580.jpg,1782717131.365089,30,-0.03397506688898774,0,0,0,1
img_001581.jpg,1782717131.5630174,30,-0.02239233883601593,0,0,0,1
img_001582.jpg,1782717131.765833,30,-0.014758376788051898,0,0,0,1
img_001583.jpg,1782717131.9665926,30,0.0,0,0,0,1
img_001584.jpg,1782717132.1668983,30,0.0,0,0,0,1
img_001585.jpg,1782717132.3797834,30,-0.050784,0,0,0,1
img_001586.jpg,1782717132.575077,30,-0.07340089139200001,0,0,0,1
img_001587.jpg,1782717132.776921,30,-0.06815764185095342,0,0,0,1
img_001588.jpg,1782717132.9771748,30,-0.06575565479222441,0,0,0,1
img_001589.jpg,1782717133.1363063,30,-0.08505913931884766,0,0,0,1
img_001590.jpg,1782717133.3145406,30,-0.05606090710434715,0,0,0,1
img_001591.jpg,1782717133.4379435,30,-0.03694870804630683,0,0,0,1
img_001592.jpg,1782717133.5664952,30,-0.024352210779432004,0,0,0,1
img_001593.jpg,1782717133.7061846,30,-0.01605009217379551,0,0,0,1
img_001594.jpg,1782717133.8312643,30,-0.010578319197405548,0,0,0,1
img_001595.jpg,1782717133.9686852,30,0.0,0,0,0,1
img_001596.jpg,1782717134.0984836,30,0.0,0,0,0,1
img_001597.jpg,1782717134.235153,30,0.0,0,0,0,1
img_001598.jpg,1782717134.3566437,30,0.0,0,0,0,1
img_001599.jpg,1782717134.498985,30,0.0,0,0,0,1
img_001600.jpg,1782717134.625817,30,0.0,0,0,0,1
img_001601.jpg,1782717134.7528152,30,0.0,0,0,0,1
img_001602.jpg,1782717134.8862205,30,0.0,0,0,0,1
img_001603.jpg,1782717135.0165184,30,0.0,0,0,0,1
img_001604.jpg,1782717135.154392,30,0.0,0,0,0,1
img_001605.jpg,1782717135.2815027,30,0.0,0,0,0,1
img_001606.jpg,1782717135.4209619,30,0.0,0,0,0,1
img_001607.jpg,1782717135.5460598,30,0.0,0,0,0,1
img_001608.jpg,1782717135.6762648,30,0.0,0,0,0,1
img_001609.jpg,1782717135.8096063,30,0.0,0,0,0,1
img_001610.jpg,1782717135.9405599,30,0.0,0,0,0,1
img_001611.jpg,1782717136.0815353,30,0.0,0,0,0,1
img_001612.jpg,1782717136.2060857,30,0.0,0,0,0,1
img_001613.jpg,1782717136.3473253,30,0.0,0,0,0,1
img_001614.jpg,1782717136.4762454,30,0.0,0,0,0,1
img_001615.jpg,1782717136.635123,30,0.0,0,0,0,1
img_001616.jpg,1782717136.7724779,30,0.0,0,0,0,1
img_001617.jpg,1782717136.9070225,30,0.0,0,0,0,1
img_001618.jpg,1782717137.045029,30,0.0,0,0,0,1
img_001619.jpg,1782717137.1976616,30,0.0,0,0,0,1
img_001620.jpg,1782717137.33609,30,0.0,0,0,0,1
img_001621.jpg,1782717137.4740267,30,0.0,0,0,0,1
img_001622.jpg,1782717137.615248,30,0.0,0,0,0,1
img_001623.jpg,1782717137.7751958,30,0.0,0,0,0,1
img_001624.jpg,1782717137.9466112,30,0.0,0,0,0,1
img_001625.jpg,1782717138.0753608,30,0.0,0,0,0,1
img_001626.jpg,1782717138.215904,30,0.0,0,0,0,1
img_001627.jpg,1782717138.3357675,30,0.0,0,0,0,1
img_001628.jpg,1782717138.4768229,30,0.0,0,0,0,1
img_001629.jpg,1782717138.6017919,30,0.0,0,0,0,1
img_001630.jpg,1782717138.7261574,30,0.0,0,0,0,1
img_001631.jpg,1782717138.8682919,30,0.0,0,0,0,1
img_001632.jpg,1782717138.9861908,30,0.0,0,0,0,1
img_001633.jpg,1782717139.1311867,30,0.0,0,0,0,1
img_001634.jpg,1782717139.2561939,30,0.0,0,0,0,1
img_001635.jpg,1782717139.3899255,30,0.0,0,0,0,1
img_001636.jpg,1782717139.5192664,30,0.0,0,0,0,1
img_001637.jpg,1782717139.645356,30,0.0,0,0,0,1
img_001638.jpg,1782717139.7767024,30,0.0,0,0,0,1
img_001639.jpg,1782717139.9068022,30,-0.04,0,0,0,1
img_001640.jpg,1782717140.0460317,30,-0.026363260928000006,0,0,0,1
img_001641.jpg,1782717140.166532,30,-0.01737553816894529,0,0,0,1
img_001642.jpg,1782717140.293722,30,-0.011451896162808204,0,0,0,1
img_001643.jpg,1782717140.4285467,30,0.0,0,0,0,1
img_001644.jpg,1782717140.546787,30,0.0,0,0,0,1
img_001645.jpg,1782717140.6859355,30,0.0,0,0,0,1
img_001646.jpg,1782717140.8133984,30,0.0,0,0,0,1
img_001647.jpg,1782717140.9466872,30,0.0,0,0,0,1
img_001648.jpg,1782717141.0662804,30,0.02,0,0,0,1
img_001649.jpg,1782717141.186601,30,0.013181630464000003,0,0,0,1
img_001650.jpg,1782717141.3199701,30,0.0,0,0,0,1
img_001651.jpg,1782717141.4466848,30,0.0,0,0,0,1
img_001652.jpg,1782717141.5416303,30,0.0,0,0,0,1
img_001653.jpg,1782717141.6763694,30,0.0,0,0,0,1
img_001654.jpg,1782717141.7962086,30,0.0,0,0,0,1
img_001655.jpg,1782717141.9358625,30,0.0,0,0,0,1
img_001656.jpg,1782717142.056235,30,0.0,0,0,0,1
img_001657.jpg,1782717142.148184,30,0.0,0,0,0,1
img_001658.jpg,1782717142.2814574,30,0.0,0,0,0,1
img_001659.jpg,1782717142.4018981,30,0.0,0,0,0,1
img_001660.jpg,1782717142.5405784,30,0.0,0,0,0,1
img_001661.jpg,1782717142.6607544,30,0.0,0,0,0,1
img_001662.jpg,1782717142.7608023,30,0.0,0,0,0,1
img_001663.jpg,1782717142.889183,30,0.0,0,0,0,1
img_001664.jpg,1782717142.9861789,30,0.0,0,0,0,1
img_001665.jpg,1782717143.1170328,30,0.0,0,0,0,1
img_001666.jpg,1782717143.2060738,30,0.0,0,0,0,1
img_001667.jpg,1782717143.3264198,30,0.0,0,0,0,1
img_001668.jpg,1782717143.4593623,30,0.0,0,0,0,1
img_001669.jpg,1782717143.5769906,30,0.0,0,0,0,1
img_001670.jpg,1782717143.6762547,30,0.0,0,0,0,1
img_001671.jpg,1782717143.8073583,30,0.0,0,0,0,1
img_001672.jpg,1782717143.9273608,30,0.0,0,0,0,1
img_001673.jpg,1782717144.065864,30,0.0,0,0,0,1
img_001674.jpg,1782717144.181559,30,0.0,0,0,0,1
img_001675.jpg,1782717144.276412,30,0.0,0,0,0,1
img_001676.jpg,1782717144.411118,30,0.0,0,0,0,1
img_001677.jpg,1782717144.532358,30,0.0,0,0,0,1
img_001678.jpg,1782717144.62582,30,0.0,0,0,0,1
img_001679.jpg,1782717144.7561567,30,0.0,0,0,0,1
img_001680.jpg,1782717144.8459487,30,0.0,0,0,0,1
img_001681.jpg,1782717144.9825678,30,0.0,0,0,0,1
img_001682.jpg,1782717145.1011653,30,0.0,0,0,0,1
img_001683.jpg,1782717145.1952455,30,0.0,0,0,0,1
img_001684.jpg,1782717145.3262246,30,0.0,0,0,0,1
img_001685.jpg,1782717145.4158406,30,0.0,0,0,0,1
img_001686.jpg,1782717145.536413,30,0.0,0,0,0,1
img_001687.jpg,1782717145.6361315,30,0.0,0,0,0,1
img_001688.jpg,1782717145.757987,30,0.0,0,0,0,1
img_001689.jpg,1782717145.8530455,30,0.0,0,0,0,1
img_001690.jpg,1782717145.976251,30,0.0,0,0,0,1
img_001691.jpg,1782717146.0665944,30,0.0,0,0,0,1
img_001692.jpg,1782717146.198177,30,0.0,0,0,0,1
img_001693.jpg,1782717146.2863774,30,0.0,0,0,0,1
img_001694.jpg,1782717146.4062212,30,0.0,0,0,0,1
img_001695.jpg,1782717146.5089476,30,0.0,0,0,0,1
img_001696.jpg,1782717146.6265259,30,0.0,0,0,0,1
img_001697.jpg,1782717146.716063,30,0.0,1,0,0,0
img_001698.jpg,1782717146.8542078,30,0.0,1,0,0,0
img_001699.jpg,1782717146.9361975,30,0.0,1,0,0,0
img_001700.jpg,1782717147.057252,30,0.0,1,0,0,0
img_001701.jpg,1782717147.1567082,30,0.0,1,0,0,0
img_001702.jpg,1782717147.281137,30,0.0,1,0,0,0
img_001703.jpg,1782717147.397132,30,0.0,1,0,0,0
img_001704.jpg,1782717147.526606,30,0.0,1,0,0,0
img_001705.jpg,1782717147.6158469,30,0.0,1,0,0,0
img_001706.jpg,1782717147.7457552,30,0.0,1,0,0,0
img_001707.jpg,1782717147.8359084,30,-0.06,1,0,0,0
img_001708.jpg,1782717147.9466262,30,-0.07786880000000002,1,0,0,0
img_001709.jpg,1782717148.0567985,30,-0.05132188731375619,1,0,0,0
img_001710.jpg,1782717148.1744537,30,-0.033825307664249196,1,0,0,0
img_001711.jpg,1782717148.2559795,30,-0.05748688117445889,1,0,0,0
img_001712.jpg,1782717148.38897,30,-0.03788854120847977,1,0,0,0
img_001713.jpg,1782717148.4759192,30,-0.024971637451510823,1,0,0,0
img_001714.jpg,1782717148.59097,30,-0.016458344848339922,1,0,0,0
img_001715.jpg,1782717148.71784,30,-0.06471434307963492,1,0,0,0
img_001716.jpg,1782717148.7958298,30,-0.04265202780981318,1,0,0,0
img_001717.jpg,1782717148.9181533,30,-0.14265202780981318,1,0,0,0
img_001718.jpg,1782717149.016618,30,-0.09401931577646044,1,0,0,0
img_001719.jpg,1782717149.1266406,30,-0.16649777051434358,1,0,0,0
img_001720.jpg,1782717149.2158318,30,-0.10973560419999764,1,0,0,0
img_001721.jpg,1782717149.3061626,30,-0.152880215394878,1,0,0,0
img_001722.jpg,1782717149.3861475,30,-0.12385016923217425,1,0,0,0
img_001723.jpg,1782717149.4710352,30,-0.0816273581861192,1,0,0,0
img_001724.jpg,1782717149.5527327,30,-0.1816273581861192,1,0,0,0
img_001725.jpg,1782717149.6408877,30,-0.11970723588809948,1,0,0,0
img_001726.jpg,1782717149.7198257,30,-0.1613202044556874,1,0,0,0
img_001727.jpg,1782717149.7809408,30,-0.1873254210512938,1,0,0,0
img_001728.jpg,1782717149.8743577,30,-0.12346272384056808,1,0,0,0
img_001729.jpg,1782717149.9556308,30,-0.1361389415019643,1,0,0,0
img_001730.jpg,1782717150.0322616,30,-0.11185683847385904,1,0,0,0
img_001731.jpg,1782717150.1121192,30,-0.07372277548168739,1,0,0,0
img_001732.jpg,1782717150.2051847,30,-0.14782495344315238,1,0,0,0
img_001733.jpg,1782717150.2869706,30,-0.09742869548228199,1,0,0,0
img_001734.jpg,1782717150.3706725,30,-0.06421345302185139,1,0,0,0
img_001735.jpg,1782717150.4573953,30,-0.1326763767801033,1,0,0,0
img_001736.jpg,1782717150.5465367,30,-0.08744454850088762,1,0,0,0
img_001737.jpg,1782717150.6261423,30,-0.1604489846208166,1,0,0,0
img_001738.jpg,1782717150.7161024,30,-0.1292723822215013,1,0,0,0
img_001739.jpg,1782717150.8267365,30,-0.14066285276729643,1,0,0,0
img_001740.jpg,1782717150.9166622,30,-0.11509773665600768,1,0,0,0
img_001741.jpg,1782717150.983681,30,-0.07585879159211403,1,0,0,0
img_001742.jpg,1782717151.0694597,30,-0.1497900882647449,1,0,0,0
img_001743.jpg,1782717151.1664178,30,-0.09872387953379053,1,0,0,0
img_001744.jpg,1782717151.2559729,30,-0.1168751003064083,1,0,0,0
img_001745.jpg,1782717151.3187523,30,-0.14970708489934395,1,0,0,0
img_001746.jpg,1782717151.4199648,30,-0.09866917354929136,1,0,0,0
img_001747.jpg,1782717151.5068328,30,-0.06503102919575213,1,0,0,0
img_001748.jpg,1782717151.5911922,30,-0.042860749777599995,1,0,0,0
img_001749.jpg,1782717151.661983,30,-0.0733751515228198,1,0,0,0
img_001750.jpg,1782717151.75595,30,-0.1128887282489147,1,0,0,0
img_001751.jpg,1782717151.8433309,30,-0.07440287496640557,1,0,0,0
img_001752.jpg,1782717151.9366696,30,-0.14845064496909313,1,0,0,0
img_001753.jpg,1782717151.9992685,30,-0.24845064496909308,1,0,0,0
img_001754.jpg,1782717152.1210089,30,-0.34845064496909317,1,0,0,0
img_001755.jpg,1782717152.1938715,30,-0.2296573818462524,1,0,0,0
img_001756.jpg,1782717152.2825336,30,-0.21883144735509458,1,0,0,0
img_001757.jpg,1782717152.3862998,30,-0.2015489420780439,1,0,0,0
img_001758.jpg,1782717152.475133,30,-0.1328371837441458,1,0,0,0
img_001759.jpg,1782717152.546603,30,-0.172433392321045,1,0,0,0
img_001760.jpg,1782717152.6359594,30,-0.13785792752771472,1,0,0,0
img_001761.jpg,1782717152.7358167,30,-0.11876044876104505,1,0,0,0
img_001762.jpg,1782717152.825993,30,-0.218760448761045,1,0,0,0
img_001763.jpg,1782717152.896514,30,-0.14418096978534511,1,0,0,0
img_001764.jpg,1782717153.0012069,30,-0.09502701318257846,1,0,0,0
img_001765.jpg,1782717153.0938327,30,-0.0626305485935203,1,0,0,0
img_001766.jpg,1782717153.1818259,30,-0.04127863736586899,1,0,0,0
img_001767.jpg,1782717153.2867992,30,-0.027205987190717373,1,0,0,0
img_001768.jpg,1782717153.3762772,30,-0.0179309634778177,1,0,0,0
img_001769.jpg,1782717153.466237,30,-0.01181796672140366,1,0,0,0
img_001770.jpg,1782717153.5565772,30,0.0,1,0,0,0
img_001771.jpg,1782717153.6554759,30,0.0,1,0,0,0
img_001772.jpg,1782717153.7427847,30,0.0,1,0,0,0
img_001773.jpg,1782717153.8162105,30,0.0,1,0,0,0
img_001774.jpg,1782717153.9161193,30,0.0,1,0,0,0
img_001775.jpg,1782717154.0022461,30,0.0,1,0,0,0
img_001776.jpg,1782717154.087732,30,0.0,1,0,0,0
img_001777.jpg,1782717154.162276,30,0.0,1,0,0,0
img_001778.jpg,1782717154.2558453,30,0.0,1,0,0,0
img_001779.jpg,1782717154.3463886,30,0.0,1,0,0,0
img_001780.jpg,1782717154.4363623,30,0.0,1,0,0,0
img_001781.jpg,1782717154.5385995,30,0.0,0,0,0,1
img_001782.jpg,1782717154.628843,30,0.0,0,0,0,1
img_001783.jpg,1782717154.7162023,30,0.0,0,0,0,1
img_001784.jpg,1782717154.7860775,30,0.0,0,0,0,1
img_001785.jpg,1782717154.8872983,30,0.08,0,0,0,1
img_001786.jpg,1782717154.9758754,30,0.09344256000000002,0,0,0,1
img_001787.jpg,1782717155.0652404,30,0.0615862647765074,0,0,0,1
img_001788.jpg,1782717155.1664777,30,0.08795648534628901,0,0,0,1
img_001789.jpg,1782717155.2560153,30,0.09963817966133111,0,0,0,1
img_001790.jpg,1782717155.336146,30,0.06566968322006538,0,0,0,1
img_001791.jpg,1782717173.8097417,30,-0.0249623585170485,0,0,0,1
img_001792.jpg,1782717173.8938994,30,-0.016452229274080823,0,0,0,1
img_001793.jpg,1782717173.9773483,30,-0.010843360329996821,0,0,0,1
img_001794.jpg,1782717174.066099,30,0.0,0,0,0,1
img_001795.jpg,1782717174.145026,30,0.0,0,0,0,1
img_001796.jpg,1782717174.2266982,30,0.0,0,0,0,1
img_001797.jpg,1782717174.3107727,30,0.0,0,0,0,1
img_001798.jpg,1782717174.3939812,30,0.0,0,0,0,1
img_001799.jpg,1782717174.4608974,30,0.0,0,0,0,1
img_001800.jpg,1782717174.5474777,30,0.0,0,0,0,1
img_001801.jpg,1782717174.6612322,30,0.0,0,0,0,1
img_001802.jpg,1782717174.726486,30,0.0,0,0,0,1
img_001803.jpg,1782717174.8103268,30,0.0,0,0,0,1
img_001804.jpg,1782717174.8962889,30,0.0,0,0,0,1
img_001805.jpg,1782717174.984008,30,0.0,0,0,0,1
img_001806.jpg,1782717175.0632033,30,0.0,0,0,0,1
img_001807.jpg,1782717175.1439822,30,0.0,0,0,0,1
img_001808.jpg,1782717175.2282174,30,0.0,0,0,0,1
img_001809.jpg,1782717175.3098726,30,-0.08,0,0,0,1
img_001810.jpg,1782717175.3921978,30,-0.05272652185600001,0,0,0,1
img_001811.jpg,1782717175.4904497,30,-0.03475107633789058,0,0,0,1
img_001812.jpg,1782717175.587185,30,-0.022903792325616408,0,1,0,0
img_001813.jpg,1782717175.6732376,30,-0.015095466333023737,0,1,0,0
img_001814.jpg,1782717175.751889,30,0.0,0,1,0,0
img_001815.jpg,1782717175.8328357,30,0.0,0,1,0,0
img_001816.jpg,1782717175.9258497,30,0.0,0,1,0,0
img_001817.jpg,1782717175.9851465,30,0.0,0,1,0,0
img_001818.jpg,1782717176.07038,30,0.0,0,1,0,0
img_001819.jpg,1782717176.1679993,30,0.0,0,1,0,0
img_001820.jpg,1782717176.2487764,30,0.0,0,1,0,0
img_001821.jpg,1782717176.3267963,30,0.0,0,1,0,0
img_001822.jpg,1782717176.3868513,30,0.0,0,1,0,0
img_001823.jpg,1782717176.4726624,30,0.0,0,1,0,0
img_001824.jpg,1782717176.5878391,30,0.0,0,1,0,0
img_001825.jpg,1782717176.6523192,30,0.0,0,1,0,0
img_001826.jpg,1782717176.7359493,30,0.0,0,1,0,0
img_001827.jpg,1782717176.8296163,30,0.0,0,1,0,0
img_001828.jpg,1782717176.9121246,30,0.0,0,1,0,0
img_001829.jpg,1782717176.9881039,30,0.0,0,1,0,0
img_001830.jpg,1782717177.068424,30,0.0,0,1,0,0
img_001831.jpg,1782717177.1582968,30,0.0,0,1,0,0
img_001832.jpg,1782717177.2365448,30,0.0,0,1,0,0
img_001833.jpg,1782717177.3130553,30,0.0,0,1,0,0
img_001834.jpg,1782717177.3933666,30,0.0,0,1,0,0
img_001835.jpg,1782717177.4851167,30,0.0,0,1,0,0
img_001836.jpg,1782717177.5668824,30,0.0,0,1,0,0
img_001837.jpg,1782717177.6322467,30,0.0,0,1,0,0
img_001838.jpg,1782717177.7299893,30,0.0,0,1,0,0
img_001839.jpg,1782717177.8143928,30,0.0,0,1,0,0
img_001840.jpg,1782717177.8954232,30,0.0,0,1,0,0
img_001841.jpg,1782717177.9836526,30,0.0,0,1,0,0
img_001842.jpg,1782717178.077754,30,0.0,0,1,0,0
img_001843.jpg,1782717178.1616507,30,0.0,0,1,0,0
img_001844.jpg,1782717178.2421985,30,0.0,0,1,0,0
img_001845.jpg,1782717178.3353047,30,0.0,0,1,0,0
img_001846.jpg,1782717178.413068,30,0.0,0,1,0,0
img_001847.jpg,1782717178.4934435,30,0.0,0,1,0,0
img_001848.jpg,1782717178.5559955,30,0.0,0,1,0,0
img_001849.jpg,1782717178.651189,30,0.0,0,1,0,0
img_001850.jpg,1782717178.7350266,30,0.0,0,1,0,0
img_001851.jpg,1782717178.8138754,30,0.0,0,1,0,0
img_001852.jpg,1782717178.8865192,30,0.0,0,1,0,0
img_001853.jpg,1782717178.9999769,30,0.0,0,1,0,0
img_001854.jpg,1782717179.0640895,30,0.0,0,1,0,0
img_001855.jpg,1782717179.1442022,30,0.0,0,1,0,0
img_001856.jpg,1782717179.2292137,30,0.0,0,1,0,0
img_001857.jpg,1782717179.3173742,30,0.0,0,1,0,0
img_001858.jpg,1782717179.3961225,30,0.0,0,1,0,0
img_001859.jpg,1782717179.4752204,30,0.0,0,1,0,0
img_001860.jpg,1782717179.5411048,30,0.0,0,1,0,0
img_001861.jpg,1782717179.6569467,30,0.0,0,1,0,0
img_001862.jpg,1782717179.7234466,30,0.0,0,1,0,0
img_001863.jpg,1782717179.8060634,30,0.0,0,1,0,0
img_001864.jpg,1782717179.9017584,30,0.0,0,1,0,0
img_001865.jpg,1782717179.9832234,30,0.0,0,1,0,0
img_001866.jpg,1782717180.0607884,30,0.0,0,1,0,0
img_001867.jpg,1782717180.125314,30,0.0,0,1,0,0
img_001868.jpg,1782717180.2178738,30,0.0,0,1,0,0
img_001869.jpg,1782717180.302465,30,0.0,0,1,0,0
img_001870.jpg,1782717180.3828065,30,0.0,0,1,0,0
img_001871.jpg,1782717180.441076,30,0.0,0,1,0,0
img_001872.jpg,1782717180.553751,30,0.0,0,1,0,0
img_001873.jpg,1782717180.6170468,30,0.0,0,1,0,0
img_001874.jpg,1782717180.7020257,30,0.0,0,1,0,0
img_001875.jpg,1782717180.7839992,30,0.0,0,1,0,0
img_001876.jpg,1782717180.8803842,30,0.0,0,1,0,0
img_001877.jpg,1782717180.9720027,30,0.0,0,1,0,0
img_001878.jpg,1782717181.057957,30,0.0,0,1,0,0
img_001879.jpg,1782717181.1488848,30,0.0,0,1,0,0
img_001880.jpg,1782717181.2263243,30,0.0,0,1,0,0
img_001881.jpg,1782717181.3033645,30,0.0,0,0,0,1
img_001882.jpg,1782717181.3861637,30,0.0,0,0,0,1
img_001883.jpg,1782717181.47887,30,0.0,0,0,0,1
img_001884.jpg,1782717181.5388706,30,0.0,0,0,0,1
img_001885.jpg,1782717181.6190078,30,0.0,0,0,0,1
img_001886.jpg,1782717181.7058983,30,0.0,0,0,0,1
img_001887.jpg,1782717181.7936106,30,0.0,0,0,0,1
img_001888.jpg,1782717181.8819106,30,0.0,0,0,0,1
img_001889.jpg,1782717181.9652002,30,0.0,0,0,0,1
img_001890.jpg,1782717182.0237875,30,0.0,0,0,0,1
img_001891.jpg,1782717182.1152236,30,0.0,0,0,0,1
img_001892.jpg,1782717182.2022688,30,0.0,0,0,0,1
img_001893.jpg,1782717182.2867785,30,0.0,0,0,0,1
img_001894.jpg,1782717182.38018,30,0.0,0,0,0,1
img_001895.jpg,1782717182.4560978,30,0.0,0,0,0,1
img_001896.jpg,1782717182.5330012,30,0.0,0,0,0,1
img_001897.jpg,1782717182.59675,30,0.0,0,0,0,1
img_001898.jpg,1782717182.6925254,30,0.0,0,0,0,1
img_001899.jpg,1782717182.778076,30,0.0,0,0,0,1
img_001900.jpg,1782717182.864212,30,0.0,0,0,0,1
img_001901.jpg,1782717182.9430616,30,0.0,0,0,0,1
img_001902.jpg,1782717183.035249,30,0.0,0,0,0,1
img_001903.jpg,1782717183.1068041,30,0.0,0,0,0,1
img_001904.jpg,1782717183.184345,30,0.0,0,0,0,1
img_001905.jpg,1782717183.2629828,30,-0.06,0,0,0,1
img_001906.jpg,1782717183.3573678,30,-0.05731143680000001,0,0,0,1
img_001907.jpg,1782717183.4384685,30,-0.03777290906292455,0,0,0,1
img_001908.jpg,1782717183.5150478,30,-0.024895426440887398,0,0,0,1
img_001909.jpg,1782717183.5957048,30,-0.016408115579373626,0,0,0,1
img_001910.jpg,1782717183.6870737,30,-0.010814285808895223,0,0,0,1
img_001911.jpg,1782717183.749424,30,0.0,0,0,0,1
img_001912.jpg,1782717183.8274345,30,-0.02,0,0,0,1
img_001913.jpg,1782717183.9232068,30,-0.09200000000000001,0,0,0,1
img_001914.jpg,1782717184.0127854,30,-0.06063550013440003,0,0,0,1
img_001915.jpg,1782717184.0950856,30,-0.039963737788574184,0,0,0,1
img_001916.jpg,1782717184.173685,30,-0.09382530766424921,0,0,0,1
img_001917.jpg,1782717184.2676117,30,-0.061838526690062026,0,0,0,1
img_001918.jpg,1782717184.3491025,30,-0.040756630363329945,0,0,0,1
img_001919.jpg,1782717184.4150789,30,-0.026861942020362878,0,0,0,1
img_001920.jpg,1782717184.498064,30,-0.017704209662890855,0,0,0,1
img_001921.jpg,1782717184.5951455,30,-0.011668517471670265,0,0,0,1
img_001922.jpg,1782717184.6735477,30,0.0,0,0,0,1
img_001923.jpg,1782717184.7541027,30,0.0,0,0,0,1
img_001924.jpg,1782717184.8362746,30,0.0,0,0,0,1
img_001925.jpg,1782717184.9238532,30,-0.06,0,0,0,1
img_001926.jpg,1782717185.01124,30,-0.10156800000000002,0,0,0,1
img_001927.jpg,1782717185.0986185,30,-0.06694159214837761,0,0,0,1
img_001928.jpg,1782717185.1932654,30,-0.044119966518585886,0,0,0,1
img_001929.jpg,1782717185.249688,30,-0.02907865473660259,0,0,0,1
img_001930.jpg,1782717185.3265119,30,-0.019165204056406936,0,0,0,1
img_001931.jpg,1782717185.4078104,30,-0.012631431881935504,0,0,0,1
img_001932.jpg,1782717185.5026245,30,0.0,0,0,0,1
img_001933.jpg,1782717185.5681396,30,0.0,0,0,0,1
img_001934.jpg,1782717185.6501338,30,0.0,0,0,0,1
img_001935.jpg,1782717185.7357998,30,-0.06,0,0,0,1
img_001936.jpg,1782717185.8292198,30,-0.07786880000000002,0,0,0,1
img_001937.jpg,1782717185.9110754,30,-0.05132188731375619,0,0,0,1
img_001938.jpg,1782717185.9687448,30,-0.033825307664249196,0,0,0,1
img_001939.jpg,1782717186.0508962,30,-0.022293635298061998,0,0,0,1
img_001940.jpg,1782717186.161725,30,-0.01469332310991199,0,0,0,1
img_001941.jpg,1782717186.2238262,30,0.0,0,0,0,1
img_001942.jpg,1782717186.3051684,30,0.0,0,0,0,1
img_001943.jpg,1782717186.3852758,30,-0.0736,0,0,0,1
img_001944.jpg,1782717186.4736662,30,-0.048508400107520014,0,0,0,1
img_001945.jpg,1782717186.5594254,30,-0.12462772809891842,0,0,0,1
img_001946.jpg,1782717186.6398883,30,-0.12819363633789058,0,0,0,1
img_001947.jpg,1782717186.718164,30,-0.0844900571021238,0,0,0,1
img_001948.jpg,1782717186.807918,30,-0.0805280820979595,0,0,0,1
img_001949.jpg,1782717186.8718553,30,-0.0938537711926959,0,0,0,1
img_001950.jpg,1782717186.9571402,30,-0.061857286475746315,0,0,0,1
img_001951.jpg,1782717187.0715892,30,-0.08816752669122596,0,0,0,1
img_001952.jpg,1782717187.1401815,30,-0.09980251502413738,0,0,0,1
img_001953.jpg,1782717187.2275333,30,-0.06577799362129938,0,0,0,1
img_001954.jpg,1782717187.3082123,30,-0.14051575413159545,0,0,0,1
img_001955.jpg,1782717187.393463,30,-0.1149923562289659,0,0,0,1
img_001956.jpg,1782717187.469975,30,-0.07578933729974387,0,0,0,1
img_001957.jpg,1782717187.5531368,30,-0.04995135186983377,0,0,0,1
img_001958.jpg,1782717187.6194277,30,-0.03292201307626921,0,0,0,1
img_001959.jpg,1782717187.7084327,30,-0.021698290525117837,0,0,0,1
img_001960.jpg,1782717187.7975812,30,-0.014300942370130796,0,0,0,1
img_001961.jpg,1782717187.8789222,30,-0.06730431762207871,0,0,0,1
img_001962.jpg,1782717187.9715405,30,-0.04435903217629625,0,0,0,1
img_001963.jpg,1782717188.0477335,30,-0.029236218494431143,0,0,0,1
img_001964.jpg,1782717188.125491,30,-0.08474553533368653,0,0,0,1
img_001965.jpg,1782717188.1934128,30,-0.09713785141791771,0,0,0,1
img_001966.jpg,1782717188.2892685,30,-0.08958887290532229,0,0,0,1
img_001967.jpg,1782717188.3720763,30,-0.1560217630728965,0,0,0,1
img_001968.jpg,1782717188.4577506,30,-0.10283106125843415,0,0,0,1
img_001969.jpg,1782717188.5511775,30,-0.06777405248648131,0,0,0,1
img_001970.jpg,1782717188.6288702,30,-0.08663084138259318,0,0,0,1
img_001971.jpg,1782717188.702917,30,-0.05709678689453712,0,0,0,1
img_001972.jpg,1782717188.784201,30,-0.06090373616986666,0,0,0,1
img_001973.jpg,1782717188.852145,30,-0.10233292229417516,0,0,0,1
img_001974.jpg,1782717188.9571228,30,-0.06744573829915222,0,0,0,1
img_001975.jpg,1782717189.0230381,30,-0.04445223993155384,0,0,0,1
img_001976.jpg,1782717189.1019886,30,-0.02929765000374037,0,0,0,1
img_001977.jpg,1782717189.1999438,30,-0.04098863020722358,0,0,0,1
img_001978.jpg,1782717189.2901301,30,-0.04369182532049832,0,0,0,1
img_001979.jpg,1782717189.3660474,30,-0.028796474783622367,0,0,0,1
img_001980.jpg,1782717189.4397888,30,-0.018979224463180223,0,0,0,1
img_001981.jpg,1782717189.5159266,30,-0.07606401558563575,0,0,0,1
img_001982.jpg,1782717189.5929294,30,-0.050132387252889356,0,0,0,1
img_001983.jpg,1782717189.6786313,30,-0.03304133015228659,0,0,0,1
img_001984.jpg,1782717189.7761908,30,-0.021776930205323137,0,0,0,1
img_001985.jpg,1782717189.8576322,30,-0.029928698689504856,0,0,0,1
img_001986.jpg,1782717189.936495,30,-0.04144070904312251,0,0,0,1
img_001987.jpg,1782717190.0226142,30,-0.11172545231967274,0,0,0,1
img_001988.jpg,1782717190.1199481,30,-0.07363618129505889,0,0,0,1
img_001989.jpg,1782717190.2044427,30,-0.04853224653057877,0,0,0,1
img_001990.jpg,1782717190.280429,30,-0.03198670696769178,0,0,0,1
img_001991.jpg,1782717190.3684146,30,-0.02108184755041835,0,0,0,1
img_001992.jpg,1782717190.463247,30,-0.0778436757666741,0,0,0,1
img_001993.jpg,1782717190.5280097,30,-0.0513053283957865,0,0,0,1
img_001994.jpg,1782717190.6144671,30,-0.056754776073229554,0,0,0,1
img_001995.jpg,1782717190.7250314,30,-0.1258143939873712,0,0,0,1
img_001996.jpg,1782717190.8088913,30,-0.08292194242968155,0,0,0,1
img_001997.jpg,1782717190.8699882,30,-0.054652320123257235,0,0,0,1
img_001998.jpg,1782717190.9530542,30,-0.12388013451339666,0,0,0,1
img_001999.jpg,1782717191.0650997,30,-0.08164710774931037,0,0,0,1
img_002000.jpg,1782717191.128301,30,-0.15511533912936554,0,0,0,1
img_002001.jpg,1782717191.2072208,30,-0.12545139614029002,0,0,0,1
img_002002.jpg,1782717191.3038259,30,-0.08268269725570898,0,0,0,1
img_002003.jpg,1782717191.3919919,30,-0.1251826349572321,0,0,0,1
img_002004.jpg,1782717191.4711895,30,-0.0825055617258021,0,0,0,1
img_002005.jpg,1782717191.552911,30,-0.054377891294713286,0,0,0,1
img_002006.jpg,1782717191.648806,30,-0.12362765999113623,0,0,0,1
img_002007.jpg,1782717191.7323256,30,-0.08148070645660979,0,0,0,1
img_002008.jpg,1782717191.7961633,30,-0.053702428122834475,0,0,0,1
img_002009.jpg,1782717191.8868055,30,-0.035394278126736275,0,0,0,1
img_002010.jpg,1782717191.9789755,30,-0.023327714740333794,0,0,0,1
img_002011.jpg,1782717192.0612307,30,-0.07494457775621853,0,0,0,1
img_002012.jpg,1782717192.1443734,30,-0.049394586463149356,0,0,0,1
img_002013.jpg,1782717192.236604,30,-0.032555059283966584,0,0,0,1
img_002014.jpg,1782717192.3202932,30,-0.021456438060743006,0,0,0,1
img_002015.jpg,1782717192.4036446,30,-0.014141541879520957,0,0,0,1
img_002016.jpg,1782717192.4851806,30,-0.07196940104682654,0,0,0,1
img_002017.jpg,1782717192.5814207,30,-0.06588623144536317,0,0,0,1
img_002018.jpg,1782717192.6651292,30,-0.09130481779172696,0,0,0,1
img_002019.jpg,1782717192.7450576,30,-0.10224548595660429,0,0,0,1
img_002020.jpg,1782717192.8317537,30,-0.067388110624603,0,0,0,1
img_002021.jpg,1782717192.927578,30,-0.04441425859603345,0,0,0,1
img_002022.jpg,1782717193.0091324,30,-0.029272617207272426,0,0,0,1
img_002023.jpg,1782717193.0911748,30,-0.019293041137019646,0,0,0,1
img_002024.jpg,1782717193.1862483,30,-0.09774959784605809,0,0,0,1
img_002025.jpg,1782717193.2532394,30,-0.06442495384056741,0,0,0,1
img_002026.jpg,1782717193.3299894,30,-0.042461296709330874,0,0,0,1
img_002027.jpg,1782717193.4160337,30,-0.027985456112232947,0,0,0,1
img_002028.jpg,1782717193.5279667,30,-0.018444697041897246,0,0,0,1
img_002029.jpg,1782717193.612889,30,-0.012156559021336175,0,0,0,1
img_002030.jpg,1782717193.6909175,30,0.0,0,0,0,1
img_002031.jpg,1782717193.7506702,30,0.0,0,0,0,1
img_002032.jpg,1782717193.8441842,30,-0.033856000000000004,0,0,0,1
img_002033.jpg,1782717193.9186716,30,-0.022313864049459207,0,0,0,1
img_002034.jpg,1782717193.9984741,30,-0.014706655506195295,0,0,0,1
img_002035.jpg,1782717194.0826612,30,0.0,0,0,0,1
img_002036.jpg,1782717194.1700118,30,0.0,0,0,0,1
img_002037.jpg,1782717194.2361133,30,0.0,0,0,0,1
img_002038.jpg,1782717194.3290267,30,0.0,0,0,0,1
img_002039.jpg,1782717194.4274611,30,0.0,0,0,0,1
img_002040.jpg,1782717194.5032692,30,0.0,0,0,0,1
img_002041.jpg,1782717194.5835736,30,-0.0552,0,0,0,1
img_002042.jpg,1782717194.66685,30,-0.03638130008064001,0,0,0,1
img_002043.jpg,1782717194.7625227,30,-0.023978242673144502,0,0,0,1
img_002044.jpg,1782717194.844394,30,-0.01580361670467532,0,0,0,1
img_002045.jpg,1782717194.906624,30,-0.010415871769786377,0,0,0,1
img_002046.jpg,1782717194.9953763,30,0.0,0,0,0,1
img_002047.jpg,1782717195.0820777,30,0.0,0,0,0,1
img_002048.jpg,1782717195.162862,30,0.0,0,0,0,1
img_002049.jpg,1782717195.249512,30,0.0,0,0,0,1
img_002050.jpg,1782717195.337968,30,0.0,0,0,0,1
img_002051.jpg,1782717195.4282863,30,0.0,0,0,0,1
img_002052.jpg,1782717195.5118291,30,0.0,0,0,0,1
img_002053.jpg,1782717195.593628,30,0.0,0,0,0,1
img_002054.jpg,1782717195.6857839,30,0.0,0,0,0,1
img_002055.jpg,1782717195.736619,30,0.0,0,0,0,1
img_002056.jpg,1782717195.8218954,30,0.0,0,0,0,1
img_002057.jpg,1782717195.902112,30,0.0,0,0,0,1
img_002058.jpg,1782717195.9988406,30,0.0,0,0,0,1
img_002059.jpg,1782717196.0812385,30,0.0,0,0,0,1
img_002060.jpg,1782717196.1653256,30,0.0,0,0,0,1
img_002061.jpg,1782717196.257749,30,0.0,0,0,0,1
img_002062.jpg,1782717196.3368704,30,0.0,0,0,0,1
img_002063.jpg,1782717196.3964672,30,0.0,0,0,0,1
img_002064.jpg,1782717196.478598,30,0.0,0,0,1,0
img_002065.jpg,1782717196.5711925,30,0.0,0,0,1,0
img_002066.jpg,1782717196.6521366,30,0.0,0,0,1,0
img_002067.jpg,1782717196.7323241,30,0.0,0,0,1,0
img_002068.jpg,1782717196.812085,30,0.0,0,0,1,0
img_002069.jpg,1782717196.9073186,30,0.0,0,0,1,0
img_002070.jpg,1782717196.9840453,30,0.0,0,0,1,0
img_002071.jpg,1782717197.0632718,30,0.0,0,0,1,0
img_002072.jpg,1782717197.1223302,30,0.0,0,0,1,0
img_002073.jpg,1782717197.2152104,30,0.04,0,0,1,0
img_002074.jpg,1782717197.2933652,30,0.11040000000000001,0,0,1,0
img_002075.jpg,1782717197.3764746,30,0.07276260016128001,0,0,1,0
img_002076.jpg,1782717197.4618764,30,0.047956485346289005,0,0,1,0
img_002077.jpg,1782717197.5584805,30,0.03160723340935064,0,0,1,0
img_002078.jpg,1782717197.64505,30,0.020831743539572754,0,0,1,0
img_002079.jpg,1782717197.7041085,30,0.013729817262973374,0,0,1,0
img_002080.jpg,1782717197.7968972,30,0.0,0,0,1,0
img_002081.jpg,1782717197.8772352,30,0.06,0,0,1,0
img_002082.jpg,1782717197.9536023,30,0.16,0,0,1,0
img_002083.jpg,1782717198.0371084,30,0.15573760000000003,0,0,1,0
img_002084.jpg,1782717198.1336277,30,0.10264377462751238,0,0,1,0
img_002085.jpg,1782717198.219359,30,0.20264377462751235,0,0,1,0
img_002086.jpg,1782717198.2972922,30,0.22230169084472645,0,0,1,0
img_002087.jpg,1782717198.3774035,30,0.14651493701187784,0,0,1,0
img_002088.jpg,1782717198.468589,30,0.1840102426868534,0,0,1,0
img_002089.jpg,1782717198.5486689,30,0.2840102426868534,0,0,1,0
img_002090.jpg,1782717198.6278937,30,0.38401024268685346,0,0,1,0
img_002091.jpg,1782717198.712758,30,0.48401024268685355,0,0,1,0
img_002092.jpg,1782717198.8032897,30,0.4080404878573407,0,0,1,0
img_002093.jpg,1782717198.8842134,30,0.2689319462642873,0,0,1,0
img_002094.jpg,1782717198.9468899,30,0.3689319462642874,0,0,1,0
img_002095.jpg,1782717199.0379806,30,0.3184303993726455,0,0,1,0
img_002096.jpg,1782717199.1190426,30,0.4184303993726456,0,0,1,0
img_002097.jpg,1782717199.2026012,30,0.35697425082668677,0,0,1,0
img_002098.jpg,1782717199.2898707,30,0.23527513297803163,0,0,1,0
img_002099.jpg,1782717199.378204,30,0.22320592274839748,0,0,1,0
img_002100.jpg,1782717199.458993,30,0.20495529357310416,0,0,1,0
img_002101.jpg,1782717199.5363786,30,0.13508224707606467,0,0,1,0
img_002102.jpg,1782717199.6198683,30,0.20427566730997948,0,0,1,0
img_002103.jpg,1782717199.7069173,30,0.3042756673099795,0,0,1,0
img_002104.jpg,1782717199.7878075,30,0.2680833308262734,0,0,1,0
img_002105.jpg,1782717199.8698123,30,0.21205301089729328,0,0,1,0
img_002106.jpg,1782717199.950807,30,0.3120530108972933,0,0,1,0
img_002107.jpg,1782717200.0537026,30,0.4120530108972934,0,0,1,0
img_002108.jpg,1782717200.1384697,30,0.3095197353536243,0,0,1,0
img_002109.jpg,1782717200.2206855,30,0.20399873863732768,0,0,1,0
img_002110.jpg,1782717200.3098068,30,0.23266453238263413,0,0,1,0
img_002111.jpg,1782717200.3684494,30,0.3326645323826342,0,0,1,0
img_002112.jpg,1782717200.451157,30,0.2192530467173623,0,0,1,0
img_002113.jpg,1782717200.5297863,30,0.14450563199671995,0,0,1,0
img_002114.jpg,1782717200.6082246,30,0.09524099204737686,0,0,1,0
img_002115.jpg,1782717200.6912289,30,0.06277157810966424,0,0,1,0
img_002116.jpg,1782717200.780639,30,0.04137158731418529,0,0,1,0
img_002117.jpg,1782717200.8684287,30,0.02726724878423505,0,0,1,0
img_002118.jpg,1782717200.9631147,30,0.017971339862186988,0,0,1,0
img_002119.jpg,1782717201.048095,30,0.011844578050315082,0,0,1,0
img_002120.jpg,1782717201.1310475,30,0.09089701180628988,0,0,1,0
img_002121.jpg,1782717201.220229,30,0.07944583854306296,0,0,1,0
img_002122.jpg,1782717201.2994432,30,0.05236128427886322,0,0,1,0
img_002123.jpg,1782717201.3798025,30,0.12817238153655416,0,0,1,0
img_002124.jpg,1782717201.4401548,30,0.1061496509992214,0,0,1,0
img_002125.jpg,1782717201.5319374,30,0.06996127366771526,0,0,1,0
img_002126.jpg,1782717201.6162071,30,0.04611018281392984,0,0,1,0
img_002127.jpg,1782717201.6994476,30,0.03039036952403535,0,0,1,0
img_002128.jpg,1782717201.7852113,30,0.02002973103651208,0,0,1,0
img_002129.jpg,1782717201.8765035,30,0.013201225640830698,0,0,1,0
img_002130.jpg,1782717201.952154,30,0.09214512758956425,0,0,1,0
img_002131.jpg,1782717202.0309157,30,0.10289982511246262,0,0,1,0
img_002132.jpg,1782717202.09516,30,0.06781937347213549,0,0,1,0
img_002133.jpg,1782717202.2102704,30,0.04469849597048474,0,0,1,0
img_002134.jpg,1782717202.2742388,30,0.029459952808976154,0,0,1,0
img_002135.jpg,1782717202.355797,30,0.019416510570740127,0,0,1,0
img_002136.jpg,1782717202.4438932,30,0.012797063362192307,0,0,1,0
img_002137.jpg,1782717202.5207634,30,0.02,0,0,1,0
img_002138.jpg,1782717202.6070504,30,0.09200000000000001,0,0,1,0
img_002139.jpg,1782717202.666188,30,0.06063550013440003,0,0,1,0
img_002140.jpg,1782717202.7801385,30,0.039963737788574184,0,0,0,1
img_002141.jpg,1782717202.8591475,30,0.02633936117445888,0,0,0,1
img_002142.jpg,1782717202.9469438,30,0.06051014447421704,0,0,0,1
img_002143.jpg,1782717203.0269701,30,0.10199978628297732,0,0,0,1
img_002144.jpg,1782717203.1058233,30,0.06722617450945917,0,0,0,1
img_002145.jpg,1782717203.1853917,30,0.14184808054870243,0,0,0,1
img_002146.jpg,1782717203.2692444,30,0.14160291814630802,0,0,0,1
img_002147.jpg,1782717203.352032,30,0.09332786698143362,0,0,0,1
img_002148.jpg,1782717203.4468286,30,0.1341927066130854,0,0,0,1
img_002149.jpg,1782717203.527443,30,0.08844393347688306,0,0,0,1
img_002150.jpg,1782717203.6172926,30,0.13485894529483383,0,0,0,1
img_002151.jpg,1782717203.7089682,30,0.11093985820224408,0,0,0,1
img_002152.jpg,1782717203.7964137,30,0.09947653339948594,0,0,0,1
img_002153.jpg,1782717203.8772664,30,0.08559214741259662,0,0,0,1
img_002154.jpg,1782717203.9552808,30,0.05641220289065313,0,0,0,1
img_002155.jpg,1782717204.040891,30,0.08072750544451691,0,0,0,1
img_002156.jpg,1782717204.1259117,30,0.05320600725250852,0,0,0,1
img_002157.jpg,1782717204.2076514,30,0.10503356453852322,0,0,0,1
img_002158.jpg,1782717204.2897987,30,0.11293589630337357,0,0,0,1
img_002159.jpg,1782717204.3823125,30,0.1555889426311754,0,0,0,1
img_002160.jpg,1782717204.4590244,30,0.21674182722068133,0,0,0,1
img_002161.jpg,1782717204.5400991,30,0.24345028255958465,0,0,0,1
img_002162.jpg,1782717204.6240065,30,0.3434502825595847,0,0,0,1
img_002163.jpg,1782717204.7070599,30,0.22636173537284154,0,0,0,1
img_002164.jpg,1782717204.7931805,30,0.14919083734372776,0,0,0,1
img_002165.jpg,1782717204.8840199,30,0.09832892432398754,0,0,0,1
img_002166.jpg,1782717204.9784691,30,0.06480677721807125,0,0,0,1
img_002167.jpg,1782717205.0504503,30,0.04271294944256946,0,0,0,1
img_002168.jpg,1782717205.130275,30,0.028151315778973274,0,0,0,1
img_002169.jpg,1782717205.193682,30,0.018554012083689904,0,0,0,1
img_002170.jpg,1782717205.287223,30,0.012228606545589552,0,0,0,1
img_002171.jpg,1782717205.3689356,30,0.0,0,0,0,1
img_002172.jpg,1782717205.4512799,30,0.0,0,0,0,1
img_002173.jpg,1782717205.5490472,30,0.0,0,0,0,1
img_002174.jpg,1782717205.633286,30,0.0,0,0,0,1
img_002175.jpg,1782717205.7189977,30,0.02,0,0,0,1
img_002176.jpg,1782717205.797318,30,0.12000000000000001,0,0,0,1
img_002177.jpg,1782717205.894051,30,0.10029501440000003,0,0,0,1
img_002178.jpg,1782717205.9704733,30,0.06610259086011797,0,0,0,1
img_002179.jpg,1782717206.0526464,30,0.04356699627155296,0,0,0,1
img_002180.jpg,1782717206.1373599,30,0.02871420226390385,0,0,0,1
img_002181.jpg,1782717206.2338736,30,0.06235940473247477,0,0,0,1
img_002182.jpg,1782717206.2943246,30,0.07970604015232133,0,0,0,1
img_002183.jpg,1782717206.3720715,30,0.052532778351832315,0,0,0,1
img_002184.jpg,1782717206.4612837,30,0.03462338357405363,0,0,0,1
img_002185.jpg,1782717206.5607524,30,0.022819632384325134,0,0,0,1
img_002186.jpg,1782717206.6453354,30,0.015039998070725062,0,0,0,1
img_002187.jpg,1782717206.7099466,30,-0.009225451263718982,0,0,0,1
img_002188.jpg,1782717206.8061411,30,-0.08208741516262147,0,0,0,1
img_002189.jpg,1782717206.8901324,30,-0.054102298620931355,0,0,0,1
img_002190.jpg,1782717206.9743721,30,-0.035657825383704704,0,0,0,1
img_002191.jpg,1782717207.0530248,30,-0.023501413867891726,0,0,0,1
img_002192.jpg,1782717207.1499293,30,-0.015489347649403684,0,0,0,1
img_002193.jpg,1782717207.2260532,30,-0.010208742842143322,0,0,0,1
img_002194.jpg,1782717207.3094838,30,0.0,0,0,0,1
img_002195.jpg,1782717207.3897293,30,0.014327859200000003,0,0,0,1
img_002196.jpg,1782717207.5039768,30,0.0,0,0,0,1
img_002197.jpg,1782717207.5769355,30,0.1,0,0,0,1
img_002198.jpg,1782717207.6566374,30,0.06590815232000002,0,0,0,1
img_002199.jpg,1782717207.7451332,30,0.043438845422363245,0,0,0,1
img_002200.jpg,1782717207.8403113,30,0.1135637377885742,0,0,0,1
img_002201.jpg,1782717207.9203918,30,0.0748477612819789,0,0,0,1
img_002202.jpg,1782717208.0031056,30,0.04933077651383664,0,0,0,1
img_002203.jpg,1782717208.1187758,30,0.032513003325378244,0,0,0,1
img_002204.jpg,1782717208.200061,30,0.021428719755496962,0,0,0,1
img_002205.jpg,1782717208.2811496,30,0.014123273256678873,0,0,0,1
img_002206.jpg,1782717208.362747,30,0.0,0,0,0,1
img_002207.jpg,1782717208.455937,30,0.0,0,0,0,1
img_002208.jpg,1782717208.5152194,30,0.0,0,0,0,1
img_002209.jpg,1782717208.601247,30,0.06,0,0,0,1
img_002210.jpg,1782717208.7206855,30,0.07786880000000002,0,0,0,1
img_002211.jpg,1782717208.8054535,30,0.10063550013440004,0,0,0,1
img_002212.jpg,1782717208.886247,30,0.16618466012364802,0,0,0,1
img_002213.jpg,1782717208.9696438,30,0.10952923892676827,0,0,0,1
img_002214.jpg,1782717209.0622406,30,0.07218869762679118,0,0,0,1
img_002215.jpg,1782717209.145924,30,0.04757823678968977,0,0,0,1
img_002216.jpg,1782717209.2289264,30,0.031357936774519014,0,0,0,1
img_002217.jpg,1782717209.329574,30,0.020667436733759294,0,0,0,1
img_002218.jpg,1782717209.406723,30,0.013621525683125715,0,0,0,1
img_002219.jpg,1782717209.4925427,30,0.0,0,0,0,1
img_002220.jpg,1782717209.575375,30,0.0,0,0,0,1
img_002221.jpg,1782717209.6669111,30,0.0,0,0,0,1
img_002222.jpg,1782717209.7469163,30,0.0,0,0,0,1
img_002223.jpg,1782717209.8317294,30,0.0,0,0,0,1
img_002224.jpg,1782717209.92637,30,0.0,0,0,0,1
img_002225.jpg,1782717210.0067656,30,0.0,0,0,0,1
img_002226.jpg,1782717210.0898857,30,0.0,0,0,0,1
img_002227.jpg,1782717210.173311,30,0.0,0,0,0,1
img_002228.jpg,1782717210.2664106,30,0.0,0,0,0,1
img_002229.jpg,1782717210.3509474,30,0.0,0,0,0,1
img_002230.jpg,1782717210.433355,30,0.0,0,0,0,1
img_002231.jpg,1782717210.5412376,30,0.0,0,0,0,1
img_002232.jpg,1782717210.6284645,30,0.0,0,0,0,1
img_002233.jpg,1782717210.712437,30,0.0,0,0,0,1
img_002234.jpg,1782717210.7938395,30,0.0,0,0,0,1
img_002235.jpg,1782717210.8882973,30,0.0,0,0,0,1
img_002236.jpg,1782717210.9685853,30,0.0,0,0,0,1
img_002237.jpg,1782717211.0498126,30,-0.04,0,0,0,1
img_002238.jpg,1782717211.136227,30,-0.14,0,0,0,1
img_002239.jpg,1782717211.2508757,30,-0.23999999999999996,0,0,0,1
img_002240.jpg,1782717211.3339064,30,-0.2944,0,0,0,1
img_002241.jpg,1782717211.417023,30,-0.19403360043008006,0,0,0,1
img_002242.jpg,1782717211.5158954,30,-0.12788396092343735,0,0,0,1
img_002243.jpg,1782717211.6265357,30,-0.08428595575826839,0,0,0,1
img_002244.jpg,1782717211.705939,30,-0.055551316105527354,0,0,0,1
img_002245.jpg,1782717211.836009,30,-0.03661284603459567,0,0,0,1
img_002246.jpg,1782717211.9264338,30,-0.024130850333168398,0,0,0,1
img_002247.jpg,1782717212.0365236,30,-0.015904197593695858,0,0,0,1
img_002248.jpg,1782717212.1679823,30,-0.010482162775326842,0,0,0,1
img_002249.jpg,1782717212.2561753,30,0.0,0,0,0,1
img_002250.jpg,1782717212.369182,30,0.0,0,0,0,1
img_002251.jpg,1782717212.4658065,30,0.0,0,0,0,1
img_002252.jpg,1782717212.5823672,30,0.0,0,0,0,1
img_002253.jpg,1782717212.6676536,30,0.0,0,0,0,1
img_002254.jpg,1782717212.7953198,30,0.0,0,0,0,1
img_002255.jpg,1782717212.9067302,30,0.0,0,0,0,1
img_002256.jpg,1782717212.9962926,30,0.0,0,0,0,1
img_002257.jpg,1782717213.1237986,30,0.0,0,0,0,1
img_002258.jpg,1782717213.209403,30,0.06,0,0,0,1
img_002259.jpg,1782717213.326027,30,0.03954489139200001,0,0,0,1
img_002260.jpg,1782717213.4551647,30,0.026063307253417937,0,0,0,1
img_002261.jpg,1782717213.5451088,30,0.017177844244212304,0,0,0,1
img_002262.jpg,1782717213.6608102,30,0.029234086684530213,0,0,0,1
img_002263.jpg,1782717213.763451,30,0.01926764638140101,0,0,0,1
img_002264.jpg,1782717213.8760366,30,0.048859485025440394,0,0,0,1
img_002265.jpg,1782717213.975092,30,0.03220238381333486,0,0,0,1
img_002266.jpg,1782717214.1023223,30,0.0650756098468381,0,0,0,1
img_002267.jpg,1782717214.1897228,30,0.04289013206102299,0,0,0,1
img_002268.jpg,1782717214.3262706,30,0.028268093569028194,0,0,0,1
img_002269.jpg,1782717214.4458492,30,0.018630978167435232,0,0,0,1
img_002270.jpg,1782717214.5359864,30,0.07576925992091718,0,0,0,1
img_002271.jpg,1782717214.6668751,30,0.06860842359175524,0,0,0,1
img_002272.jpg,1782717214.7581978,30,0.11807016972806164,0,0,0,1
img_002273.jpg,1782717214.8668432,30,0.0778178673088534,0,0,0,1
img_002274.jpg,1782717214.971382,30,0.07574817230227673,0,0,0,1
img_002275.jpg,1782717215.0558534,30,0.06859331657021807,0,0,0,1
img_002276.jpg,1782717215.1760187,30,0.045208587566439126,0,0,0,1
img_002277.jpg,1782717215.2764235,30,0.029796144755009284,0,0,0,1
img_002278.jpg,1782717215.3935683,30,0.019638088470619215,0,0,0,1
img_002279.jpg,1782717215.4800532,30,-0.005931411671791224,0,0,0,1
img_002280.jpg,1782717215.6065266,30,-0.03576623909188377,0,0,0,1
img_002281.jpg,1782717215.726408,30,-0.023572867339814146,0,0,0,1
img_002282.jpg,1782717215.8161285,30,-0.015536441312516242,0,0,0,1
img_002283.jpg,1782717215.940724,30,-0.010239781405360613,0,0,0,1
img_002284.jpg,1782717216.032992,30,0.0,0,0,0,1
img_002285.jpg,1782717216.1461928,30,0.04,0,0,0,1
img_002286.jpg,1782717216.2692661,30,0.026363260928000006,0,0,0,1
img_002287.jpg,1782717216.3557954,30,0.01737553816894529,0,0,0,1
img_002288.jpg,1782717216.4941046,30,0.011451896162808204,0,0,0,1
img_002289.jpg,1782717216.5861597,30,0.0,0,0,0,1
img_002290.jpg,1782717216.700963,30,0.0,0,0,0,1
img_002291.jpg,1782717216.8062937,30,0.06,0,0,0,1
img_002292.jpg,1782717216.9260445,30,0.05731143680000001,0,0,0,1
img_002293.jpg,1782717217.0183535,30,0.03777290906292455,0,0,0,1
img_002294.jpg,1782717217.1461651,30,0.024895426440887398,0,0,0,1
img_002295.jpg,1782717217.2367568,30,0.016408115579373626,0,0,0,1
img_002296.jpg,1782717217.3591435,30,0.010814285808895223,0,0,0,1
img_002297.jpg,1782717217.4662852,30,0.06,0,0,0,1
img_002298.jpg,1782717217.5859537,30,0.05731143680000001,0,0,0,1
img_002299.jpg,1782717217.717242,30,0.03777290906292455,0,0,0,1
img_002300.jpg,1782717217.8124301,30,0.04706024613139934,0,0,0,1
img_002301.jpg,1782717217.9299808,30,0.09061579232561642,0,0,0,1
img_002302.jpg,1782717218.0362155,30,0.059723194431942156,0,0,0,1
img_002303.jpg,1782717218.160977,30,0.03936245395657421,0,0,0,1
img_002304.jpg,1782717218.2561767,30,0.048198984902813914,0,0,0,1
img_002305.jpg,1782717218.386765,30,0.06867949115600237,0,0,0,1
img_002306.jpg,1782717218.4796124,30,0.06920150396054237,0,0,0,1
img_002307.jpg,1782717218.6053095,30,0.16920150396054234,0,0,0,1
img_002308.jpg,1782717218.7071424,30,0.22926538364369892,0,0,0,1
img_002309.jpg,1782717218.8310225,30,0.15110457826892149,0,0,0,1
img_002310.jpg,1782717218.9269269,30,0.18789491504681513,0,0,0,1
img_002311.jpg,1782717219.0655036,30,0.12383806681058956,0,0,0,1
img_002312.jpg,1782717219.1892834,30,0.164816539748483,0,0,0,1
img_002313.jpg,1782717219.296259,30,0.10862753606598355,0,0,0,1
img_002314.jpg,1782717219.4254267,30,0.09339376209981673,0,0,0,1
img_002315.jpg,1782717219.5472085,30,0.06155410298212565,0,0,0,1
img_002316.jpg,1782717219.6560152,30,0.07907896134294547,0,0,0,1
img_002317.jpg,1782717219.7783413,30,0.052119482294982415,0,0,0,1
img_002318.jpg,1782717219.8759434,30,0.12154992371138382,0,0,0,1
img_002319.jpg,1782717220.0062711,30,0.08011130886454265,0,0,0,1
img_002320.jpg,1782717220.103396,30,0.18011130886454263,0,0,0,1
img_002321.jpg,1782717220.236241,30,0.11870803579198844,0,0,0,1
img_002322.jpg,1782717220.3304632,30,0.15567448149433902,0,0,0,1
img_002323.jpg,1782717220.45524,30,0.1026021743866592,0,0,0,1
img_002324.jpg,1782717220.5578206,30,0.14204248040086834,0,0,0,1
img_002325.jpg,1782717220.6858785,30,0.09361757434171049,0,0,0,1
img_002326.jpg,1782717220.780769,30,0.15972816839437362,0,0,0,1
img_002327.jpg,1782717220.9161158,30,0.13442813535142378,0,0,0,1
img_002328.jpg,1782717221.036607,30,0.11063122899168715,0,0,0,1
img_002329.jpg,1782717221.1464279,30,0.1261472104410789,0,0,0,1
img_002330.jpg,1782717221.287105,30,0.08314129560493724,0,0,0,1
img_002331.jpg,1782717221.3967786,30,0.12557079260001888,0,0,0,1
img_002332.jpg,1782717221.5463316,30,0.13778046934812352,0,0,0,1
img_002333.jpg,1782717221.6860406,30,0.11303281746649149,0,0,0,1
img_002334.jpg,1782717221.8360658,30,0.15087097670363842,0,0,0,1
img_002335.jpg,1782717221.9460819,30,0.1574814191074028,0,0,0,1
img_002336.jpg,1782717222.0818965,30,0.15377641128190525,0,0,0,1
img_002337.jpg,1782717222.1960375,30,0.22147429837935279,0,0,0,1
img_002338.jpg,1782717222.3281324,30,0.14596961792551513,0,0,0,1
img_002339.jpg,1782717222.475424,30,0.14481230984318352,0,0,0,1
img_002340.jpg,1782717222.5765862,30,0.09544311774955577,0,0,0,1
img_002341.jpg,1782717222.705264,30,0.0629047954253342,0,0,0,1
img_002342.jpg,1782717222.8158472,30,0.04145938838551366,0,0,0,1
img_002343.jpg,1782717222.9462082,30,0.027325116848064743,0,0,0,1
img_002344.jpg,1782717223.0471935,30,0.018009479633840496,0,0,0,1
img_002345.jpg,1782717223.1851182,30,0.0660272235620826,0,0,0,1
img_002346.jpg,1782717223.285339,30,0.04351732307796433,0,0,0,1
img_002347.jpg,1782717223.415992,30,0.08761706225318902,0,0,0,1
img_002348.jpg,1782717223.5158463,30,0.05774678684814106,0,0,0,1
img_002349.jpg,1782717223.6381166,30,0.03805984023577854,0,0,0,1
img_002350.jpg,1782717223.7528403,30,0.025084537475345572,0,0,0,1
img_002351.jpg,1782717223.8751705,30,0.059533028317601905,0,0,0,1
img_002352.jpg,1782717223.9729521,30,0.0392371189842738,0,0,0,1
img_002353.jpg,1782717224.1063406,30,0.02586046014613482,0,0,0,1
img_002354.jpg,1782717224.2061858,30,0.017044151463767438,0,0,0,1
img_002355.jpg,1782717224.3267913,30,0.011233485308391354,0,0,0,1
img_002356.jpg,1782717224.4465005,30,0.0,0,0,0,1
img_002357.jpg,1782717224.5723734,30,0.04,0,0,0,1
img_002358.jpg,1782717224.6665049,30,0.0429835776,0,0,0,1
img_002359.jpg,1782717224.80829,30,0.07347079607418881,0,0,0,1
img_002360.jpg,1782717224.9058104,30,0.06696182027314451,0,0,0,1
img_002361.jpg,1782717225.0393424,30,0.06797097663246601,0,0,0,1
img_002362.jpg,1782717225.1365938,30,0.04479841481231731,0,0,0,1
img_002363.jpg,1782717225.2271242,30,0.029525807471447545,0,0,0,1
img_002364.jpg,1782717225.336929,30,0.07577464344383321,0,0,0,1
img_002365.jpg,1782717225.4319065,30,0.0499416674208985,0,0,0,1
img_002366.jpg,1782717225.5252736,30,0.1022706273050485,0,0,0,1
img_002367.jpg,1782717225.615813,30,0.06740468082283088,0,0,0,1
img_002368.jpg,1782717225.7228258,30,0.06828823881252306,0,0,0,1
img_002369.jpg,1782717225.8165295,30,0.0632490727360903,0,0,0,1
img_002370.jpg,1782717225.906479,30,0.04168629519988999,0,0,0,1
img_002371.jpg,1782717226.0069468,30,0.0904832802571869,0,0,0,1
img_002372.jpg,1782717226.1028807,30,0.059635858176039246,0,0,0,1
img_002373.jpg,1782717226.1680517,30,0.039304892244003124,0,0,0,1
img_002374.jpg,1782717226.2790961,30,0.02590512824938945,0,0,0,1
img_002375.jpg,1782717226.3690739,30,0.01707359138529895,0,0,0,1
img_002376.jpg,1782717226.4568374,30,0.011252888616717234,0,0,0,1
img_002377.jpg,1782717226.5586858,30,0.0,0,0,0,1
img_002378.jpg,1782717226.6319969,30,0.0,0,0,0,1
img_002379.jpg,1782717226.7252958,30,0.0,0,0,0,1
img_002380.jpg,1782717226.8062484,30,0.0,0,0,0,1
img_002381.jpg,1782717226.9159386,30,0.0,0,0,0,1
img_002382.jpg,1782717226.9862971,30,0.0,0,0,0,1
img_002383.jpg,1782717227.0766113,30,0.0,0,0,0,1
img_002384.jpg,1782717227.176774,30,0.0,0,0,0,1
img_002385.jpg,1782717227.2665427,30,0.0,0,0,0,1
img_002386.jpg,1782717227.3368876,30,0.0,0,0,0,1
img_002387.jpg,1782717227.4258611,30,0.0,0,0,0,1
img_002388.jpg,1782717227.526436,30,0.0,0,0,0,1
img_002389.jpg,1782717227.6208746,30,0.0,0,0,0,1
img_002390.jpg,1782717227.7059166,30,0.0,0,0,0,1
img_002391.jpg,1782717227.813263,30,0.0,0,0,0,1
img_002392.jpg,1782717227.883682,30,0.0,0,0,0,1
img_002393.jpg,1782717227.9711854,30,0.0,0,0,0,1
img_002394.jpg,1782717228.0602741,30,0.0,0,0,0,1
img_002395.jpg,1782717228.167937,30,0.0,0,0,0,1
img_002396.jpg,1782717228.2371671,30,0.0,0,0,0,1
img_002397.jpg,1782717228.3258128,30,0.0,0,0,0,1
img_002398.jpg,1782717228.4259634,30,0.0,0,0,0,1
img_002399.jpg,1782717228.5159388,30,0.0,0,0,0,1
img_002400.jpg,1782717228.5864172,30,0.0,0,0,0,1
img_002401.jpg,1782717228.6764002,30,0.0,0,0,0,1
img_002402.jpg,1782717228.7766814,30,0.0,0,0,0,1
img_002403.jpg,1782717228.84652,30,0.0,0,0,0,1
img_002404.jpg,1782717228.9360468,30,0.0,0,0,0,1
img_002405.jpg,1782717229.0454962,30,0.0,0,0,0,1
img_002406.jpg,1782717229.1356146,30,0.0,0,0,0,1
img_002407.jpg,1782717229.2066913,30,0.0,0,0,0,1
img_002408.jpg,1782717229.2965262,30,0.0,0,0,0,1
img_002409.jpg,1782717229.3995895,30,0.0,0,0,0,1
img_002410.jpg,1782717229.4865026,30,0.0,0,0,0,1
img_002411.jpg,1782717229.5737028,30,0.0,0,0,0,1
img_002412.jpg,1782717229.6690636,30,0.0,0,0,0,1
img_002413.jpg,1782717229.7365875,30,0.0,0,0,0,1
img_002414.jpg,1782717229.831417,30,0.0,0,0,0,1
img_002415.jpg,1782717229.9241555,30,0.0,0,0,0,1
img_002416.jpg,1782717230.0257723,30,0.0,0,0,0,1
img_002417.jpg,1782717230.0960689,30,0.04,0,0,0,1
img_002418.jpg,1782717230.1864314,30,0.026363260928000006,0,0,0,1
img_002419.jpg,1782717230.2875633,30,0.01737553816894529,0,0,0,1
img_002420.jpg,1782717230.3763735,30,0.011451896162808204,0,0,0,1
img_002421.jpg,1782717230.466112,30,0.0,0,0,0,1
img_002422.jpg,1782717230.5368924,30,0.0,0,0,0,1
img_002423.jpg,1782717230.6366603,30,0.0,0,0,0,1
img_002424.jpg,1782717230.7250128,30,0.0,0,0,0,1
img_002425.jpg,1782717230.80656,30,0.0,0,0,0,1
img_002426.jpg,1782717230.9152222,30,0.0,0,0,0,1
img_002427.jpg,1782717230.9830627,30,0.0,0,0,0,1
img_002428.jpg,1782717231.0668008,30,0.0,0,0,0,1
img_002429.jpg,1782717231.157062,30,0.0,0,0,0,1
img_002430.jpg,1782717231.2542872,30,0.0,0,0,0,1
img_002431.jpg,1782717231.3382804,30,0.0,0,0,0,1
img_002432.jpg,1782717231.4068305,30,0.0,0,0,0,1
img_002433.jpg,1782717231.5143218,30,0.0,0,0,0,1
img_002434.jpg,1782717231.601654,30,0.0,0,0,0,1
img_002435.jpg,1782717231.6868649,30,0.0,0,0,0,1
img_002436.jpg,1782717231.7768228,30,0.0,0,0,0,1
img_002437.jpg,1782717231.8763914,30,0.0,0,0,0,1
img_002438.jpg,1782717231.945813,30,0.0,0,0,0,1
img_002439.jpg,1782717232.0300584,30,0.0,0,0,0,1
img_002440.jpg,1782717232.1192749,30,0.0,0,0,0,1
img_002441.jpg,1782717232.2167072,30,0.0,0,0,0,1
img_002442.jpg,1782717232.2867808,30,0.0,0,0,0,1
img_002443.jpg,1782717232.3705742,30,0.0,0,0,0,1
img_002444.jpg,1782717232.4761739,30,0.050784,0,0,0,1
img_002445.jpg,1782717232.545004,30,0.033470796074188805,0,0,0,1
img_002446.jpg,1782717232.6261117,30,0.022059983259292943,0,0,0,1
img_002447.jpg,1782717232.716102,30,0.014539327368301295,0,0,0,1
img_002448.jpg,1782717232.7961085,30,0.0,0,0,0,1
img_002449.jpg,1782717232.8811414,30,0.0,0,0,0,1
img_002450.jpg,1782717232.963779,30,0.0,0,0,0,1
img_002451.jpg,1782717233.0368123,30,0.0,0,0,0,1
img_002452.jpg,1782717233.1260056,30,0.0,0,0,0,1
img_002453.jpg,1782717233.2154148,30,0.0,0,0,0,1
img_002454.jpg,1782717233.3011935,30,0.0,0,0,0,1
img_002455.jpg,1782717233.3989594,30,0.0,0,0,0,1
img_002456.jpg,1782717233.466164,30,0.0,0,0,0,1
img_002457.jpg,1782717233.5518267,30,0.0,0,0,0,1
img_002458.jpg,1782717233.6387875,30,0.0,0,0,0,1
img_002459.jpg,1782717233.7159202,30,0.0,0,0,0,1
img_002460.jpg,1782717233.7967117,30,0.0,0,0,0,1
img_002461.jpg,1782717233.8882213,30,0.0,0,0,0,1
img_002462.jpg,1782717233.9754658,30,0.0,0,0,0,1
img_002463.jpg,1782717234.0667799,30,0.02,0,0,0,1
img_002464.jpg,1782717234.1370018,30,0.06771200000000001,0,0,0,1
img_002465.jpg,1782717234.2229836,30,0.044627728098918414,0,0,0,1
img_002466.jpg,1782717234.3116047,30,0.07475107633789059,0,0,0,1
img_002467.jpg,1782717234.406652,30,0.049267053253616425,0,0,0,1
img_002468.jpg,1782717234.4726985,30,0.03247100450196903,0,0,0,1
img_002469.jpg,1782717234.5600598,30,0.021401039106991808,0,0,0,1
img_002470.jpg,1782717234.6558874,30,0.014105029452698932,0,0,0,1
img_002471.jpg,1782717234.7365985,30,0.09297662709648302,0,0,0,1
img_002472.jpg,1782717234.8216257,30,0.192976627096483,0,0,0,1
img_002473.jpg,1782717234.9063933,30,0.18141610380050618,0,0,0,1
img_002474.jpg,1782717234.995834,30,0.11956800202584694,0,0,0,1
img_002475.jpg,1782717235.071515,30,0.15640235691467683,0,0,0,1
img_002476.jpg,1782717235.1461234,30,0.10308190362739528,0,0,0,1
img_002477.jpg,1782717235.2236228,30,0.06793937805709928,0,0,0,1
img_002478.jpg,1782717235.3052301,30,0.044777588775133666,0,0,0,1
img_002479.jpg,1782717235.3868206,30,0.02951208141513833,0,0,0,1
img_002480.jpg,1782717235.472409,30,0.019450867571891784,0,0,0,1
img_002481.jpg,1782717235.569243,30,0.012819707426843926,0,0,0,1
img_002482.jpg,1782717235.6475043,30,0.08539413083269642,0,0,0,1
img_002483.jpg,1782717235.722289,30,0.05628169382155365,0,0,0,1
img_002484.jpg,1782717235.7906048,30,0.03709422449218562,0,0,0,1
img_002485.jpg,1782717235.8806229,30,0.042147801282861365,0,0,0,1
img_002486.jpg,1782717235.9603426,30,0.02777883706903919,0,0,0,1
img_002487.jpg,1782717236.0428169,30,0.018308518248186977,0,0,0,1
img_002488.jpg,1782717236.109794,30,0.01206680609455007,0,0,0,1
img_002489.jpg,1782717236.1985018,30,0.0,0,0,0,1
img_002490.jpg,1782717236.2786946,30,0.08,0,0,0,1
img_002491.jpg,1782717236.358784,30,0.05272652185600001,0,0,0,1
img_002492.jpg,1782717236.4455905,30,0.03475107633789058,0,0,0,1
img_002493.jpg,1782717236.5479827,30,0.022903792325616408,0,0,0,1
img_002494.jpg,1782717236.633894,30,0.015095466333023737,0,0,0,1
img_002495.jpg,1782717236.722313,30,0.08748782902638186,0,0,0,1
img_002496.jpg,1782717236.815437,30,0.05766161161616893,0,0,0,1
img_002497.jpg,1782717236.891103,30,0.13304868268687542,0,0,0,1
img_002498.jpg,1782717236.9687629,30,0.13475093262407764,0,0,0,1
img_002499.jpg,1782717237.03648,30,0.08881184992649768,0,0,0,1
img_002500.jpg,1782717237.133716,30,0.058534249327765915,0,0,0,1
img_002501.jpg,1782717237.2167997,30,0.03857884220631254,0,0,0,1
img_002502.jpg,1782717237.297195,30,0.07004088147994911,0,0,0,1
img_002503.jpg,1782717237.3899882,30,0.17004088147994909,0,0,0,1
img_002504.jpg,1782717237.4714315,30,0.2700408814799491,0,0,0,1
img_002505.jpg,1782717237.55197,30,0.3700408814799492,0,0,0,1
img_002506.jpg,1782717237.6355486,30,0.3192939139178587,0,0,0,1
img_002507.jpg,1782717237.729811,30,0.2487399121016,0,0,0,1
img_002508.jpg,1782717237.8075182,30,0.3487399121016001,0,0,0,1
img_002509.jpg,1782717237.8678567,30,0.22984803246855676,0,0,0,1
img_002510.jpg,1782717237.9563026,30,0.1514885913438995,0,0,0,1
img_002511.jpg,1782717238.0519824,30,0.17900394371347653,0,0,0,1
img_002512.jpg,1782717238.1351454,30,0.1179781918814852,0,0,0,1
img_002513.jpg,1782717238.2138162,30,0.07775724640963115,0,0,0,1
img_002514.jpg,1782717238.299441,30,0.05124836440349745,0,0,0,1
img_002515.jpg,1782717238.393718,30,0.03377685007256577,0,0,0,1
img_002516.jpg,1782717238.455125,30,0.022261697794724682,0,0,0,1
img_002517.jpg,1782717238.5388458,30,0.014672273691565228,0,0,0,1
img_002518.jpg,1782717238.6279435,30,0.0,0,0,0,1
img_002519.jpg,1782717238.6968992,30,0.0,0,0,0,1
img_002520.jpg,1782717238.7835991,30,0.0,0,0,0,1
img_002521.jpg,1782717238.8691733,30,0.0,0,0,0,1
img_002522.jpg,1782717238.9636612,30,0.0,0,0,0,1
img_002523.jpg,1782717239.024191,30,0.0,0,0,0,1
img_002524.jpg,1782717239.0972416,30,0.0,0,0,0,1
img_002525.jpg,1782717239.1825802,30,0.0,0,0,0,1
img_002526.jpg,1782717239.2789383,30,0.02,0,0,0,1
img_002527.jpg,1782717239.3636608,30,0.09200000000000001,0,0,0,1
img_002528.jpg,1782717239.443542,30,0.06063550013440003,0,0,0,1
img_002529.jpg,1782717239.5298054,30,0.0872161363286557,0,0,0,1
img_002530.jpg,1782717239.6259856,30,0.07680888526424921,0,0,0,1
img_002531.jpg,1782717239.710066,30,0.12501104048766054,0,0,0,1
img_002532.jpg,1782717239.7853327,30,0.10388488852763499,0,0,0,1
img_002533.jpg,1782717239.8651721,30,0.0684686105682559,0,0,0,1
img_002534.jpg,1782717239.9491343,30,0.16846861056825588,0,0,0,1
img_002535.jpg,1782717240.0330577,30,0.16233200542617404,0,0,0,1
img_002536.jpg,1782717240.1273406,30,0.10699002540039347,0,0,0,1
img_002537.jpg,1782717240.2423549,30,0.12331184889898161,0,0,0,1
img_002538.jpg,1782717240.3309815,30,0.22331184889898156,0,0,0,1
img_002539.jpg,1782717240.414013,30,0.2790469009870631,0,0,0,1
img_002540.jpg,1782717240.5025642,30,0.18391465654679315,0,0,0,1
img_002541.jpg,1782717240.5703142,30,0.12121475197566534,0,0,0,1
img_002542.jpg,1782717240.6544394,30,0.07989040336643173,0,0,0,1
img_002543.jpg,1782717240.733059,30,0.05265428873981024,0,1,0,0
img_002544.jpg,1782717240.8259943,30,0.034703468825646754,0,1,0,0
img_002545.jpg,1782717240.9018312,30,0.022872415093930985,0,1,0,0
img_002546.jpg,1782717240.9808035,30,0.015074786179370707,0,1,0,0
img_002547.jpg,1782717241.0623944,30,0.0,0,1,0,0
img_002548.jpg,1782717241.1352987,30,0.0,0,1,0,0
img_002549.jpg,1782717241.2224438,30,0.0,0,1,0,0
img_002550.jpg,1782717241.3040736,30,0.0,0,1,0,0
img_002551.jpg,1782717241.3839066,30,0.0,0,1,0,0
img_002552.jpg,1782717241.4799123,30,0.0,0,1,0,0
img_002553.jpg,1782717241.5604644,30,0.0,0,1,0,0
img_002554.jpg,1782717241.6210027,30,0.0,0,1,0,0
img_002555.jpg,1782717241.7183993,30,0.0,0,1,0,0
img_002556.jpg,1782717241.8026018,30,0.0,0,1,0,0
img_002557.jpg,1782717241.8835778,30,0.0,0,1,0,0
img_002558.jpg,1782717241.9509184,30,0.0,0,1,0,0
img_002559.jpg,1782717242.0729215,30,0.0,0,1,0,0
img_002560.jpg,1782717242.1373587,30,-0.06,0,1,0,0
img_002561.jpg,1782717242.2171006,30,-0.05731143680000001,0,1,0,0
img_002562.jpg,1782717242.3078392,30,-0.03777290906292455,0,1,0,0
img_002563.jpg,1782717242.4043024,30,-0.024895426440887398,0,1,0,0
img_002564.jpg,1782717242.4858954,30,-0.016408115579373626,0,1,0,0
img_002565.jpg,1782717242.5658998,30,-0.010814285808895223,0,1,0,0
img_002566.jpg,1782717242.6462922,30,0.0,0,1,0,0
img_002567.jpg,1782717242.739992,30,0.0,0,1,0,0
img_002568.jpg,1782717242.801606,30,0.0,0,1,0,0
img_002569.jpg,1782717242.8872812,30,0.0,0,1,0,0
img_002570.jpg,1782717242.980362,30,0.08,0,1,0,0
img_002571.jpg,1782717243.0610929,30,0.05272652185600001,0,1,0,0
img_002572.jpg,1782717243.1388557,30,0.03475107633789058,0,1,0,0
img_002573.jpg,1782717243.2012155,30,0.022903792325616408,0,1,0,0
img_002574.jpg,1782717243.2958424,30,-0.003591884420626374,0,1,0,0
img_002575.jpg,1782717243.3788686,30,-0.016901059912070415,0,1,0,0
img_002576.jpg,1782717243.4606538,30,-0.011139176310541829,0,1,0,0
img_002577.jpg,1782717243.5438027,30,0.0,0,1,0,0
img_002578.jpg,1782717243.6440203,30,0.0,0,1,0,0
img_002579.jpg,1782717243.7235548,30,-0.033856000000000004,0,1,0,0
img_002580.jpg,1782717243.8028932,30,-0.022313864049459207,0,1,0,0
img_002581.jpg,1782717243.8679628,30,-0.014706655506195295,0,1,0,0
img_002582.jpg,1782717243.9803195,30,0.0,0,1,0,0
img_002583.jpg,1782717244.0428066,30,0.0,0,1,0,0
img_002584.jpg,1782717244.1236944,30,0.0,0,1,0,0
img_002585.jpg,1782717244.222642,30,0.0,0,1,0,0
img_002586.jpg,1782717244.3052106,30,0.0,0,1,0,0
img_002587.jpg,1782717244.3858361,30,0.0,0,1,0,0
img_002588.jpg,1782717244.470279,30,0.0,0,1,0,0
img_002589.jpg,1782717244.567627,30,0.0,0,1,0,0
img_002590.jpg,1782717244.6493046,30,0.0,0,1,0,0
img_002591.jpg,1782717244.7280028,30,0.0,0,1,0,0
img_002592.jpg,1782717244.7917845,30,0.0,0,1,0,0
img_002593.jpg,1782717244.8845413,30,0.0,0,1,0,0
img_002594.jpg,1782717244.967772,30,0.0,0,1,0,0
img_002595.jpg,1782717245.0504675,30,0.0,0,1,0,0
img_002596.jpg,1782717245.1382778,30,0.0,0,1,0,0
img_002597.jpg,1782717245.2302604,30,0.0,0,1,0,0
img_002598.jpg,1782717245.2876678,30,0.0,0,1,0,0
img_002599.jpg,1782717245.3719916,30,0.0,0,1,0,0
img_002600.jpg,1782717245.4681005,30,0.0,0,1,0,0
img_002601.jpg,1782717245.5485702,30,0.0,0,1,0,0
img_002602.jpg,1782717245.6343389,30,0.0,0,1,0,0
img_002603.jpg,1782717245.7079432,30,0.0,0,1,0,0
img_002604.jpg,1782717245.7991393,30,0.0,0,1,0,0
img_002605.jpg,1782717245.8840992,30,0.0,0,1,0,0
img_002606.jpg,1782717245.9458518,30,0.0,0,1,0,0
img_002607.jpg,1782717246.0288975,30,0.0,0,0,0,1
img_002608.jpg,1782717246.1408894,30,0.0,0,0,0,1
img_002609.jpg,1782717246.2052984,30,0.0,0,0,0,1
img_002610.jpg,1782717246.287812,30,0.0,0,0,0,1
img_002611.jpg,1782717246.3786297,30,0.0,0,0,0,1
img_002612.jpg,1782717246.4642634,30,0.0,0,0,0,1
img_002613.jpg,1782717246.5441806,30,0.0,0,0,0,1
img_002614.jpg,1782717246.625121,30,0.0,0,0,0,1
img_002615.jpg,1782717246.7152193,30,0.0,0,0,0,1
img_002616.jpg,1782717246.7750275,30,0.0,0,0,0,1
img_002617.jpg,1782717246.8670185,30,0.0,0,0,0,1
img_002618.jpg,1782717246.952949,30,0.0,0,0,0,1
img_002619.jpg,1782717247.0452368,30,0.0,0,0,0,1
img_002620.jpg,1782717247.120757,30,0.0,0,0,0,1
img_002621.jpg,1782717256.713421,30,0.0,0,0,0,1
img_002622.jpg,1782717256.8002741,30,0.0,0,0,0,1
img_002623.jpg,1782717256.882793,30,0.0,0,0,0,1
img_002624.jpg,1782717256.9737892,30,0.0,0,0,0,1
img_002625.jpg,1782717257.0354302,30,0.0,0,0,0,1
img_002626.jpg,1782717257.1142237,30,0.0,0,0,0,1
img_002627.jpg,1782717257.1953397,30,0.0,0,0,0,1
img_002628.jpg,1782717257.2887158,30,0.0,0,0,0,1
img_002629.jpg,1782717257.348042,30,0.0,0,0,0,1
img_002630.jpg,1782717257.431942,30,0.0,0,0,1,0
img_002631.jpg,1782717257.5450625,30,0.0,0,0,1,0
img_002632.jpg,1782717257.6239269,30,0.0,0,0,1,0
img_002633.jpg,1782717257.686403,30,0.0,0,0,1,0
img_002634.jpg,1782717257.773825,30,0.0,0,0,1,0
img_002635.jpg,1782717257.8632457,30,0.0,0,0,1,0
img_002636.jpg,1782717257.9453545,30,0.0,0,0,1,0
img_002637.jpg,1782717258.0306427,30,0.0,0,0,1,0
img_002638.jpg,1782717258.1128564,30,0.0,0,0,1,0
img_002639.jpg,1782717258.2058706,30,0.0,0,0,1,0
img_002640.jpg,1782717258.2632813,30,0.0,0,0,1,0
img_002641.jpg,1782717258.34424,30,0.0,0,0,1,0
img_002642.jpg,1782717258.4405448,30,0.0,0,0,1,0
img_002643.jpg,1782717258.5236928,30,0.0,0,0,1,0
img_002644.jpg,1782717258.6022987,30,0.0,0,0,1,0
img_002645.jpg,1782717258.6809406,30,0.0,0,0,1,0
img_002646.jpg,1782717258.7750063,30,0.0,0,0,1,0
img_002647.jpg,1782717258.8589177,30,0.0,0,0,1,0
img_002648.jpg,1782717258.9221358,30,0.0,0,0,1,0
img_002649.jpg,1782717259.0085447,30,0.0,0,0,1,0
img_002650.jpg,1782717259.1029503,30,0.0,0,0,1,0
img_002651.jpg,1782717259.1859677,30,0.08,0,0,1,0
img_002652.jpg,1782717259.265294,30,0.07163929600000002,0,0,1,0
img_002653.jpg,1782717259.3501427,30,0.0472161363286557,0,0,1,0
img_002654.jpg,1782717259.43859,30,0.03111928305110926,0,0,1,0
img_002655.jpg,1782717259.503057,30,0.10862974040702053,0,0,1,0
img_002656.jpg,1782717259.5879312,30,0.09214944047421704,0,0,1,0
img_002657.jpg,1782717259.6835372,30,0.06073399358977471,0,0,1,0
img_002658.jpg,1782717259.7621176,30,0.10218925217438532,0,0,1,0
img_002659.jpg,1782717259.8380244,30,0.06735104797776278,0,0,1,0
img_002660.jpg,1782717259.9182947,30,0.044389831290300184,0,0,1,0
img_002661.jpg,1782717260.0169857,30,0.029256517621402068,0,0,1,0
img_002662.jpg,1782717260.0833175,30,0.01928243019744132,0,0,1,0
img_002663.jpg,1782717260.1595335,30,0.09773983578164602,0,0,1,0
img_002664.jpg,1782717260.2428274,30,0.197739835781646,0,0,1,0
img_002665.jpg,1782717260.3318574,30,0.18512515724513837,0,0,1,0
img_002666.jpg,1782717260.4174256,30,0.15262235936931012,0,0,1,0
img_002667.jpg,1782717260.4835653,30,0.2526223593693101,0,0,1,0
img_002668.jpg,1782717260.5631657,30,0.3526223593693102,0,0,1,0
img_002669.jpg,1782717260.6658192,30,0.4526223593693103,0,0,1,0
img_002670.jpg,1782717260.755398,30,0.2983150340475029,0,0,1,0
img_002671.jpg,1782717260.8359656,30,0.23371079025379143,0,0,1,0
img_002672.jpg,1782717260.9160042,30,0.3337107902537915,0,0,1,0
img_002673.jpg,1782717261.0109794,30,0.21994261594874467,0,0,1,0
img_002674.jpg,1782717261.09649,30,0.17756534166966442,0,0,1,0
img_002675.jpg,1782717261.176103,30,0.2775653416696644,0,0,1,0
img_002676.jpg,1782717261.2675297,30,0.18293818817517085,0,0,1,0
img_002677.jpg,1782717261.3259366,30,0.12057117971393988,0,0,1,0
img_002678.jpg,1782717261.403386,30,0.07946623677988446,0,0,1,0
img_002679.jpg,1782717261.4865403,30,0.1272602228104942,0,0,1,0
img_002680.jpg,1782717261.5822246,30,0.22726022281049416,0,0,1,0
img_002681.jpg,1782717261.657563,30,0.3272602228104942,0,0,1,0
img_002682.jpg,1782717261.724082,30,0.4272602228104943,0,0,1,0
img_002683.jpg,1782717261.8057978,30,0.5272602228104943,0,0,1,0
img_002684.jpg,1782717261.9195905,30,0.5586794049856548,0,0,1,0
img_002685.jpg,1782717262.0053077,30,0.3682152732184152,0,0,1,0
img_002686.jpg,1782717262.0652316,30,0.24268388313829725,0,0,1,0
img_002687.jpg,1782717262.1610355,30,0.3032691724872335,0,0,1,0
img_002688.jpg,1782717262.2431543,30,0.26729958538573895,0,0,1,0
img_002689.jpg,1782717262.3232892,30,0.17617221788676135,0,0,1,0
img_002690.jpg,1782717262.3914719,30,0.17718319200180643,0,0,1,0
img_002691.jpg,1782717262.48367,30,0.14126065058042245,0,0,1,0
img_002692.jpg,1782717262.569651,30,0.0931022847527678,0,0,1,0
img_002693.jpg,1782717262.6508954,30,0.06136199564825434,0,0,1,0
img_002694.jpg,1782717262.735824,30,0.04044255755844325,0,0,1,0
img_002695.jpg,1782717262.833229,30,0.026654942437722456,0,0,1,0
img_002696.jpg,1782717262.9101603,30,0.01756778006266244,0,0,1,0
img_002697.jpg,1782717262.9988508,30,0.011578599242942154,0,0,1,0
img_002698.jpg,1782717263.083749,30,0.0,0,0,1,0
img_002699.jpg,1782717263.1689646,30,0.0,0,0,1,0
img_002700.jpg,1782717263.2368488,30,0.0,0,0,1,0
img_002701.jpg,1782717263.3199048,30,0.0,0,0,1,0
img_002702.jpg,1782717263.4153304,30,0.0,0,0,1,0
img_002703.jpg,1782717263.4961572,30,0.0,0,0,1,0
img_002704.jpg,1782717263.5783112,30,0.0,0,0,1,0
img_002705.jpg,1782717263.6626399,30,0.0,0,0,1,0
img_002706.jpg,1782717263.7595592,30,0.0,0,0,1,0
img_002707.jpg,1782717263.8423243,30,0.0,0,0,1,0
img_002708.jpg,1782717263.9263263,30,0.0,0,0,1,0
img_002709.jpg,1782717264.0160758,30,0.0,0,0,1,0
img_002710.jpg,1782717264.07584,30,0.0,0,0,1,0
img_002711.jpg,1782717264.160148,30,0.0,0,0,1,0
img_002712.jpg,1782717264.2438104,30,-0.1,0,0,1,0
img_002713.jpg,1782717264.3398218,30,-0.06590815232000002,0,0,1,0
img_002714.jpg,1782717264.4072986,30,-0.043438845422363245,0,0,1,0
img_002715.jpg,1782717264.4917247,30,-0.028629740407020522,0,0,1,0
img_002716.jpg,1782717264.5785499,30,-0.018869332916279676,0,0,1,0
img_002717.jpg,1782717264.6709783,30,-0.01243642868022951,0,0,1,0
img_002718.jpg,1782717264.7471251,30,0.0,0,0,1,0
img_002719.jpg,1782717264.8153234,30,0.0,0,0,1,0
img_002720.jpg,1782717264.9020944,30,0.0,0,0,1,0
img_002721.jpg,1782717264.9922419,30,-0.031147520000000005,0,0,1,0
img_002722.jpg,1782717265.066528,30,-0.02052875492550247,0,0,1,0
img_002723.jpg,1782717265.1537023,30,-0.013530123065699671,0,0,1,0
img_002724.jpg,1782717265.2408326,30,0.0,0,0,1,0
img_002725.jpg,1782717265.3268023,30,0.0,0,0,1,0
img_002726.jpg,1782717265.3863032,30,0.0,0,0,1,0
img_002727.jpg,1782717265.470659,30,0.0,0,0,1,0
img_002728.jpg,1782717265.5652063,30,0.0,0,0,1,0
img_002729.jpg,1782717265.6488402,30,0.0,0,0,1,0
img_002730.jpg,1782717265.7311604,30,0.0,0,0,1,0
img_002731.jpg,1782717265.815832,30,0.050784,0,0,1,0
img_002732.jpg,1782717265.9092126,30,0.033470796074188805,0,0,1,0
img_002733.jpg,1782717265.9868362,30,0.022059983259292943,0,0,1,0
img_002734.jpg,1782717266.04865,30,0.05717784424421231,0,0,1,0
img_002735.jpg,1782717266.1380134,30,0.055289664284530235,0,0,1,0
img_002736.jpg,1782717266.2273655,30,0.059609126254200895,0,0,1,0
img_002737.jpg,1782717266.310055,30,0.12844039615386485,0,0,1,0
img_002738.jpg,1782717266.3958728,30,0.08465269193750069,0,0,1,0
img_002739.jpg,1782717266.4915395,30,0.05579302514514833,0,0,1,0
img_002740.jpg,1782717266.571851,30,0.03677215199660027,0,0,1,0
img_002741.jpg,1782717266.6531887,30,0.09112394944992248,0,0,1,0
img_002742.jpg,1782717266.716789,30,0.1279113108144144,0,0,1,0
img_002743.jpg,1782717266.8140173,30,0.08430398156607288,0,0,1,0
img_002744.jpg,1782717266.8998933,30,0.05556319658239205,0,0,1,0
img_002745.jpg,1782717266.981248,30,0.036620676237384,0,0,1,0
img_002746.jpg,1782717267.0783455,30,0.024136011075149098,0,0,1,0
img_002747.jpg,1782717267.1569939,30,0.01590759894338134,0,0,1,0
img_002748.jpg,1782717267.2383115,30,0.010484404542058488,0,0,1,0
img_002749.jpg,1782717267.3021178,30,0.0,0,0,1,0
img_002750.jpg,1782717267.3968554,30,0.0,0,0,1,0
img_002751.jpg,1782717267.4851184,30,0.08,0,0,1,0
img_002752.jpg,1782717267.566051,30,0.05272652185600001,0,0,1,0
img_002753.jpg,1782717267.6487186,30,0.03475107633789058,0,0,1,0
img_002754.jpg,1782717267.7470982,30,0.06706024613139934,0,0,1,0
img_002755.jpg,1782717267.8282728,30,0.04419816916644959,0,0,1,0
img_002756.jpg,1782717267.8941584,30,0.02913019665687488,0,0,1,0
img_002757.jpg,1782717267.9797547,30,0.1067997809243249,0,0,1,0
img_002758.jpg,1782717268.0811875,30,0.07038976228903038,0,0,1,0
img_002759.jpg,1782717268.1658335,30,0.0948116632173205,0,0,1,0
img_002760.jpg,1782717268.248228,30,0.10497622440736888,0,0,1,0
img_002761.jpg,1782717268.3365383,30,0.06918788988219371,0,0,1,0
img_002762.jpg,1782717268.4339962,30,0.1372528586916182,0,0,1,0
img_002763.jpg,1782717268.4954607,30,0.09046082317002613,0,0,1,0
img_002764.jpg,1782717268.581018,30,0.11044075747262132,0,0,1,0
img_002765.jpg,1782717268.6807973,30,0.11714641255484055,0,0,1,0
img_002766.jpg,1782717268.786172,30,0.10392286524354341,0,0,1,0
img_002767.jpg,1782717268.8761225,30,0.11207100809076435,0,0,1,0
img_002768.jpg,1782717268.9652083,30,0.10028688121632665,0,0,1,0
img_002769.jpg,1782717269.08197,30,0.10923971096057898,0,0,1,0
img_002770.jpg,1782717269.1558213,30,0.07199787509382614,0,0,1,0
img_002771.jpg,1782717269.2465553,30,0.17199787509382614,0,0,1,0
img_002772.jpg,1782717269.352921,30,0.1133606215040023,0,0,1,0
img_002773.jpg,1782717269.436082,30,0.1842917717836821,0,0,1,0
img_002774.jpg,1782717269.5302474,30,0.12146330166041601,0,0,1,0
img_002775.jpg,1782717269.6058598,30,0.1628065385253761,0,0,1,0
img_002776.jpg,1782717269.7086518,30,0.15792301787124807,0,0,1,0
img_002777.jpg,1782717269.7982228,30,0.10408414316692303,0,0,1,0
img_002778.jpg,1782717269.8679035,30,0.13888081877648367,0,0,1,0
img_002779.jpg,1782717269.968174,30,0.09153378158246804,0,0,1,0
img_002780.jpg,1782717270.0562088,30,0.06032822418962916,0,0,1,0
img_002781.jpg,1782717270.1471248,30,0.03976121789085188,0,0,1,0
img_002782.jpg,1782717270.246033,30,0.048484656578032345,0,0,1,0
img_002783.jpg,1782717270.3220227,30,0.06890194026143485,0,0,1,0
img_002784.jpg,1782717270.406715,30,0.04541199573894189,0,0,1,0
img_002785.jpg,1782717270.4987967,30,0.1454119957389419,0,0,1,0
img_002786.jpg,1782717270.6008744,30,0.09583835964317376,0,0,1,0
img_002787.jpg,1782717270.69029,30,0.1411175876019823,0,0,1,0
img_002788.jpg,1782717270.7609732,30,0.11542350549024342,0,0,1,0
img_002789.jpg,1782717270.8581133,30,0.07607349981159321,0,0,1,0
img_002790.jpg,1782717270.9520202,30,0.14358761982666576,0,0,1,0
img_002791.jpg,1782717271.0457902,30,0.0946359471880214,0,0,1,0
img_002792.jpg,1782717271.1153982,30,0.1670650714129797,0,0,1,0
img_002793.jpg,1782717271.215155,30,0.11010950174038348,0,0,1,0
img_002794.jpg,1782717271.3057528,30,0.18130074160115278,0,0,1,0
img_002795.jpg,1782717271.3876572,30,0.17232423187591844,0,0,1,0
img_002796.jpg,1782717271.4867284,30,0.1434518665533156,0,0,1,0
img_002797.jpg,1782717271.5564888,30,0.1722016598507263,0,0,1,0
img_002798.jpg,1782717271.6381044,30,0.11349493227198502,0,0,1,0
img_002799.jpg,1782717271.7258885,30,0.07480241283730073,0,0,0,1
img_002800.jpg,1782717271.810923,30,0.0493008881918434,0,0,0,1
img_002801.jpg,1782717271.8951628,30,0.05531880922238375,0,0,0,1
img_002802.jpg,1782717271.9797773,30,0.12449330448459307,0,0,0,1
img_002803.jpg,1782717272.0667315,30,0.08205123674790701,0,0,0,1
img_002804.jpg,1782717272.160127,30,0.05407845409625437,0,0,0,1
img_002805.jpg,1782717272.2258296,30,0.0187414238022398,0,0,0,1
img_002806.jpg,1782717272.311019,30,-0.08125857619776021,0,0,0,1
img_002807.jpg,1782717272.41532,30,-0.1483578901019394,0,0,0,1
img_002808.jpg,1782717272.496522,30,-0.09777994418712443,0,0,0,1
img_002809.jpg,1782717272.5782957,30,-0.06444495455326098,0,0,0,1
img_002810.jpg,1782717272.6617756,30,-0.04247447880951803,0,0,0,1
img_002811.jpg,1782717272.7572403,30,-0.027994144190903274,0,0,0,1
img_002812.jpg,1782717272.838906,30,-0.018450423194020966,0,0,0,1
img_002813.jpg,1782717272.912937,30,-0.01216033302239995,0,0,0,1
img_002814.jpg,1782717272.9982479,30,0.02,0,0,0,1
img_002815.jpg,1782717273.096266,30,0.046721280000000004,0,0,0,1
img_002816.jpg,1782717273.156715,30,0.0307931323882537,0,0,0,1
img_002817.jpg,1782717273.2469165,30,0.02029518459854951,0,0,0,1
img_002818.jpg,1782717273.3429866,30,0.013376181178837192,0,0,0,1
img_002819.jpg,1782717273.4482605,30,0.0,0,0,0,1
img_002820.jpg,1782717273.5070295,30,0.04,0,0,0,1
img_002821.jpg,1782717273.597121,30,0.14,0,0,0,1
img_002822.jpg,1782717273.6912768,30,0.11462287360000002,0,0,0,1
img_002823.jpg,1782717273.7658186,30,0.0755458181258491,0,0,0,1
img_002824.jpg,1782717273.8567076,30,0.049790852881774796,0,0,0,1
img_002825.jpg,1782717273.9258852,30,0.03281623115874725,0,0,0,1
img_002826.jpg,1782717274.0126345,30,0.021628571617790446,0,0,0,1
img_002827.jpg,1782717274.087851,30,0.014254991926493618,0,0,0,1
img_002828.jpg,1782717274.1710865,30,0.0,0,0,0,1
img_002829.jpg,1782717274.2291732,30,0.0,0,0,0,1
img_002830.jpg,1782717274.3160222,30,-0.015573760000000002,0,0,0,1
img_002831.jpg,1782717274.3971145,30,-0.010264377462751235,0,0,0,1
img_002832.jpg,1782717274.4896593,30,0.0,0,0,0,1
img_002833.jpg,1782717274.6011627,30,0.0,0,0,0,1
img_002834.jpg,1782717274.692924,30,0.0,1,0,0,0
img_002835.jpg,1782717274.7822974,30,0.0,1,0,0,0
img_002836.jpg,1782717274.865292,30,0.0,1,0,0,0
img_002837.jpg,1782717274.9512916,30,0.0,1,0,0,0
img_002838.jpg,1782717275.0263195,30,0.0,1,0,0,0
img_002839.jpg,1782717275.1094732,30,0.0,1,0,0,0
img_002840.jpg,1782717275.18769,30,0.0,1,0,0,0
img_002841.jpg,1782717275.2729647,30,-0.06,1,0,0,0
img_002842.jpg,1782717275.3573453,30,-0.05731143680000001,1,0,0,0
img_002843.jpg,1782717275.4356322,30,-0.03777290906292455,1,0,0,0
img_002844.jpg,1782717275.5282798,30,-0.04706024613139934,1,0,0,0
img_002845.jpg,1782717275.6076062,30,-0.0677927689395671,1,0,0,0
img_002846.jpg,1782717275.692794,30,-0.04468096141463554,1,0,0,0
img_002847.jpg,1782717275.7807848,30,-0.02944839610719842,1,0,0,0
img_002848.jpg,1782717275.877828,30,-0.019408893762129287,1,0,0,0
img_002849.jpg,1782717275.955926,30,-0.04626099266584494,1,0,0,0
img_002850.jpg,1782717276.0238686,30,-0.030489765510949125,1,0,0,0
img_002851.jpg,1782717276.1176906,30,-0.06374201452618995,1,0,0,0
img_002852.jpg,1782717276.2037318,30,-0.042011184025757806,1,0,0,0
img_002853.jpg,1782717276.286489,30,-0.05009651647731735,1,0,0,0
img_002854.jpg,1782717276.3710365,30,-0.0701570762226893,1,0,0,0
img_002855.jpg,1782717276.4658568,30,-0.04623923266010857,1,0,0,0
img_002856.jpg,1782717276.5467968,30,-0.0991368865235159,1,0,0,0
img_002857.jpg,1782717276.6150122,30,-0.06533929017522443,1,0,0,0
img_002858.jpg,1782717276.7022824,30,-0.043063918893493716,1,0,0,0
img_002859.jpg,1782717276.797843,30,-0.06738935687533684,1,0,0,0
img_002860.jpg,1782717276.880364,30,-0.044415079976865404,1,0,0,0
img_002861.jpg,1782717276.968541,30,-0.09759292369241888,1,0,0,0
img_002862.jpg,1782717277.040047,30,-0.0842427426790661,1,0,0,0
img_002863.jpg,1782717277.135102,30,-0.10559881281127664,1,0,0,0
img_002864.jpg,1782717277.2216551,30,-0.17075090778637447,1,0,0,0
img_002865.jpg,1782717277.306424,30,-0.11253876839162645,1,0,0,0
img_002866.jpg,1782717277.4002535,30,-0.1771356669202963,1,0,0,0
img_002867.jpg,1782717277.4824038,30,-0.11674684516687676,1,0,0,0
img_002868.jpg,1782717277.548196,30,-0.13090936736930495,1,0,0,0
img_002869.jpg,1782717277.6373646,30,-0.10811040838142379,1,0,0,0
img_002870.jpg,1782717277.7362359,30,-0.07125357262980285,1,0,0,0
img_002871.jpg,1782717277.8193202,30,-0.04696191318229229,1,0,0,0
img_002872.jpg,1782717277.9085386,30,-0.12320496012770893,1,0,0,0
img_002873.jpg,1782717278.0059986,30,-0.1550646782520928,1,0,0,0
img_002874.jpg,1782717278.0730395,30,-0.10220026433690726,1,0,0,0
img_002875.jpg,1782717278.1573372,30,-0.06735830589061148,1,0,0,0
img_002876.jpg,1782717278.2460318,30,-0.04439461484655576,1,0,0,0
img_002877.jpg,1782717278.3462515,30,-0.07136955384563483,1,0,0,0
img_002878.jpg,1782717278.4362726,30,-0.04703835425868543,1,0,0,0
img_002879.jpg,1782717278.4960434,30,-0.031002110173635605,1,0,0,0
img_002880.jpg,1782717278.6034975,30,-0.08624018605096519,1,0,0,0
img_002881.jpg,1782717278.6913335,30,-0.05683931318352154,1,0,0,0
img_002882.jpg,1782717278.7762222,30,-0.10810879467853264,1,0,0,0
img_002883.jpg,1782717278.8478785,30,-0.11533054111063723,1,0,0,0
img_002884.jpg,1782717278.9473996,30,-0.07601222870667902,1,0,0,0
img_002885.jpg,1782717279.0358615,30,-0.12433675037733313,1,0,0,0
img_002886.jpg,1782717279.1062098,30,-0.0819480548284309,1,0,0,0
img_002887.jpg,1782717279.1961324,30,-0.07870700956478192,1,0,0,0
img_002888.jpg,1782717279.2963881,30,-0.05187433575047345,1,0,0,0
img_002889.jpg,1782717279.38655,30,-0.03418941622141026,1,0,0,0
img_002890.jpg,1782717279.4569592,30,-0.10505426292369745,1,0,0,0
img_002891.jpg,1782717279.5584326,30,-0.06923932362640382,1,0,0,0
img_002892.jpg,1782717279.64798,30,-0.11860416351738821,1,0,0,0
img_002893.jpg,1782717279.7157598,30,-0.07816981274890211,1,0,0,0
img_002894.jpg,1782717279.8063478,30,-0.07600030353783173,1,0,0,0
img_002895.jpg,1782717279.9070067,30,-0.09032804436126714,1,0,0,0
img_002896.jpg,1782717279.9762695,30,-0.05953354506530113,1,0,0,0
img_002897.jpg,1782717280.0650098,30,-0.13477086146007705,1,0,0,0
img_002898.jpg,1782717280.1661632,30,-0.11087675556313455,1,0,0,0
img_002899.jpg,1782717280.239053,30,-0.12633839903594613,1,0,0,0
img_002900.jpg,1782717280.3264081,30,-0.22633839903594608,1,0,0,0
img_002901.jpg,1782717280.4067829,30,-0.32633839903594614,1,0,0,0
img_002902.jpg,1782717280.5061836,30,-0.4263383990359462,1,0,0,0
img_002903.jpg,1782717280.5814798,30,-0.363132115268503,1,0,0,0
img_002904.jpg,1782717280.662805,30,-0.23933366765400294,1,0,0,0
img_002905.jpg,1782717280.747541,30,-0.15774039823044286,1,0,0,0
img_002906.jpg,1782717280.8421245,30,-0.10396378193589491,1,0,0,0
img_002907.jpg,1782717280.903088,30,-0.06852060775594228,1,0,0,0
img_002908.jpg,1782717280.9871068,30,-0.045160666530376176,1,0,0,0
img_002909.jpg,1782717281.0818021,30,-0.029764560885567597,1,0,0,0
img_002910.jpg,1782717281.1657827,30,-0.019617272125839035,1,0,0,0
img_002911.jpg,1782717281.2498019,30,-0.012929381593726894,1,0,0,0
img_002912.jpg,1782717281.3380983,30,-0.05006795429445601,1,0,0,0
img_002913.jpg,1782717281.4339602,30,-0.07013483519364137,1,0,0,0
img_002914.jpg,1782717281.506326,30,-0.046224574008806134,1,0,0,0
img_002915.jpg,1782717281.5713522,30,-0.07599452108576925,1,0,0,0
img_002916.jpg,1782717281.6570258,30,-0.09032354163523551,1,0,0,0
img_002917.jpg,1782717281.750938,30,-0.05953057740176965,1,0,0,0
img_002918.jpg,1782717281.8321526,30,-0.10558668071285784,1,0,0,0
img_002919.jpg,1782717281.915933,30,-0.06959023035386243,1,0,0,0
img_002920.jpg,1782717282.0020452,30,-0.04586563502146253,1,0,0,0
img_002921.jpg,1782717282.0982726,30,-0.0896046734821659,1,0,0,0
img_002922.jpg,1782717282.1564596,30,-0.05905678468446456,1,0,0,0
img_002923.jpg,1782717282.2368937,30,-0.06230786478818624,1,0,0,0
img_002924.jpg,1782717282.375245,30,-0.07966590661618318,1,0,0,0
img_002925.jpg,1782717282.426037,30,-0.05250632707970298,1,0,0,0
img_002926.jpg,1782717282.512147,30,-0.05761516307535658,1,0,0,0
img_002927.jpg,1782717282.5951998,30,-0.15761516307535658,1,0,0,0
img_002928.jpg,1782717282.6931343,30,-0.10388124175912244,1,0,0,0
img_002929.jpg,1782717282.7751803,30,-0.09441979027229336,1,0,0,0
img_002930.jpg,1782717282.8589947,30,-0.1046710776475516,1,0,0,0
img_002931.jpg,1782717282.9448884,30,-0.06898677329093379,1,0,0,0
img_002932.jpg,1782717283.0405138,30,-0.06499539871874101,1,0,0,0
img_002933.jpg,1782717283.1269774,30,-0.04283726638853916,1,0,0,0
img_002934.jpg,1782717283.2069156,30,-0.028233250781082558,1,0,0,0
img_002935.jpg,1782717283.3232913,30,-0.018608013929683486,1,0,0,0
img_002936.jpg,1782717283.4057717,30,-0.03333065017880719,1,0,0,0
img_002937.jpg,1782717283.4635756,30,-0.07899506231134241,1,0,0,0
img_002938.jpg,1782717283.5472724,30,-0.05206418599343848,1,0,0,0
img_002939.jpg,1782717283.640792,30,-0.10406712702484634,1,0,0,0
img_002940.jpg,1782717283.7262652,30,-0.08888081636802568,1,0,0,0
img_002941.jpg,1782717283.806063,30,-0.05857970383509786,1,0,0,0
img_002942.jpg,1782717283.906411,30,-0.038608800432241186,1,0,0,0
img_002943.jpg,1782717283.991732,30,-0.025446346997806343,1,0,0,0
img_002944.jpg,1782717284.0733275,30,-0.016771217139189953,1,0,0,0
img_002945.jpg,1782717284.1577191,30,-0.011053599338015264,1,0,0,0
img_002946.jpg,1782717284.246307,30,0.0,0,0,0,1
img_002947.jpg,1782717284.3597813,30,0.0,0,0,0,1
img_002948.jpg,1782717284.4459488,30,-0.1,0,0,0,1
img_002949.jpg,1782717284.5433989,30,-0.06590815232000002,0,0,0,1
img_002950.jpg,1782717284.6252224,30,-0.11578466012364803,0,0,0,1
img_002951.jpg,1782717284.707203,30,-0.12130764542236325,0,0,0,1
img_002952.jpg,1782717284.785987,30,-0.10690394317475728,0,0,0,1
img_002953.jpg,1782717284.9159296,30,-0.1143923377028654,0,0,0,1
img_002954.jpg,1782717285.0011625,30,-0.12907594066116887,0,0,0,1
img_002955.jpg,1782717285.107258,30,-0.10679695439503914,0,0,0,1
img_002956.jpg,1782717285.2071936,30,-0.09650858627804712,0,0,0,1
img_002957.jpg,1782717285.3243718,30,-0.08346593098914558,0,0,0,1
img_002958.jpg,1782717285.4062824,30,-0.05501085293163216,0,0,0,1
img_002959.jpg,1782717285.5361948,30,-0.0766922910476268,0,0,0,1
img_002960.jpg,1782717285.6259096,30,-0.05054647200136761,0,0,0,1
img_002961.jpg,1782717285.7365415,30,-0.10278253390195756,0,0,0,1
img_002962.jpg,1782717285.8602738,30,-0.06774206900245784,0,0,0,1
img_002963.jpg,1782717285.9554377,30,-0.0927499362273859,0,0,0,1
img_002964.jpg,1782717286.040582,30,-0.08077326055374824,0,0,0,1
img_002965.jpg,1782717286.1666536,30,-0.10289716871407713,0,0,0,1
img_002966.jpg,1782717286.256378,30,-0.06781762268904135,0,0,0,1
img_002967.jpg,1782717286.3715842,30,-0.04469734206169625,0,0,0,1
img_002968.jpg,1782717286.4986293,30,-0.06595280389533814,0,0,0,1
img_002969.jpg,1782717286.5879002,30,-0.043468274450650365,0,0,0,1
img_002970.jpg,1782717286.6966717,30,-0.08757554749503048,0,0,0,1
img_002971.jpg,1782717286.801078,30,-0.05771942523809864,0,0,0,1
img_002972.jpg,1782717286.9214196,30,-0.038041806704154586,0,0,0,1
img_002973.jpg,1782717287.0075703,30,-0.025072651907854182,0,0,0,1
img_002974.jpg,1782717287.1561873,30,-0.03353563131531731,0,0,0,1
img_002975.jpg,1782717287.278621,30,-0.02210271496877296,0,0,0,1
img_002976.jpg,1782717287.4123166,30,-0.05106711891360389,0,0,0,1
img_002977.jpg,1782717287.5352263,30,-0.033657394519013596,0,0,0,1
img_002978.jpg,1782717287.656968,30,-0.03843977968536393,0,0,0,1
img_002979.jpg,1782717287.796113,30,-0.06993259516363667,0,0,0,1
img_002980.jpg,1782717287.917196,30,-0.046091281341778624,0,0,0,1
img_002981.jpg,1782717288.090855,30,-0.06703824768546691,0,0,0,1
img_002982.jpg,1782717288.2851398,30,-0.08900187901370087,0,0,0,1
img_002983.jpg,1782717288.482882,30,-0.1061046951654207,0,0,0,1
img_002984.jpg,1782717288.6866884,30,-0.11942245286897113,0,0,0,1
img_002985.jpg,1782717288.8812249,30,-0.10395340450126274,0,0,0,1
img_002986.jpg,1782717289.0863411,30,-0.06851376818051799,0,0,0,1
img_002987.jpg,1782717289.291524,30,-0.0451561586925875,0,0,0,1
img_002988.jpg,1782717289.4766076,30,-0.029761589852971504,0,0,0,1
img_002989.jpg,1782717289.6783779,30,-0.019615313973150125,0,0,0,1
img_002990.jpg,1782717289.87505,30,-0.01292809101147003,0,0,0,1
img_002991.jpg,1782717290.041064,30,-0.02,0,0,0,1
img_002992.jpg,1782717290.2418432,30,-0.046721280000000004,0,0,0,1
img_002993.jpg,1782717290.396084,30,-0.06752882008064001,0,0,0,1
img_002994.jpg,1782717290.5999255,30,-0.09258388185095343,0,0,0,1
img_002995.jpg,1782717290.797301,30,-0.11209395779075523,0,0,0,1
img_002996.jpg,1782717290.997463,30,-0.21209395779075518,0,0,0,1
img_002997.jpg,1782717291.2082312,30,-0.2687264411674948,0,0,0,1
img_002998.jpg,1782717291.397402,30,-0.1771126321687877,0,0,0,1
img_002999.jpg,1782717291.6068954,30,-0.11673166338776592,0,0,0,1
img_003000.jpg,1782717291.8060124,30,-0.07693568251127844,0,0,0,1
img_003001.jpg,1782717292.009494,30,-0.05070688681796501,0,0,0,1
img_003002.jpg,1782717292.2209914,30,-0.03341997220071439,0,0,0,1
img_003003.jpg,1782717292.4190845,30,-0.0220264861833485,0,0,0,1
img_003004.jpg,1782717292.628511,30,-0.014517250064465088,0,0,0,1
img_003005.jpg,1782717292.839067,30,0.0,0,0,0,1
img_003006.jpg,1782717293.0377152,30,0.02,0,0,0,1
img_003007.jpg,1782717293.2469203,30,0.013181630464000003,0,0,0,1
img_003008.jpg,1782717293.4550674,30,0.0,0,0,0,1
img_003009.jpg,1782717293.6664095,30,0.0,0,0,0,1
img_003010.jpg,1782717293.8866673,30,0.0,0,0,0,1
img_003011.jpg,1782717294.0951447,30,-0.02,0,0,0,1
img_003012.jpg,1782717294.3094282,30,-0.013181630464000003,0,0,0,1
img_003013.jpg,1782717294.5301151,30,-0.02,0,0,0,1
img_003014.jpg,1782717294.7517486,30,-0.046721280000000004,0,0,0,1
img_003015.jpg,1782717294.9591684,30,-0.0307931323882537,0,0,0,1
img_003016.jpg,1782717295.1807513,30,-0.02029518459854951,0,0,0,1
img_003017.jpg,1782717295.4017086,30,-0.04695113670467533,0,0,0,1
img_003018.jpg,1782717295.611563,30,-0.030944626695288857,0,0,0,1
img_003019.jpg,1782717295.8340445,30,-0.02039503169718637,0,0,0,1
img_003020.jpg,1782717296.0562143,30,-0.03153885712684117,0,0,0,1
img_003021.jpg,1782717296.2797334,30,-0.020786677995145657,0,0,0,1
img_003022.jpg,1782717296.4997272,30,-0.013700115395308526,0,0,0,1
img_003023.jpg,1782717296.723041,30,-0.04452411545694201,0,0,0,1
img_003024.jpg,1782717296.9461422,30,-0.050296762863580445,0,0,0,1
img_003025.jpg,1782717297.1598387,30,-0.07596548568071573,0,0,0,1
img_003026.jpg,1782717297.3761878,30,-0.07282113914464558,0,0,0,1
img_003027.jpg,1782717297.6065917,30,-0.09350494719826578,0,0,0,1
img_003028.jpg,1782717297.8389766,30,-0.1096111803239232,0,0,0,1
img_003029.jpg,1782717298.0552282,30,-0.07224270368764119,0,0,0,1
img_003030.jpg,1782717298.2741175,30,-0.04761383118653682,0,0,0,1
img_003031.jpg,1782717298.4998565,30,-0.03138139638381036,0,0,0,1
img_003032.jpg,1782717298.71589,30,-0.02068289852878471,0,0,0,1
img_003033.jpg,1782717298.9357824,30,-0.013631716266542469,0,0,0,1
img_003034.jpg,1782717299.1657631,30,0.0,0,0,0,1
img_003035.jpg,1782717299.3968837,30,0.0,0,0,0,1
img_003036.jpg,1782717299.6159687,30,0.0,0,0,0,1
img_003037.jpg,1782717299.8467479,30,-0.04,0,0,0,1
img_003038.jpg,1782717300.0837579,30,-0.0429835776,0,0,0,1
img_003039.jpg,1782717300.3076997,30,-0.0477211323882537,0,0,0,1
img_003040.jpg,1782717300.5360687,30,-0.04976084328617293,0,0,0,1
img_003041.jpg,1782717300.7858653,30,-0.06989569153682344,0,0,0,1
img_003042.jpg,1782717301.0222552,30,-0.06440064055131192,0,0,0,1
img_003043.jpg,1782717301.241042,30,-0.04244527226961436,0,0,0,1
img_003044.jpg,1782717301.475236,30,-0.02797489470009616,0,0,0,1
img_003045.jpg,1782717301.6968322,30,-0.018437736210298986,0,0,0,1
img_003046.jpg,1782717301.9201956,30,-0.012151971265843654,0,0,0,1
img_003047.jpg,1782717302.1466737,30,0.02168492579894274,0,0,0,1
img_003048.jpg,1782717302.365994,30,0.014292133926046158,0,0,0,1
img_003049.jpg,1782717302.5970554,30,0.0,0,0,0,1
img_003050.jpg,1782717302.8202343,30,0.0,0,0,0,1
img_003051.jpg,1782717303.0532906,30,0.0,0,0,0,1
img_003052.jpg,1782717303.285995,30,0.0,0,0,0,1
img_003053.jpg,1782717303.506911,30,0.0,0,0,0,1
img_003054.jpg,1782717303.7464721,30,0.0,0,0,0,1
img_003055.jpg,1782717303.9861302,30,0.0,0,0,0,1
img_003056.jpg,1782717304.2243304,30,0.0,0,0,0,1
img_003057.jpg,1782717304.4467185,30,0.0,0,0,0,1
img_003058.jpg,1782717304.6923969,30,0.0,0,0,0,1
img_003059.jpg,1782717304.9273078,30,0.0,0,0,0,1
img_003060.jpg,1782717305.156815,30,0.0,0,0,0,1
img_003061.jpg,1782717305.4052181,30,0.0,0,0,0,1
img_003062.jpg,1782717305.6411471,30,0.0,0,0,0,1
img_003063.jpg,1782717305.88203,30,0.0,0,0,0,1
img_003064.jpg,1782717306.1120079,30,0.0,0,0,0,1
img_003065.jpg,1782717306.3462274,30,0.0,0,0,0,1
img_003066.jpg,1782717306.5793428,30,0.0,0,0,0,1
img_003067.jpg,1782717347.7166688,30,-0.05906799891344789,0,0,0,1
img_003068.jpg,1782717347.8033779,30,-0.038930626696251185,0,0,0,1
img_003069.jpg,1782717347.8953059,30,-0.02565845674209582,0,0,0,1
img_003070.jpg,1782717347.9558058,30,-0.09720578020272816,0,0,0,1
img_003071.jpg,1782717348.0374835,30,-0.0640665336798585,0,0,0,1
img_003072.jpg,1782717348.1227446,30,-0.11422591410663224,0,0,0,1
img_003073.jpg,1782717348.2161613,30,-0.12009386860386523,0,0,0,1
img_003074.jpg,1782717348.2988758,30,-0.07915164984641618,0,0,0,1
img_003075.jpg,1782717348.3643878,30,-0.052167389944569036,0,0,0,1
img_003076.jpg,1782717348.4501805,30,-0.12799399874900352,0,0,0,1
img_003077.jpg,1782717348.550834,30,-0.08435847965595214,0,0,0,1
img_003078.jpg,1782717348.6314635,30,-0.05559911526648117,0,0,0,1
img_003079.jpg,1782717348.7098022,30,-0.03664434957840479,0,0,0,1
img_003080.jpg,1782717348.8062797,30,-0.04625175406174817,0,0,0,1
img_003081.jpg,1782717348.886606,30,-0.11615161373680834,0,0,0,1
img_003082.jpg,1782717348.9635217,30,-0.07655338250379369,0,0,0,1
img_003083.jpg,1782717349.054052,30,-0.05045491994671259,0,0,0,1
img_003084.jpg,1782717349.1486135,30,-0.0332539054914134,0,0,0,1
img_003085.jpg,1782717349.2312102,30,-0.021917034683629596,0,0,0,1
img_003086.jpg,1782717349.3097715,30,-0.014445112603313829,0,0,0,1
img_003087.jpg,1782717349.4071558,30,0.0,0,0,0,1
img_003088.jpg,1782717349.4664605,30,0.0,0,0,0,1
img_003089.jpg,1782717349.549833,30,0.0,0,0,0,1
img_003090.jpg,1782717349.63856,30,0.0,0,1,0,0
img_003091.jpg,1782717349.7377923,30,0.0,0,1,0,0
img_003092.jpg,1782717349.8179514,30,0.0,0,1,0,0
img_003093.jpg,1782717349.8982687,30,0.0,0,1,0,0
img_003094.jpg,1782717349.9820771,30,0.0,0,1,0,0
img_003095.jpg,1782717350.0776265,30,-0.06,0,1,0,0
img_003096.jpg,1782717350.15907,30,-0.05731143680000001,0,1,0,0
img_003097.jpg,1782717350.2401242,30,-0.03777290906292455,0,1,0,0
img_003098.jpg,1782717350.3360765,30,-0.024895426440887398,0,1,0,0
img_003099.jpg,1782717350.4188597,30,-0.016408115579373626,0,1,0,0
img_003100.jpg,1782717350.502901,30,-0.010814285808895223,0,1,0,0
img_003101.jpg,1782717350.5675147,30,0.0,0,1,0,0
img_003102.jpg,1782717350.6616774,30,0.0,0,1,0,0
img_003103.jpg,1782717350.7428384,30,0.0,0,1,0,0
img_003104.jpg,1782717350.8229096,30,0.0,0,1,0,0
img_003105.jpg,1782717350.8887122,30,0.0,0,1,0,0
img_003106.jpg,1782717350.982844,30,0.0,0,1,0,0
img_003107.jpg,1782717351.0651162,30,0.0,0,1,0,0
img_003108.jpg,1782717351.1464415,30,0.0,0,1,0,0
img_003109.jpg,1782717351.2109964,30,0.0,0,1,0,0
img_003110.jpg,1782717351.31021,30,0.0,0,1,0,0
img_003111.jpg,1782717351.4182417,30,0.0,0,1,0,0
img_003112.jpg,1782717351.4826097,30,0.0,0,1,0,0
img_003113.jpg,1782717351.5710325,30,0.0,0,1,0,0
img_003114.jpg,1782717351.6506858,30,0.0,0,1,0,0
img_003115.jpg,1782717351.7337162,30,0.0,0,1,0,0
img_003116.jpg,1782717351.803233,30,0.0,0,1,0,0
img_003117.jpg,1782717351.8964083,30,0.0,0,1,0,0
img_003118.jpg,1782717351.9750445,30,0.0,0,1,0,0
img_003119.jpg,1782717352.0609596,30,0.0,0,1,0,0
img_003120.jpg,1782717352.1465023,30,0.0,0,1,0,0
img_003121.jpg,1782717352.2376306,30,0.0,0,1,0,0
img_003122.jpg,1782717352.2936487,30,0.0,0,1,0,0
img_003123.jpg,1782717352.3688557,30,0.0,0,1,0,0
img_003124.jpg,1782717352.450648,30,0.0,0,1,0,0
img_003125.jpg,1782717352.5435615,30,0.0,0,1,0,0
img_003126.jpg,1782717352.604191,30,0.0,0,1,0,0
img_003127.jpg,1782717352.6906478,30,0.0,0,1,0,0
img_003128.jpg,1782717352.7853074,30,0.0,0,1,0,0
img_003129.jpg,1782717352.864204,30,0.0,0,1,0,0
img_003130.jpg,1782717352.9399936,30,0.0,0,1,0,0
img_003131.jpg,1782717353.0018213,30,0.0,0,1,0,0
img_003132.jpg,1782717353.0985982,30,0.0,0,1,0,0
img_003133.jpg,1782717353.183858,30,0.0,0,1,0,0
img_003134.jpg,1782717353.2621322,30,0.0,0,1,0,0
img_003135.jpg,1782717353.3421137,30,0.0,0,1,0,0
img_003136.jpg,1782717353.4365766,30,0.0,0,1,0,0
img_003137.jpg,1782717353.5050325,30,0.0,0,1,0,0
img_003138.jpg,1782717353.5842588,30,0.0,0,1,0,0
img_003139.jpg,1782717353.6739917,30,0.0,0,1,0,0
img_003140.jpg,1782717353.7669036,30,0.0,0,1,0,0
img_003141.jpg,1782717353.8461835,30,0.0,0,1,0,0
img_003142.jpg,1782717353.923602,30,0.0,0,1,0,0
img_003143.jpg,1782717353.9890015,30,0.0,0,1,0,0
img_003144.jpg,1782717354.102593,30,0.0,0,1,0,0
img_003145.jpg,1782717354.1676044,30,0.0,0,1,0,0
img_003146.jpg,1782717354.252947,30,0.0,0,1,0,0
img_003147.jpg,1782717354.3322556,30,0.0,0,1,0,0
img_003148.jpg,1782717354.4233963,30,0.0,0,1,0,0
img_003149.jpg,1782717354.4818804,30,0.0,0,1,0,0
img_003150.jpg,1782717354.5665352,30,0.0,0,1,0,0
img_003151.jpg,1782717354.6805239,30,0.0,0,1,0,0
img_003152.jpg,1782717354.7473013,30,0.0,0,1,0,0
img_003153.jpg,1782717354.828595,30,0.0,0,1,0,0
img_003154.jpg,1782717354.9124255,30,0.0,0,1,0,0
img_003155.jpg,1782717355.0140078,30,0.0,0,1,0,0
img_003156.jpg,1782717355.0975206,30,0.0,0,1,0,0
img_003157.jpg,1782717355.1790802,30,0.0,0,1,0,0
img_003158.jpg,1782717355.2610154,30,0.0,0,1,0,0
img_003159.jpg,1782717355.3520262,30,0.0,0,1,0,0
img_003160.jpg,1782717355.4172425,30,0.0,0,1,0,0
img_003161.jpg,1782717355.5018258,30,0.0,0,1,0,0
img_003162.jpg,1782717355.5834568,30,0.0,0,1,0,0
img_003163.jpg,1782717355.6736376,30,0.0,0,1,0,0
img_003164.jpg,1782717355.760832,30,0.0,0,1,0,0
img_003165.jpg,1782717355.8503602,30,0.0,0,1,0,0
img_003166.jpg,1782717355.9419167,30,0.0,0,1,0,0
img_003167.jpg,1782717356.0163786,30,0.0,0,1,0,0
img_003168.jpg,1782717356.09802,30,0.0,0,1,0,0
img_003169.jpg,1782717356.1843846,30,0.0,0,0,0,1
img_003170.jpg,1782717356.2715757,30,0.0,0,0,0,1
img_003171.jpg,1782717356.3371918,30,0.0,0,0,0,1
img_003172.jpg,1782717356.4192653,30,0.0,0,0,0,1
img_003173.jpg,1782717356.4994295,30,0.0,0,0,0,1
img_003174.jpg,1782717356.5904398,30,0.0,0,0,0,1
img_003175.jpg,1782717356.675148,30,0.0,0,0,0,1
img_003176.jpg,1782717356.755123,30,0.0,0,0,0,1
img_003177.jpg,1782717356.8379424,30,0.0,0,0,0,1
img_003178.jpg,1782717356.9304469,30,0.0,0,0,0,1
img_003179.jpg,1782717357.008199,30,0.0,0,0,0,1
img_003180.jpg,1782717357.0881798,30,0.0,0,0,0,1
img_003181.jpg,1782717357.174397,30,0.0,0,0,0,1
img_003182.jpg,1782717357.2390563,30,0.0,0,0,0,1
img_003183.jpg,1782717357.3173754,30,0.0,0,0,0,1
img_003184.jpg,1782717357.397972,30,0.0,0,0,0,1
img_003185.jpg,1782717357.485005,30,0.0,0,0,0,1
img_003186.jpg,1782717357.570766,30,-0.1,0,0,0,1
img_003187.jpg,1782717357.6314123,30,-0.13542400000000002,0,0,0,1
img_003188.jpg,1782717357.7199988,30,-0.08925545619783683,0,0,0,1
img_003189.jpg,1782717357.8332074,30,-0.05882662202478118,0,0,0,1
img_003190.jpg,1782717357.9122934,30,-0.03877153964880346,0,0,0,1
img_003191.jpg,1782717357.9838343,30,-0.025553605408542585,0,0,0,1
img_003192.jpg,1782717358.0952396,30,-0.016841909175914008,0,0,0,1
img_003193.jpg,1782717358.1792927,30,-0.011100191153257463,0,0,0,1
img_003194.jpg,1782717358.24101,30,0.0,0,0,0,1
img_003195.jpg,1782717358.327154,30,0.0,0,0,0,1
img_003196.jpg,1782717358.4238977,30,0.0,0,0,0,1
img_003197.jpg,1782717358.5050464,30,0.0,0,0,0,1
img_003198.jpg,1782717358.5893412,30,0.0,0,0,0,1
img_003199.jpg,1782717358.660794,30,0.0,0,0,0,1
img_003200.jpg,1782717358.7476642,30,0.0,0,0,0,1
img_003201.jpg,1782717358.8285892,30,0.0,0,0,0,1
img_003202.jpg,1782717358.9149654,30,0.0,0,0,0,1
img_003203.jpg,1782717359.0059571,30,0.0,0,0,0,1
img_003204.jpg,1782717359.0861483,30,-0.08,0,0,0,1
img_003205.jpg,1782717359.161712,30,-0.18,0,0,0,1
img_003206.jpg,1782717359.2213905,30,-0.11863467417600003,0,0,0,1
img_003207.jpg,1782717359.3328583,30,-0.07818992176025383,0,0,0,1
img_003208.jpg,1782717359.3979008,30,-0.05153353273263693,0,0,0,1
img_003209.jpg,1782717359.4771836,30,-0.033964799249303415,0,0,0,1
img_003210.jpg,1782717359.5602703,30,-0.022385571624413115,0,0,0,1
img_003211.jpg,1782717359.6537385,30,-0.014753916643920898,0,0,0,1
img_003212.jpg,1782717359.731793,30,0.0,0,0,0,1
img_003213.jpg,1782717359.8144536,30,0.0,0,0,0,1
img_003214.jpg,1782717359.9016528,30,0.0,0,0,0,1
img_003215.jpg,1782717359.991142,30,0.0,0,0,0,1
img_003216.jpg,1782717360.0509481,30,0.0,0,0,0,1
img_003217.jpg,1782717360.1321187,30,0.0,0,0,0,1
img_003218.jpg,1782717360.2122245,30,0.0,0,0,0,1
img_003219.jpg,1782717360.2886453,30,-0.06,0,0,0,1
img_003220.jpg,1782717360.3723876,30,-0.10156800000000002,0,0,0,1
img_003221.jpg,1782717360.4560013,30,-0.06694159214837761,0,0,0,1
img_003222.jpg,1782717360.5578592,30,-0.044119966518585886,0,0,0,1
img_003223.jpg,1782717360.6408045,30,-0.02907865473660259,0,0,0,1
img_003224.jpg,1782717360.723079,30,-0.019165204056406936,0,0,0,1
img_003225.jpg,1782717360.80926,30,-0.07622142871334284,0,0,0,1
img_003226.jpg,1782717360.9035735,30,-0.1437237144162754,0,0,0,1
img_003227.jpg,1782717360.9878695,30,-0.09472564461744062,0,0,0,1
img_003228.jpg,1782717361.0704477,30,-0.06243192214056467,0,0,0,1
img_003229.jpg,1782717361.1572933,30,-0.04114772634070718,0,0,0,1
img_003230.jpg,1782717361.2559228,30,-0.027119706152850052,0,0,0,1
img_003231.jpg,1782717361.3160143,30,-0.017874097239956824,0,0,0,1
img_003232.jpg,1782717361.4038553,30,-0.0539183450315875,0,0,0,1
img_003233.jpg,1782717361.5041149,30,-0.1539183450315875,0,0,0,1
img_003234.jpg,1782717361.587599,30,-0.10144473729184186,0,0,0,1
img_003235.jpg,1782717361.667803,30,-0.06686035197493101,0,0,0,1
img_003236.jpg,1782717361.7421634,30,-0.044066422621325665,0,0,0,1
img_003237.jpg,1782717361.8375423,30,-0.029043364943238257,0,0,0,1
img_003238.jpg,1782717361.91616,30,-0.019141945205642955,0,0,0,1
img_003239.jpg,1782717362.0052183,30,-0.0549056030282917,0,0,0,1
img_003240.jpg,1782717362.075127,30,-0.1549056030282917,0,0,0,1
img_003241.jpg,1782717362.17699,30,-0.15177065421089442,0,0,0,1
img_003242.jpg,1782717362.263042,30,-0.10002923395437678,0,0,0,1
img_003243.jpg,1782717362.346554,30,-0.06592741987917981,0,0,0,1
img_003244.jpg,1782717362.4185302,30,-0.0434515443146158,0,0,0,1
img_003245.jpg,1782717362.516311,30,-0.028638110012269288,0,0,0,1
img_003246.jpg,1782717362.6062622,30,-0.018874849168455617,0,0,0,1
img_003247.jpg,1782717362.6744947,30,-0.05469761854928637,0,0,0,1
img_003248.jpg,1782717362.773986,30,-0.097080064340116,0,0,0,1
img_003249.jpg,1782717362.862738,30,-0.06398367667763767,0,0,0,1
img_003250.jpg,1782717362.9322128,30,-0.04217045908463376,0,0,0,1
img_003251.jpg,1782717363.0240133,30,-0.027793770407543703,0,0,0,1
img_003252.jpg,1782717363.1208625,30,-0.01831836053567499,0,0,0,1
img_003253.jpg,1782717363.205497,30,-0.118318360535675,0,0,0,1
img_003254.jpg,1782717363.2883136,30,-0.18245289169282097,0,0,0,1
img_003255.jpg,1782717363.388086,30,-0.12025132976914908,0,0,0,1
img_003256.jpg,1782717363.4560878,30,-0.0792554295910763,0,0,0,1
img_003257.jpg,1782717363.5400121,30,-0.05223578925675694,0,0,0,1
img_003258.jpg,1782717363.6271706,30,-0.03442764354889757,0,0,0,1
img_003259.jpg,1782717363.7287357,30,-0.044663721467819634,0,0,0,1
img_003260.jpg,1782717363.815282,30,-0.14466372146781964,0,0,0,1
img_003261.jpg,1782717363.8852134,30,-0.09534518589679113,0,0,0,1
img_003262.jpg,1782717363.983644,30,-0.06284025035064428,0,0,0,1
img_003263.jpg,1782717364.07121,30,-0.04141684791937197,0,0,0,1
img_003264.jpg,1782717364.1562297,30,-0.027297079212842433,0,0,0,1
img_003265.jpg,1782717364.2314026,30,-0.03955543537664266,0,0,0,1
img_003266.jpg,1782717364.3330836,30,-0.13955543537664267,0,0,0,1
img_003267.jpg,1782717364.416535,30,-0.09197840891887683,0,0,0,1
img_003268.jpg,1782717364.5037398,30,-0.06062126985176583,0,0,0,1
img_003269.jpg,1782717364.5865674,30,-0.03995435887222007,0,0,0,1
img_003270.jpg,1782717364.6762583,30,-0.026333179703982246,0,0,0,1
img_003271.jpg,1782717364.764258,30,-0.017355712189999945,0,0,0,1
img_003272.jpg,1782717364.8359168,30,-0.09596725521479996,0,0,0,1
img_003273.jpg,1782717364.935982,30,-0.10587607002870217,0,0,0,1
img_003274.jpg,1782717365.0216358,30,-0.0697809615049469,0,0,0,1
img_003275.jpg,1782717365.096518,30,-0.045991342399040985,0,0,0,1
img_003276.jpg,1782717365.1866653,30,-0.030312044002372678,0,0,0,1
img_003277.jpg,1782717365.2861323,30,-0.019978108132389212,0,0,0,1
img_003278.jpg,1782717365.3766005,30,-0.034312176020162385,0,0,0,1
img_003279.jpg,1782717365.4666348,30,-0.1343121760201624,0,0,0,1
img_003280.jpg,1782717365.5709867,30,-0.08852267355567518,0,0,0,1
img_003281.jpg,1782717365.6417522,30,-0.058343658524810764,0,0,0,1
img_003282.jpg,1782717365.7296872,30,-0.03845322732959295,0,0,0,1
img_003283.jpg,1782717365.8205976,30,-0.025343811640343997,0,0,0,1
img_003284.jpg,1782717365.9158044,30,-0.08145100217238717,0,0,0,1
img_003285.jpg,1782717365.9927208,30,-0.18145100217238716,0,0,0,1
img_003286.jpg,1782717366.0823941,30,-0.1443180797412429,0,0,0,1
img_003287.jpg,1782717366.1835036,30,-0.09511737982115746,0,0,0,1
img_003288.jpg,1782717366.2663336,30,-0.06269010757532141,0,0,0,1
img_003289.jpg,1782717366.3566375,30,-0.0413178915903147,0,0,0,1
img_003290.jpg,1782717366.4561338,30,-0.04959984665734467,0,0,0,1
img_003291.jpg,1782717366.5451555,30,-0.14959984665734466,0,0,0,1
img_003292.jpg,1782717366.6318698,30,-0.09859849480540918,0,0,0,1
img_003293.jpg,1782717366.7083929,30,-0.06498444614157639,0,0,0,1
img_003294.jpg,1782717366.8064773,30,-0.04283004774729854,0,0,0,1
img_003295.jpg,1782717366.8671818,30,-0.028228493108018258,0,0,0,1
img_003296.jpg,1782717366.949985,30,-0.01860487823527338,0,0,0,1
img_003297.jpg,1782717367.0313914,30,-0.0757471689383354,0,0,0,1
img_003298.jpg,1782717367.1359372,30,-0.09013093148625453,0,0,0,1
img_003299.jpg,1782717367.216631,30,-0.05940363161139549,0,0,0,1
img_003300.jpg,1782717367.300027,30,-0.03915183600605022,0,0,0,1
img_003301.jpg,1782717367.3938146,30,-0.025804251710944186,0,0,0,1
img_003302.jpg,1782717367.4562762,30,-0.017007105522685306,0,0,0,1
img_003303.jpg,1782717367.5373325,30,-0.053243228985248775,0,0,0,1
img_003304.jpg,1782717367.6269214,30,-0.07260738349206541,0,0,0,1
img_003305.jpg,1782717367.7280972,30,-0.047854184907517014,0,0,0,1
img_003306.jpg,1782717367.8065162,30,-0.03153980908034077,0,0,0,1
img_003307.jpg,1782717367.870477,30,-0.02078730541010819,0,0,0,1
img_003308.jpg,1782717367.9566405,30,-0.013700528912917712,0,0,0,1
img_003309.jpg,1782717368.053777,30,-0.09260448659988431,0,0,0,1
img_003310.jpg,1782717368.136121,30,-0.08066906146457148,0,0,0,1
img_003311.jpg,1782717368.217935,30,-0.053167487905184205,0,0,0,1
img_003312.jpg,1782717368.2866168,30,-0.03504170891326639,0,0,0,1
img_003313.jpg,1782717368.4042943,30,-0.023095342886086636,0,0,0,1
img_003314.jpg,1782717368.4691625,30,-0.015221713768188264,0,0,0,1
img_003315.jpg,1782717368.5580072,30,-0.010032350296051935,0,0,0,1
img_003316.jpg,1782717368.6492765,30,0.0,0,0,0,1
img_003317.jpg,1782717368.726668,30,0.0,0,0,0,1
img_003318.jpg,1782717368.7968397,30,0.0,0,0,0,1
img_003319.jpg,1782717368.883935,30,0.0,0,0,0,1
img_003320.jpg,1782717368.983183,30,0.0,0,0,0,1
img_003321.jpg,1782717369.0643027,30,0.0,0,0,0,1
img_003322.jpg,1782717369.1462812,30,0.0,0,0,0,1
img_003323.jpg,1782717369.2323916,30,-0.06,0,0,0,1
img_003324.jpg,1782717369.3282487,30,-0.05731143680000001,0,0,0,1
img_003325.jpg,1782717369.4136126,30,-0.03777290906292455,0,0,0,1
img_003326.jpg,1782717369.5004985,30,-0.024895426440887398,0,0,0,1
img_003327.jpg,1782717369.5950727,30,-0.016408115579373626,0,0,0,1
img_003328.jpg,1782717369.652771,30,-0.010814285808895223,0,0,0,1
img_003329.jpg,1782717369.735851,30,0.0,0,0,0,1
img_003330.jpg,1782717369.823739,30,0.0,0,0,0,1
img_003331.jpg,1782717369.9210174,30,0.0,0,0,0,1
img_003332.jpg,1782717369.995851,30,0.0,0,0,0,1
img_003333.jpg,1782717370.0600429,30,0.0,0,0,0,1
img_003334.jpg,1782717370.1450639,30,0.0,0,0,0,1
img_003335.jpg,1782717370.262628,30,0.0,0,0,0,1
img_003336.jpg,1782717370.3266747,30,0.0,0,0,0,1
img_003337.jpg,1782717370.4165645,30,0.0,0,0,1,0
img_003338.jpg,1782717370.5102468,30,0.0,0,0,1,0
img_003339.jpg,1782717370.586373,30,0.0,0,0,1,0
img_003340.jpg,1782717370.674389,30,0.0,0,0,1,0
img_003341.jpg,1782717370.7378728,30,0.0,0,0,1,0
img_003342.jpg,1782717370.8334773,30,0.0,0,0,1,0
img_003343.jpg,1782717370.9229844,30,0.0,0,0,1,0
img_003344.jpg,1782717371.0065417,30,0.0,0,0,1,0
img_003345.jpg,1782717371.0869684,30,0.0,0,0,1,0
img_003346.jpg,1782717371.178507,30,0.0,0,0,1,0
img_003347.jpg,1782717371.2599413,30,0.0,0,0,1,0
img_003348.jpg,1782717371.3267205,30,0.0,0,0,1,0
img_003349.jpg,1782717371.4122381,30,0.0,0,0,1,0
img_003350.jpg,1782717371.5067987,30,0.0,0,0,1,0
img_003351.jpg,1782717371.5900486,30,0.0,0,0,1,0
img_003352.jpg,1782717371.6714597,30,0.0,0,0,1,0
img_003353.jpg,1782717371.7384427,30,0.0,0,0,1,0
img_003354.jpg,1782717371.831968,30,0.0,0,0,1,0
img_003355.jpg,1782717371.9173882,30,0.0,0,0,1,0
img_003356.jpg,1782717371.998945,30,0.0,0,0,1,0
img_003357.jpg,1782717372.1035354,30,0.0,0,0,1,0
img_003358.jpg,1782717372.1863253,30,0.08,0,0,1,0
img_003359.jpg,1782717372.2660778,30,0.11849600000000003,0,0,1,0
img_003360.jpg,1782717372.3504303,30,0.07809852417310724,0,0,1,0
img_003361.jpg,1782717372.4511774,30,0.051473294271683546,0,0,1,0
img_003362.jpg,1782717372.5286758,30,0.033925097192703035,0,0,1,0
img_003363.jpg,1782717372.6122117,30,0.022359404732474764,0,0,1,0
img_003364.jpg,1782717372.7104838,30,0.01473667052892476,0,0,1,0
img_003365.jpg,1782717372.7928474,30,0.030557247020761177,0,0,1,0
img_003366.jpg,1782717372.8728535,30,0.13055724702076119,0,0,1,0
img_003367.jpg,1782717372.956027,30,0.23055724702076114,0,0,1,0
img_003368.jpg,1782717373.0460773,30,0.28571266725910033,0,0,1,0
img_003369.jpg,1782717373.12883,30,0.1883079399346626,0,0,1,0
img_003370.jpg,1782717373.1902018,30,0.12411028388279155,0,0,1,0
img_003371.jpg,1782717373.2753518,30,0.1941814611721682,0,0,1,0
img_003372.jpg,1782717373.3719287,30,0.21513918873612314,0,0,1,0
img_003373.jpg,1782717373.4500022,30,0.1417942642122164,0,0,1,0
img_003374.jpg,1782717373.5353851,30,0.15041349201088236,0,0,1,0
img_003375.jpg,1782717373.6320462,30,0.2504134920108823,0,0,1,0
img_003376.jpg,1782717373.7136009,30,0.3504134920108824,0,0,1,0
img_003377.jpg,1782717373.8028312,30,0.4504134920108825,0,0,1,0
img_003378.jpg,1782717373.8909512,30,0.5504134920108825,0,0,1,0
img_003379.jpg,1782717373.9878113,30,0.6504134920108826,0,0,1,0
img_003380.jpg,1782717374.0785744,30,0.7504134920108827,0,0,1,0
img_003381.jpg,1782717374.146589,30,0.5519188019656127,0,0,1,0
img_003382.jpg,1782717374.2338362,30,0.36375948468221525,0,0,1,0
img_003383.jpg,1782717374.3295527,30,0.23974715524280155,0,0,1,0
img_003384.jpg,1782717374.395832,30,0.15801292026029257,0,0,1,0
img_003385.jpg,1782717374.4807296,30,0.133199343663515,0,0,1,0
img_003386.jpg,1782717374.5653708,30,0.23319934366351494,0,0,1,0
img_003387.jpg,1782717374.6604323,30,0.15369737863098973,0,0,1,0
img_003388.jpg,1782717374.7238607,30,0.10129910241995987,0,0,1,0
img_003389.jpg,1782717374.8126626,30,0.06676436672173998,0,0,1,0
img_003390.jpg,1782717374.9041734,30,0.04400316051444779,0,0,1,0
img_003391.jpg,1782717374.977507,30,0.02900167005747635,0,0,1,0
img_003392.jpg,1782717375.0516708,30,0.01911446487682535,0,0,1,0
img_003393.jpg,1782717375.1365266,30,0.05168420442600539,0,0,1,0
img_003394.jpg,1782717375.2197719,30,0.034064104178471825,0,0,1,0
img_003395.jpg,1782717375.2869713,30,0.06652530915452587,0,0,1,0
img_003396.jpg,1782717375.3739154,30,0.1070910216683907,0,0,1,0
img_003397.jpg,1782717375.4542303,30,0.07058171368224717,0,0,1,0
img_003398.jpg,1782717375.5412612,30,0.046519103363761756,0,0,1,0
img_003399.jpg,1782717375.6211348,30,0.14651910336376175,0,0,1,0
img_003400.jpg,1782717375.6871595,30,0.20839757509466078,0,0,1,0
img_003401.jpg,1782717375.7961318,30,0.13735099122457542,0,0,1,0
img_003402.jpg,1782717375.8784857,30,0.09052550050932302,0,0,1,0
img_003403.jpg,1782717375.9365027,30,0.05966368476412701,0,0,1,0
img_003404.jpg,1782717376.0184479,30,0.03932323223406547,0,0,1,0
img_003405.jpg,1782717376.1128125,30,0.025917215797975214,0,0,1,0
img_003406.jpg,1782717376.2166193,30,0.017081558065232615,0,0,1,0
img_003407.jpg,1782717376.2837186,30,0.01125813930826276,0,0,1,0
img_003408.jpg,1782717376.3670142,30,0.0,0,0,1,0
img_003409.jpg,1782717376.4633036,30,-0.06,0,0,1,0
img_003410.jpg,1782717376.5457995,30,-0.03954489139200001,0,0,1,0
img_003411.jpg,1782717376.6214364,30,-0.026063307253417937,0,0,1,0
img_003412.jpg,1782717376.696863,30,-0.017177844244212304,0,0,1,0
img_003413.jpg,1782717376.780835,30,-0.011321599749767802,0,0,1,0
img_003414.jpg,1782717376.861301,30,0.0,0,0,1,0
img_003415.jpg,1782717376.9468644,30,0.0,0,0,1,0
img_003416.jpg,1782717377.012088,30,0.0,0,0,1,0
img_003417.jpg,1782717377.1031616,30,0.0,0,0,1,0
img_003418.jpg,1782717377.1869335,30,0.0,0,0,1,0
img_003419.jpg,1782717377.2679305,30,0.0,0,0,1,0
img_003420.jpg,1782717377.3541746,30,0.0,0,0,1,0
img_003421.jpg,1782717377.4459794,30,0.0,0,0,1,0
img_003422.jpg,1782717377.522281,30,0.0,0,0,1,0
img_003423.jpg,1782717377.613478,30,-0.0368,0,0,1,0
img_003424.jpg,1782717377.7264302,30,-0.024254200053760007,0,0,1,0
img_003425.jpg,1782717377.8109028,30,-0.12425420005376002,0,0,1,0
img_003426.jpg,1782717377.8912392,30,-0.08189364743542969,0,0,1,0
img_003427.jpg,1782717377.965347,30,-0.05397458989214679,0,0,1,0
img_003428.jpg,1782717378.0510745,30,-0.03557365492021143,0,0,1,0
img_003429.jpg,1782717378.1305444,30,-0.02344593867060413,0,0,1,0
img_003430.jpg,1782717378.2135386,30,-0.015452784971875555,0,0,1,0
img_003431.jpg,1782717378.3032937,30,-0.01018464505694581,0,0,1,0
img_003432.jpg,1782717378.3819106,30,0.0,0,0,1,0
img_003433.jpg,1782717378.4667723,30,0.0,0,0,1,0
img_003434.jpg,1782717378.5568945,30,0.0,0,0,1,0
img_003435.jpg,1782717378.6417458,30,0.0,0,0,1,0
img_003436.jpg,1782717378.715844,30,0.0,0,0,1,0
img_003437.jpg,1782717378.7980068,30,0.0,0,0,1,0
img_003438.jpg,1782717378.8954713,30,0.0,0,0,1,0
img_003439.jpg,1782717378.9758108,30,0.0,0,0,0,1
img_003440.jpg,1782717379.056798,30,0.0,0,0,0,1
img_003441.jpg,1782717379.1220167,30,0.0,0,0,0,1
img_003442.jpg,1782717379.2144237,30,0.0,0,0,0,1
img_003443.jpg,1782717379.2978864,30,0.0,0,0,0,1
img_003444.jpg,1782717379.373875,30,0.0,0,0,0,1
img_003445.jpg,1782717379.4565046,30,0.0,0,0,0,1
img_003446.jpg,1782717379.5376537,30,0.0,0,0,0,1
img_003447.jpg,1782717388.0727355,30,0.0,0,0,0,1
img_003448.jpg,1782717388.159234,30,0.0,0,0,0,1
img_003449.jpg,1782717388.2571712,30,0.0,0,0,0,1
img_003450.jpg,1782717388.3362536,30,0.0,0,0,0,1
img_003451.jpg,1782717388.4125278,30,0.0,0,0,0,1
img_003452.jpg,1782717388.4774861,30,0.0,0,0,0,1
img_003453.jpg,1782717388.5940762,30,0.0,0,0,0,1
img_003454.jpg,1782717388.6793802,30,0.0,0,0,0,1
img_003455.jpg,1782717388.7442505,30,0.0,0,0,0,1
img_003456.jpg,1782717388.83677,30,0.0,0,0,0,1
img_003457.jpg,1782717388.9180017,30,0.0,0,0,0,1
img_003458.jpg,1782717388.9950237,30,0.0,0,0,0,1
img_003459.jpg,1782717389.060139,30,0.0,0,0,0,1
img_003460.jpg,1782717389.153962,30,0.0,0,0,0,1
img_003461.jpg,1782717389.263687,30,0.0,0,1,0,0
img_003462.jpg,1782717389.3477788,30,0.0,0,1,0,0
img_003463.jpg,1782717389.4061873,30,0.0,0,1,0,0
img_003464.jpg,1782717389.4958527,30,0.0,0,1,0,0
img_003465.jpg,1782717389.5823255,30,0.0,0,1,0,0
img_003466.jpg,1782717389.648161,30,0.0,0,1,0,0
img_003467.jpg,1782717389.7302327,30,0.0,0,1,0,0
img_003468.jpg,1782717389.828508,30,0.0,0,1,0,0
img_003469.jpg,1782717389.9158938,30,-0.08,0,1,0,0
img_003470.jpg,1782717390.0032191,30,-0.05272652185600001,0,1,0,0
img_003471.jpg,1782717390.0973458,30,-0.03475107633789058,0,1,0,0
img_003472.jpg,1782717390.1751518,30,-0.022903792325616408,0,1,0,0
img_003473.jpg,1782717390.2530007,30,-0.015095466333023737,0,1,0,0
img_003474.jpg,1782717390.3293686,30,0.0,0,1,0,0
img_003475.jpg,1782717390.4055147,30,0.0,0,1,0,0
img_003476.jpg,1782717390.4931753,30,0.0,0,1,0,0
img_003477.jpg,1782717390.580538,30,0.08,0,1,0,0
img_003478.jpg,1782717390.6579878,30,0.09344256000000002,0,1,0,0
img_003479.jpg,1782717390.7463157,30,0.0615862647765074,0,1,0,0
img_003480.jpg,1782717390.8273244,30,0.04059036919709902,0,1,0,0
img_003481.jpg,1782717390.8904338,30,0.026752362357674385,0,1,0,0
img_003482.jpg,1782717390.9742835,30,-0.0373568005004644,0,1,0,0
img_003483.jpg,1782717391.0868165,30,-0.13735680050046442,0,1,0,0
img_003484.jpg,1782717391.1486878,30,-0.09052932929572463,0,1,0,0
img_003485.jpg,1782717391.2300718,30,-0.05966620824650059,0,1,0,0
img_003486.jpg,1782717391.3355112,30,-0.03932489541467202,0,1,0,0
img_003487.jpg,1782717391.417238,30,-0.025918311969582736,0,1,0,0
img_003488.jpg,1782717391.4767807,30,-0.01708228053168539,0,1,0,0
img_003489.jpg,1782717391.5650766,30,-0.011258615472552913,0,1,0,0
img_003490.jpg,1782717391.6778457,30,0.0,0,1,0,0
img_003491.jpg,1782717391.7419434,30,0.0,0,1,0,0
img_003492.jpg,1782717391.8219805,30,0.0,0,1,0,0
img_003493.jpg,1782717391.9096627,30,0.0,0,1,0,0
img_003494.jpg,1782717392.0027776,30,0.0,0,1,0,0
img_003495.jpg,1782717392.0863936,30,0.0,0,1,0,0
img_003496.jpg,1782717392.1678398,30,0.0,0,1,0,0
img_003497.jpg,1782717392.2469437,30,0.0,0,1,0,0
img_003498.jpg,1782717392.3419678,30,0.0,0,1,0,0
img_003499.jpg,1782717392.3985102,30,0.0,0,1,0,0
img_003500.jpg,1782717392.4818816,30,0.02,0,1,0,0
img_003501.jpg,1782717392.5728405,30,0.06771200000000001,0,1,0,0
img_003502.jpg,1782717392.6541443,30,0.044627728098918414,0,1,0,0
img_003503.jpg,1782717392.733008,30,0.02941331101239059,0,1,0,0
img_003504.jpg,1782717392.800728,30,0.01938576982440173,0,1,0,0
img_003505.jpg,1782717392.8964427,30,0.012776802704271293,0,1,0,0
img_003506.jpg,1782717392.9828851,30,0.0,0,1,0,0
img_003507.jpg,1782717393.0651107,30,0.0,0,1,0,0
img_003508.jpg,1782717393.141958,30,0.0,0,1,0,0
img_003509.jpg,1782717393.2406003,30,0.0,0,1,0,0
img_003510.jpg,1782717393.3242946,30,0.0,0,1,0,0
img_003511.jpg,1782717393.3865843,30,0.0,0,1,0,0
img_003512.jpg,1782717393.471894,30,0.0,0,1,0,0
img_003513.jpg,1782717393.5680397,30,0.0,0,1,0,0
img_003514.jpg,1782717393.6489863,30,0.0,0,1,0,0
img_003515.jpg,1782717393.7298117,30,0.0,0,1,0,0
img_003516.jpg,1782717393.7950516,30,0.0,0,1,0,0
img_003517.jpg,1782717393.915745,30,0.0,0,1,0,0
img_003518.jpg,1782717394.004257,30,0.0,0,1,0,0
img_003519.jpg,1782717394.0862584,30,0.0,0,1,0,0
img_003520.jpg,1782717394.1780324,30,0.0,0,1,0,0
img_003521.jpg,1782717394.2392445,30,0.0,0,1,0,0
img_003522.jpg,1782717394.3172472,30,0.0,0,1,0,0
img_003523.jpg,1782717394.4017193,30,0.0,0,1,0,0
img_003524.jpg,1782717394.4969687,30,0.0,0,1,0,0
img_003525.jpg,1782717394.5807931,30,0.0,0,1,0,0
img_003526.jpg,1782717394.6608517,30,0.0,0,1,0,0
img_003527.jpg,1782717394.7477148,30,0.0,0,1,0,0
img_003528.jpg,1782717394.8416755,30,0.0,0,1,0,0
img_003529.jpg,1782717394.922885,30,0.0,0,1,0,0
img_003530.jpg,1782717394.9891818,30,0.0,0,1,0,0
img_003531.jpg,1782717395.1022093,30,0.0,0,1,0,0
img_003532.jpg,1782717395.1672363,30,0.0,0,1,0,0
img_003533.jpg,1782717395.2465034,30,0.0,0,1,0,0
img_003534.jpg,1782717395.3310325,30,0.0,0,1,0,0
img_003535.jpg,1782717395.4236708,30,0.0,0,1,0,0
img_003536.jpg,1782717395.5050826,30,0.0,0,1,0,0
img_003537.jpg,1782717395.5892215,30,0.0,0,1,0,0
img_003538.jpg,1782717395.6711173,30,0.0,0,1,0,0
img_003539.jpg,1782717395.7635188,30,0.0,0,1,0,0
img_003540.jpg,1782717395.8219259,30,0.0,0,1,0,0
img_003541.jpg,1782717395.9008145,30,0.0,0,1,0,0
img_003542.jpg,1782717395.982685,30,0.0,0,1,0,0
img_003543.jpg,1782717396.0730786,30,0.0,0,1,0,0
img_003544.jpg,1782717396.150923,30,0.0,0,1,0,0
img_003545.jpg,1782717396.2319345,30,0.0,0,1,0,0
img_003546.jpg,1782717396.320882,30,0.0,0,1,0,0
img_003547.jpg,1782717396.4043734,30,0.0,0,1,0,0
img_003548.jpg,1782717396.4718075,30,0.0,0,1,0,0
img_003549.jpg,1782717396.5608418,30,0.0,0,1,0,0
img_003550.jpg,1782717396.6696062,30,0.0,0,1,0,0
img_003551.jpg,1782717396.7312264,30,0.0,0,0,0,1
img_003552.jpg,1782717396.8135278,30,0.0,0,0,0,1
img_003553.jpg,1782717396.898794,30,0.0,0,0,0,1
img_003554.jpg,1782717396.9899158,30,0.0,0,0,0,1
img_003555.jpg,1782717397.0783095,30,0.0,0,0,0,1
img_003556.jpg,1782717397.1520672,30,0.0,0,0,0,1
img_003557.jpg,1782717397.2343333,30,0.0,0,0,0,1
img_003558.jpg,1782717397.3260596,30,0.0,0,0,0,1
img_003559.jpg,1782717397.3831103,30,0.0,0,0,0,1
img_003560.jpg,1782717397.4610703,30,0.0,0,0,0,1
img_003561.jpg,1782717397.5514936,30,0.0,0,0,0,1
img_003562.jpg,1782717397.64513,30,0.0,0,0,0,1
img_003563.jpg,1782717397.706563,30,0.0,0,0,0,1
img_003564.jpg,1782717397.7902243,30,0.0,0,0,0,1
img_003565.jpg,1782717397.8720295,30,0.0,0,0,0,1
img_003566.jpg,1782717397.965696,30,0.0,0,0,0,1
img_003567.jpg,1782717398.0328615,30,0.0,0,0,0,1
img_003568.jpg,1782717398.1209335,30,0.0,0,0,0,1
img_003569.jpg,1782717398.2181754,30,0.0,0,0,0,1
img_003570.jpg,1782717398.2964652,30,0.0,0,0,0,1
img_003571.jpg,1782717398.3697736,30,0.0,0,0,0,1
img_003572.jpg,1782717398.4280667,30,0.0,0,0,0,1
img_003573.jpg,1782717398.5241122,30,0.0,0,0,0,1
img_003574.jpg,1782717398.6108527,30,0.0,0,0,0,1
img_003575.jpg,1782717398.687091,30,0.0,0,0,0,1
img_003576.jpg,1782717398.7663922,30,0.0,0,0,0,1
img_003577.jpg,1782717398.8588796,30,0.0,0,0,0,1
img_003578.jpg,1782717398.923893,30,0.0,0,0,0,1
img_003579.jpg,1782717399.003219,30,0.0,0,0,0,1
img_003580.jpg,1782717399.0882635,30,0.0,0,0,0,1
img_003581.jpg,1782717399.1815524,30,0.0,0,0,0,1
img_003582.jpg,1782717399.2657988,30,0.0,0,0,0,1
img_003583.jpg,1782717399.3482482,30,0.0,0,0,0,1
img_003584.jpg,1782717399.418559,30,0.0,0,0,0,1
img_003585.jpg,1782717399.5122485,30,0.0,0,0,0,1
img_003586.jpg,1782717399.589659,30,0.0,0,0,0,1
img_003587.jpg,1782717399.6688473,30,0.0,0,0,0,1
img_003588.jpg,1782717399.757034,30,0.0,0,0,0,1
img_003589.jpg,1782717399.851878,30,0.0,0,0,0,1
img_003590.jpg,1782717399.9288034,30,0.0,0,0,0,1
img_003591.jpg,1782717399.9950492,30,0.0,0,0,0,1
img_003592.jpg,1782717400.090448,30,0.0,0,0,0,1
img_003593.jpg,1782717400.1813934,30,-0.04,0,0,0,1
img_003594.jpg,1782717400.2611396,30,-0.06229504000000001,0,0,0,1
img_003595.jpg,1782717400.3428216,30,-0.04105750985100494,0,0,0,1
img_003596.jpg,1782717400.4331386,30,-0.027060246131399342,0,0,0,1
img_003597.jpg,1782717400.510658,30,-0.017834908238449593,0,0,0,1
img_003598.jpg,1782717400.5887916,30,-0.01175465848792959,0,0,0,1
img_003599.jpg,1782717400.6557932,30,0.0,0,0,0,1
img_003600.jpg,1782717400.7493842,30,-0.06,0,0,0,1
img_003601.jpg,1782717400.836099,30,-0.05731143680000001,0,0,0,1
img_003602.jpg,1782717400.9166255,30,-0.03777290906292455,0,0,0,1
img_003603.jpg,1782717400.995139,30,-0.024895426440887398,0,0,0,1
img_003604.jpg,1782717401.0839212,30,-0.12489542644088741,0,0,0,1
img_003605.jpg,1782717401.1472645,30,-0.08231626789937364,0,0,0,1
img_003606.jpg,1782717401.2340403,30,-0.05425313123125845,0,0,0,1
img_003607.jpg,1782717401.3143752,30,-0.035757236370267315,0,0,0,1
img_003608.jpg,1782717401.4088187,30,-0.023566933812338226,0,0,0,1
img_003609.jpg,1782717401.4984124,30,-0.015532530634189464,0,0,0,1
img_003610.jpg,1782717401.5788622,30,-0.010237203949532257,0,0,0,1
img_003611.jpg,1782717401.6651535,30,0.0,0,0,0,1
img_003612.jpg,1782717401.744182,30,-0.02,0,0,0,1
img_003613.jpg,1782717401.8303316,30,-0.09200000000000001,0,0,0,1
img_003614.jpg,1782717401.8935924,30,-0.06063550013440003,0,0,0,1
img_003615.jpg,1782717402.002887,30,-0.039963737788574184,0,0,0,1
img_003616.jpg,1782717402.0881612,30,-0.02633936117445888,0,0,0,1
img_003617.jpg,1782717402.176165,30,-0.017359786282977303,0,0,0,1
img_003618.jpg,1782717402.243871,30,-0.011441514385811149,0,0,0,1
img_003619.jpg,1782717402.355136,30,0.0,0,0,0,1
img_003620.jpg,1782717402.4059331,30,-0.02,0,0,0,1
img_003621.jpg,1782717402.4912097,30,-0.12000000000000001,0,0,0,1
img_003622.jpg,1782717402.582604,30,-0.07908978278400002,0,0,0,1
img_003623.jpg,1782717402.6609185,30,-0.052126614506835874,0,0,0,1
img_003624.jpg,1782717402.740982,30,-0.03435568848842461,0,0,0,1
img_003625.jpg,1782717402.8069632,30,-0.022643199499535603,0,0,0,1
img_003626.jpg,1782717402.9102247,30,-0.03622142871334283,0,0,0,1
img_003627.jpg,1782717402.994133,30,-0.05935271188193551,0,0,0,1
img_003628.jpg,1782717403.0753553,30,-0.039118275753196805,0,0,0,1
img_003629.jpg,1782717403.1594732,30,-0.025782132768374582,0,0,0,1
img_003630.jpg,1782717403.2522194,30,-0.016992527336324958,0,0,0,1
img_003631.jpg,1782717403.3280694,30,-0.011199460799842692,0,0,0,1
img_003632.jpg,1782717403.4095964,30,0.0,0,0,0,1
img_003633.jpg,1782717403.4762084,30,-0.1,0,0,0,1
img_003634.jpg,1782717403.571094,30,-0.06590815232000002,0,0,0,1
img_003635.jpg,1782717403.6540277,30,-0.043438845422363245,0,0,0,1
img_003636.jpg,1782717403.736384,30,-0.09676663876548826,0,0,0,1
img_003637.jpg,1782717403.8062406,30,-0.0836507979744589,0,0,0,1
img_003638.jpg,1782717403.8957798,30,-0.055132695345901865,0,0,0,1
img_003639.jpg,1782717403.9787853,30,-0.059496674811628875,0,0,0,1
img_003640.jpg,1782717404.0576248,30,-0.1011419855605627,0,0,0,1
img_003641.jpg,1782717404.1569362,30,-0.0666608139027281,0,0,0,1
img_003642.jpg,1782717404.232945,30,-0.14132794879050986,0,0,0,1
img_003643.jpg,1782717404.3079567,30,-0.14119789778778455,0,0,0,1
img_003644.jpg,1782717404.3777983,30,-0.09306092554661097,0,0,0,1
img_003645.jpg,1782717404.4718952,30,-0.08666819191267627,0,0,0,1
img_003646.jpg,1782717404.553156,30,-0.07641634174217024,0,0,0,1
img_003647.jpg,1782717404.6378665,30,-0.050364598912801324,0,0,0,1
img_003648.jpg,1782717404.698239,30,-0.03319437656680616,0,0,0,1
img_003649.jpg,1782717404.8066373,30,-0.021877800269324996,0,0,0,1
img_003650.jpg,1782717404.8988166,30,-0.01441925392577209,0,0,0,1
img_003651.jpg,1782717404.982053,30,-0.0722044565227735,0,0,0,1
img_003652.jpg,1782717405.0551224,30,-0.04758862318685775,0,0,0,1
img_003653.jpg,1782717405.1420183,30,-0.031364782256985045,0,0,0,1
img_003654.jpg,1782717405.220598,30,-0.10245559967642626,0,0,0,1
img_003655.jpg,1782717405.3053198,30,-0.06752659269510845,0,0,0,1
img_003656.jpg,1782717405.3972795,30,-0.06837557561956313,0,0,0,1
img_003657.jpg,1782717405.4793909,30,-0.16837557561956312,0,0,0,1
img_003658.jpg,1782717405.5569935,30,-0.11097323084901849,0,0,0,1
img_003659.jpg,1782717405.6392722,30,-0.07314040602239635,0,0,0,1
img_003660.jpg,1782717405.7198412,30,-0.11269003965735629,0,0,0,1
img_003661.jpg,1782717405.8052573,30,-0.07427192298683881,0,0,0,1
img_003662.jpg,1782717405.887725,30,-0.04895125213315883,0,0,0,1
img_003663.jpg,1782717405.970899,30,-0.032262865818469585,0,0,0,1
img_003664.jpg,1782717406.0607255,30,-0.08730728962875267,0,0,0,1
img_003665.jpg,1782717406.1170785,30,-0.057542621434981886,0,0,0,1
img_003666.jpg,1782717406.1967032,30,-0.03792527858428884,0,0,0,1
img_003667.jpg,1782717406.281804,30,-0.047169402583823294,0,0,0,1
img_003668.jpg,1782717406.3728979,30,-0.06787776775919221,0,0,0,1
img_003669.jpg,1782717406.4352715,30,-0.044736982566144265,0,0,0,1
img_003670.jpg,1782717406.5224857,30,-0.02948531861306621,0,0,0,1
img_003671.jpg,1782717406.6184075,30,-0.041123074677757596,0,0,0,1
img_003672.jpg,1782717406.6971142,30,-0.111433228703537,0,0,0,1
img_003673.jpg,1782717406.7723265,30,-0.07344358210902115,0,0,0,1
img_003674.jpg,1782717406.8351629,30,-0.04840530796567793,0,0,0,1
img_003675.jpg,1782717406.929773,30,-0.07769263244917782,0,0,0,1
img_003676.jpg,1782717407.0180016,30,-0.05120577853602187,0,0,0,1
img_003677.jpg,1782717407.1027923,30,-0.03374878251416317,0,0,0,1
img_003678.jpg,1782717407.1795979,30,-0.0441773902017176,0,0,0,1
img_003679.jpg,1782717407.2716026,30,-0.1142431989855802,0,0,0,1
img_003680.jpg,1782717407.351839,30,-0.07529558160265691,0,0,0,1
img_003681.jpg,1782717407.4342778,30,-0.04962592661290902,0,0,0,1
img_003682.jpg,1782717407.520114,30,-0.10200338428516621,0,0,0,1
img_003683.jpg,1782717407.6127105,30,-0.06722854588622232,0,0,0,1
img_003684.jpg,1782717407.6927748,30,-0.04430909242521251,0,0,0,1
img_003685.jpg,1782717407.7570155,30,-0.14430909242521253,0,0,0,1
img_003686.jpg,1782717407.8489757,30,-0.09511145644721869,0,0,0,1
img_003687.jpg,1782717407.9397855,30,-0.06268620358900336,0,0,0,1
img_003688.jpg,1782717408.0216148,30,-0.04131531854506564,0,0,0,1
img_003689.jpg,1782717408.1052954,30,-0.027230163078175076,0,0,0,1
img_003690.jpg,1782717408.2012408,30,-0.08304761002936739,0,0,0,1
img_003691.jpg,1782717408.279934,30,-0.0738225823698642,0,0,0,1
img_003692.jpg,1782717408.3610125,30,-0.04865510003488758,0,0,0,1
img_003693.jpg,1782717408.4339752,30,-0.032067677442442086,0,0,0,1
img_003694.jpg,1782717408.5203428,30,-0.021135213694251014,0,0,0,1
img_003695.jpg,1782717408.606208,30,-0.013929828834764462,0,0,0,1
img_003696.jpg,1782717408.6927176,30,0.0,0,0,0,1
img_003697.jpg,1782717408.7859879,30,0.0,0,0,0,1
img_003698.jpg,1782717408.8659651,30,-0.050784,0,0,0,1
img_003699.jpg,1782717408.9440043,30,-0.033470796074188805,0,0,0,1
img_003700.jpg,1782717409.0101416,30,-0.0439782426731445,0,0,0,1
img_003701.jpg,1782717409.1041722,30,-0.11405998325929295,0,0,0,1
img_003702.jpg,1782717409.1935885,30,-0.07517482750270131,0,0,0,1
img_003703.jpg,1782717409.27377,30,-0.1491608413024852,0,0,0,1
img_003704.jpg,1782717409.3601403,30,-0.12118563581677762,0,0,0,1
img_003705.jpg,1782717409.449402,30,-0.0798712134440823,0,0,0,1
img_003706.jpg,1782717409.5334063,30,-0.09334227545434558,0,0,0,1
img_003707.jpg,1782717409.614094,30,-0.06152016908540407,0,0,0,1
img_003708.jpg,1782717409.6792274,30,-0.04054680674832968,0,0,0,1
img_003709.jpg,1782717409.7942257,30,-0.026723651152585168,0,0,0,1
img_003710.jpg,1782717409.877892,30,-0.0826188983355481,0,0,0,1
img_003711.jpg,1782717409.9408622,30,-0.054452589360098995,0,0,0,1
img_003712.jpg,1782717410.0368626,30,-0.03588869553763816,0,0,0,1
img_003713.jpg,1782717410.1256459,30,-0.02365357612060761,0,0,0,1
img_003714.jpg,1782717410.2068639,30,-0.015589634978697213,0,0,0,1
img_003715.jpg,1782717410.2879891,30,-0.010274840367891759,0,0,0,1
img_003716.jpg,1782717410.3858006,30,0.0,0,0,0,1
img_003717.jpg,1782717410.469344,30,-0.08,0,0,0,1
img_003718.jpg,1782717410.5481527,30,-0.05272652185600001,0,0,0,1
img_003719.jpg,1782717410.6293056,30,-0.03475107633789058,0,0,0,1
img_003720.jpg,1782717410.719804,30,-0.022903792325616408,0,0,0,1
img_003721.jpg,1782717410.7818465,30,-0.015095466333023737,0,0,0,1
img_003722.jpg,1782717410.863981,30,0.0,0,0,0,1
img_003723.jpg,1782717410.949236,30,0.0,0,0,0,1
img_003724.jpg,1782717411.0434227,30,0.0,0,0,0,1
img_003725.jpg,1782717411.1087987,30,0.0,0,0,0,1
img_003726.jpg,1782717411.1909761,30,0.0,0,0,0,1
img_003727.jpg,1782717411.280542,30,0.0,0,0,0,1
img_003728.jpg,1782717411.367894,30,-0.0736,0,0,0,1
img_003729.jpg,1782717411.4528239,30,-0.048508400107520014,0,0,0,1
img_003730.jpg,1782717411.5279934,30,-0.031970990230859336,0,0,0,1
img_003731.jpg,1782717411.6222606,30,-0.021071488939567097,0,0,0,1
img_003732.jpg,1782717411.7020934,30,-0.013887829026381839,0,0,0,1
img_003733.jpg,1782717411.7843683,30,0.0,0,0,0,1
img_003734.jpg,1782717411.8685877,30,0.0,0,0,0,1
img_003735.jpg,1782717411.959269,30,0.0,0,0,0,1
img_003736.jpg,1782717412.038992,30,0.0,0,0,0,1
img_003737.jpg,1782717412.1235728,30,-0.0552,0,0,0,1
img_003738.jpg,1782717412.203543,30,-0.03638130008064001,0,0,0,1
img_003739.jpg,1782717412.2716749,30,-0.023978242673144502,0,0,0,1
img_003740.jpg,1782717412.3563106,30,-0.01580361670467532,0,0,0,1
img_003741.jpg,1782717412.4370441,30,-0.010415871769786377,0,0,0,1
img_003742.jpg,1782717412.5512335,30,0.0,0,0,0,1
img_003743.jpg,1782717412.6392853,30,0.0,0,0,0,1
img_003744.jpg,1782717412.7232783,30,0.0,0,0,0,1
img_003745.jpg,1782717412.7898932,30,0.02,0,0,0,1
img_003746.jpg,1782717412.8840349,30,0.06771200000000001,0,0,0,1
img_003747.jpg,1782717412.9620104,30,0.044627728098918414,0,0,0,1
img_003748.jpg,1782717413.0388696,30,0.02941331101239059,0,0,0,1
img_003749.jpg,1782717413.1238756,30,0.01938576982440173,0,0,0,1
img_003750.jpg,1782717413.218876,30,0.012776802704271293,0,0,0,1
img_003751.jpg,1782717413.2779334,30,0.0,0,0,0,1
img_003752.jpg,1782717413.3637397,30,0.0,0,0,0,1
img_003753.jpg,1782717413.4592223,30,0.0,0,0,0,1
img_003754.jpg,1782717413.5442717,30,0.0,0,0,0,1
img_003755.jpg,1782717413.6225555,30,0.0,0,0,0,1
img_003756.jpg,1782717413.7039301,30,0.0,0,0,0,1
img_003757.jpg,1782717413.804113,30,0.0,1,0,0,0
img_003758.jpg,1782717413.9096208,30,0.0,1,0,0,0
img_003759.jpg,1782717413.966028,30,0.0,1,0,0,0
img_003760.jpg,1782717414.0450408,30,0.0,1,0,0,0
img_003761.jpg,1782717414.1438813,30,0.0,1,0,0,0
img_003762.jpg,1782717414.2185585,30,0.0,1,0,0,0
img_003763.jpg,1782717414.3030958,30,0.0,1,0,0,0
img_003764.jpg,1782717414.383305,30,0.0,1,0,0,0
img_003765.jpg,1782717414.4712138,30,0.0,1,0,0,0
img_003766.jpg,1782717414.556135,30,0.0,1,0,0,0
img_003767.jpg,1782717414.640068,30,0.0,1,0,0,0
img_003768.jpg,1782717414.7302139,30,-0.0736,1,0,0,0
img_003769.jpg,1782717414.815024,30,-0.048508400107520014,1,0,0,0
img_003770.jpg,1782717414.8923333,30,-0.031970990230859336,1,0,0,0
img_003771.jpg,1782717414.972937,30,-0.08706024613139934,1,0,0,0
img_003772.jpg,1782717415.062077,30,-0.05737979963044959,1,0,0,0
img_003773.jpg,1782717415.1412437,30,-0.06110648450146469,1,0,0,0
img_003774.jpg,1782717415.225343,30,-0.1611064845014647,1,0,0,0
img_003775.jpg,1782717415.30802,30,-0.10618230720262256,1,0,0,0
img_003776.jpg,1782717415.404441,30,-0.14987270481629975,1,0,0,0
img_003777.jpg,1782717415.4800994,30,-0.12169560982655526,1,0,0,0
img_003778.jpg,1782717415.5641303,30,-0.08020732789123895,1,0,0,0
img_003779.jpg,1782717415.6536942,30,-0.18020732789123894,1,0,0,0
img_003780.jpg,1782717415.730579,30,-0.11877132015835963,1,0,0,0
img_003781.jpg,1782717415.8133678,30,-0.07827998260244656,1,0,0,0
img_003782.jpg,1782717415.8966944,30,-0.14561758399425084,1,0,0,0
img_003783.jpg,1782717415.993372,30,-0.09597385906363481,1,0,0,0
img_003784.jpg,1782717416.0751328,30,-0.16829595033854403,1,0,0,0
img_003785.jpg,1782717416.1588988,30,-0.268295950338544,1,0,0,0
img_003786.jpg,1782717416.2559202,30,-0.36829595033854406,1,0,0,0
img_003787.jpg,1782717416.3359928,30,-0.27817248521904264,1,0,0,0
img_003788.jpg,1782717416.4193065,30,-0.18333834527049617,1,0,0,0
img_003789.jpg,1782717416.5057147,30,-0.20596157543694793,1,0,0,0
img_003790.jpg,1782717416.5962946,30,-0.13574546885965535,1,0,0,0
img_003791.jpg,1782717416.6828275,30,-0.14570336765538733,1,0,0,0
img_003792.jpg,1782717416.7635152,30,-0.11870872603661123,1,0,0,0
img_003793.jpg,1782717416.8719454,30,-0.10504209562319701,1,0,0,0
img_003794.jpg,1782717416.9574492,30,-0.11294253935663605,1,0,0,0
img_003795.jpg,1782717417.0399168,30,-0.07443834087324765,1,0,0,0
img_003796.jpg,1782717417.1237545,30,-0.12300461171511683,1,0,0,0
img_003797.jpg,1782717417.217119,30,-0.1269297350872209,1,0,0,0
img_003798.jpg,1782717417.2978563,30,-0.08365704314065806,1,0,0,0
img_003799.jpg,1782717417.3797696,30,-0.130807321314253,1,0,0,0
img_003800.jpg,1782717417.4628775,30,-0.13300561141955303,1,0,0,0
img_003801.jpg,1782717417.5568805,30,-0.08766154096854635,1,0,0,0
img_003802.jpg,1782717417.635194,30,-0.05777610194760874,1,0,0,0
img_003803.jpg,1782717417.71283,30,-0.10890169268845605,1,0,0,0
img_003804.jpg,1782717417.7720842,30,-0.20890169268845601,1,0,0,0
img_003805.jpg,1782717417.8659828,30,-0.16398356117409338,1,0,0,0
img_003806.jpg,1782717417.9430718,30,-0.10807853527838185,1,0,0,0
img_003807.jpg,1782717418.0242767,30,-0.1514776722596224,1,0,0,0
img_003808.jpg,1782717418.1128147,30,-0.09983613496366232,1,0,0,0
img_003809.jpg,1782717418.1965632,30,-0.06580015190225134,1,0,0,0
img_003810.jpg,1782717418.281451,30,-0.10647724857006556,1,0,0,0
img_003811.jpg,1782717418.3666608,30,-0.07017718717370383,1,0,0,0
img_003812.jpg,1782717418.4560938,30,-0.046252487416336224,1,0,0,0
img_003813.jpg,1782717418.531317,30,-0.030484159858147716,1,0,0,0
img_003814.jpg,1782717418.609209,30,-0.020091546512780296,1,0,0,0
img_003815.jpg,1782717418.67655,30,-0.01324196707908689,1,0,0,0
img_003816.jpg,1782717418.7869291,30,0.0,1,0,0,0
img_003817.jpg,1782717418.8807333,30,0.0,1,0,0,0
img_003818.jpg,1782717418.9620624,30,0.04,1,0,0,0
img_003819.jpg,1782717419.0490634,30,0.14,1,0,0,0
img_003820.jpg,1782717419.123749,30,0.2024,1,0,0,0
img_003821.jpg,1782717419.2085674,30,0.13339810029568003,1,0,0,0
img_003822.jpg,1782717419.2889953,30,0.04272625227202562,1,0,0,0
img_003823.jpg,1782717419.3776214,30,-0.05727374772797439,1,0,0,0
img_003824.jpg,1782717419.4628828,30,-0.1572737477279744,1,0,0,0
img_003825.jpg,1782717419.5426466,30,-0.1536147000708009,1,0,0,0
img_003826.jpg,1782717419.6304836,30,-0.10124461050857463,1,0,0,0
img_003827.jpg,1782717419.724379,30,-0.14569343833445755,1,0,0,0
img_003828.jpg,1782717419.7979817,30,-0.2456934383344575,1,0,0,0
img_003829.jpg,1782717419.8601758,30,-0.3456934383344576,1,0,0,0
img_003830.jpg,1782717419.9439585,30,-0.30033485210978217,1,0,0,0
img_003831.jpg,1782717420.0352979,30,-0.197945151798562,1,0,0,0
img_003832.jpg,1782717420.1119454,30,-0.16180651321462117,1,0,0,0
img_003833.jpg,1782717420.198507,30,-0.18773703278485535,1,0,0,0
img_003834.jpg,1782717420.289389,30,-0.12373400952889083,1,0,0,0
img_003835.jpg,1782717420.355085,30,-0.13635018841203295,1,0,0,0
img_003836.jpg,1782717420.4385033,30,-0.11200817427305401,1,0,0,0
img_003837.jpg,1782717420.5281606,30,-0.07382251811073552,1,0,0,0
img_003838.jpg,1782717420.6170692,30,-0.09748470898261244,1,0,0,0
img_003839.jpg,1782717420.691551,30,-0.16328593226400345,1,0,0,0
img_003840.jpg,1782717420.7705092,30,-0.10761874095369144,1,0,0,0
img_003841.jpg,1782717420.8368049,30,-0.07092952371262518,1,0,0,0
img_003842.jpg,1782717420.9338512,30,-0.046748338528367524,1,0,0,0
img_003843.jpg,1782717421.0191846,30,-0.030810966164345723,1,0,0,0
img_003844.jpg,1782717421.0989861,30,-0.020306938510860646,1,0,0,0
img_003845.jpg,1782717421.1794772,30,-0.013383927965266778,1,0,0,0
img_003846.jpg,1782717421.271058,30,0.0,1,0,0,0
img_003847.jpg,1782717421.333798,30,0.0,1,0,0,0
img_003848.jpg,1782717421.414282,30,0.0,1,0,0,0
img_003849.jpg,1782717421.5122733,30,0.0,1,0,0,0
img_003850.jpg,1782717421.6006174,30,0.0,1,0,0,0
img_003851.jpg,1782717421.6763775,30,0.0,1,0,0,0
img_003852.jpg,1782717421.7421796,30,0.0,1,0,0,0
img_003853.jpg,1782717421.841809,30,0.02,1,0,0,0
img_003854.jpg,1782717421.9299471,30,0.09200000000000001,1,0,0,0
img_003855.jpg,1782717422.005931,30,0.06063550013440003,1,0,0,0
img_003856.jpg,1782717422.0926762,30,0.039963737788574184,1,0,0,0
img_003857.jpg,1782717422.1814523,30,0.02633936117445888,1,0,0,0
img_003858.jpg,1782717422.2623897,30,0.017359786282977303,1,0,0,0
img_003859.jpg,1782717422.346255,30,0.011441514385811149,1,0,0,0
img_003860.jpg,1782717422.4312747,30,0.0,1,0,0,0
img_003861.jpg,1782717422.538283,30,0.0,1,0,0,0
img_003862.jpg,1782717422.6219513,30,0.0,1,0,0,0
img_003863.jpg,1782717422.6766157,30,0.0,1,0,0,0
img_003864.jpg,1782717422.7691765,30,0.0,1,0,0,0
img_003865.jpg,1782717422.8543332,30,0.0,1,0,0,0
img_003866.jpg,1782717422.9365013,30,0.0,1,0,0,0
img_003867.jpg,1782717423.0166702,30,0.0,1,0,0,0
img_003868.jpg,1782717423.1089225,30,0.0,1,0,0,0
img_003869.jpg,1782717423.1716666,30,0.0,1,0,0,0
img_003870.jpg,1782717423.2514362,30,0.0,1,0,0,0
img_003871.jpg,1782717423.3454678,30,0.0,1,0,0,0
img_003872.jpg,1782717423.4305763,30,0.0,1,0,0,0
img_003873.jpg,1782717423.513307,30,0.0,1,0,0,0
img_003874.jpg,1782717423.5956585,30,0.0,1,0,0,0
img_003875.jpg,1782717423.6856382,30,-0.014327859200000003,1,0,0,0
img_003876.jpg,1782717423.7613642,30,0.0,1,0,0,0
img_003877.jpg,1782717423.8251786,30,0.0,1,0,0,0
img_003878.jpg,1782717423.9012833,30,0.0,1,0,0,0
img_003879.jpg,1782717424.0020132,30,0.0,1,0,0,0
img_003880.jpg,1782717424.0893567,30,-0.0552,1,0,0,0
img_003881.jpg,1782717424.1696877,30,-0.03638130008064001,1,0,0,0
img_003882.jpg,1782717424.251235,30,-0.023978242673144502,1,0,0,0
img_003883.jpg,1782717424.3429356,30,-0.07107918459854952,1,0,0,0
img_003884.jpg,1782717424.4062643,30,-0.04684697725302601,1,0,0,0
img_003885.jpg,1782717424.4926994,30,-0.053560844701347976,1,0,0,0
img_003886.jpg,1782717424.5858707,30,-0.05269847127569901,1,0,0,0
img_003887.jpg,1782717424.6673973,30,-0.03473258871869916,1,0,0,0
img_003888.jpg,1782717424.745046,30,-0.022891607477399382,1,0,0,0
img_003889.jpg,1782717424.8134344,30,-0.015087435524700899,1,0,0,0
img_003890.jpg,1782717424.9060276,30,-0.08748044068272484,1,0,0,0
img_003891.jpg,1782717424.992927,30,-0.057656742095377536,1,0,0,0
img_003892.jpg,1782717425.0732958,30,-0.038000493402971,1,0,0,0
img_003893.jpg,1782717425.156554,30,-0.025045423074381682,1,0,0,0
img_003894.jpg,1782717425.246941,30,-0.016506975589051908,1,0,0,0
img_003895.jpg,1782717425.3258543,30,-0.010879442614657554,1,0,0,0
img_003896.jpg,1782717425.3950617,30,-0.02,1,0,0,0
img_003897.jpg,1782717425.477087,30,-0.028655718400000006,1,0,0,0
img_003898.jpg,1782717425.588319,30,-0.018886454531462274,1,0,0,0
img_003899.jpg,1782717425.6732905,30,-0.07598549511542968,1,0,0,0
img_003900.jpg,1782717425.7398481,30,-0.06876333296280823,1,0,0,0
img_003901.jpg,1782717425.8574066,30,-0.045320642229436436,1,0,0,0
img_003902.jpg,1782717425.9432757,30,-0.09835939158299502,1,0,0,0
img_003903.jpg,1782717426.0075567,30,-0.06482685762554563,1,0,0,0
img_003904.jpg,1782717426.0953176,30,-0.04272618406811416,1,0,0,0
img_003905.jpg,1782717426.191787,30,-0.06712636681963169,1,0,0,0
img_003906.jpg,1782717426.2760284,30,-0.044241748090364796,1,0,0,0
img_003907.jpg,1782717426.3557796,30,-0.029158918720428327,1,0,0,0
img_003908.jpg,1782717426.4404042,30,-0.12915891872042834,1,0,0,0
img_003909.jpg,1782717426.5352285,30,-0.08512625688512493,1,0,0,0
img_003910.jpg,1782717426.5959947,30,-0.10628679472136417,1,0,0,0
img_003911.jpg,1782717426.6866553,30,-0.11391177160798964,1,0,0,0
img_003912.jpg,1782717426.7905908,30,-0.07507714394180434,1,0,0,0
img_003913.jpg,1782717426.8786607,30,-0.09231767106175576,1,0,0,0
img_003914.jpg,1782717426.9605641,30,-0.06084487126165856,1,0,0,0
img_003915.jpg,1782717427.0309563,30,-0.04010173043004183,1,0,0,0
img_003916.jpg,1782717427.1309428,30,-0.02643030957478777,1,0,0,0
img_003917.jpg,1782717427.2159832,30,-0.05172848490217234,1,0,0,0
img_003918.jpg,1782717427.286102,30,-0.03409328862215196,1,0,0,0
img_003919.jpg,1782717427.372965,30,-0.04442419195215777,1,0,0,0
img_003920.jpg,1782717427.4661272,30,-0.06574010518284185,1,0,0,0
img_003921.jpg,1782717427.5369425,30,-0.043328088659235625,1,0,0,0
img_003922.jpg,1782717427.6236103,30,-0.05103993768573224,1,0,0,0
img_003923.jpg,1782717427.7115967,30,-0.07089170699662747,1,0,0,0
img_003924.jpg,1782717427.7983747,30,-0.04672341422958535,1,0,0,0
img_003925.jpg,1782717427.8669846,30,-0.12298554109121854,1,0,0,0
img_003926.jpg,1782717427.958222,30,-0.10243383501953969,1,0,0,0
img_003927.jpg,1782717428.058862,30,-0.09338287827379972,1,0,0,0
img_003928.jpg,1782717428.1364846,30,-0.10386364671726857,1,0,0,0
img_003929.jpg,1782717428.2134745,30,-0.06845461048352407,1,0,0,0
img_003930.jpg,1782717428.3040447,30,-0.11793998231325478,1,0,0,0
img_003931.jpg,1782717428.406007,30,-0.09881923223174024,1,0,0,0
img_003932.jpg,1782717428.4900963,30,-0.06512993010074991,1,0,0,0
img_003933.jpg,1782717428.5653276,30,-0.04292593353671179,1,0,0,0
img_003934.jpg,1782717428.6605437,30,-0.05075183658712824,1,0,0,0
img_003935.jpg,1782717428.7462416,30,-0.050686117638089105,1,0,0,0
img_003936.jpg,1782717428.8319669,30,-0.03340628361800616,1,0,0,0
img_003937.jpg,1782717428.9086094,30,-0.022017464291406712,1,0,0,0
img_003938.jpg,1782717429.0062854,30,-0.014511303902181949,1,0,0,0
img_003939.jpg,1782717429.0963168,30,-0.0869503995900074,1,0,0,0
img_003940.jpg,1782717429.1818247,30,-0.05730740180463075,1,0,0,0
img_003941.jpg,1782717429.2678466,30,-0.03777024967203047,1,0,0,0
img_003942.jpg,1782717429.3562522,30,-0.0871687393224066,1,0,0,0
img_003943.jpg,1782717429.4358902,30,-0.05745130548803548,1,0,0,0
img_003944.jpg,1782717429.5134184,30,-0.03786509393088295,1,0,0,0
img_003945.jpg,1782717429.6164536,30,-0.024956183784077417,1,0,0,0
img_003946.jpg,1782717429.7061768,30,-0.016448159621668887,1,0,0,0
img_003947.jpg,1782717429.797819,30,-0.010840678097286269,0,0,0,1
img_003948.jpg,1782717429.876029,30,0.0,0,0,0,1
img_003949.jpg,1782717429.9698884,30,0.0,0,0,0,1
img_003950.jpg,1782717430.0562396,30,0.0,0,0,0,1
img_003951.jpg,1782717430.1266718,30,-0.050784,0,0,0,1
img_003952.jpg,1782717430.2264411,30,-0.033470796074188805,0,0,0,1
img_003953.jpg,1782717430.3160312,30,-0.022059983259292943,0,0,0,1
img_003954.jpg,1782717430.3860877,30,-0.06945556983066556,0,0,0,1
img_003955.jpg,1782717430.475155,30,-0.04577688275871904,0,0,0,1
img_003956.jpg,1782717430.5753527,30,-0.12211473213802153,0,0,0,1
img_003957.jpg,1782717430.6474009,30,-0.2221147321380215,0,0,0,1
img_003958.jpg,1782717430.7360852,30,-0.17344928961596437,0,0,0,1
img_003959.jpg,1782717430.8359723,30,-0.11431722199804775,0,0,0,1
img_003960.jpg,1782717430.905902,30,-0.1475420966991476,0,0,0,1
img_003961.jpg,1782717430.9974425,30,-0.09724226982859593,0,0,0,1
img_003962.jpg,1782717431.0865357,30,-0.1423058571829236,0,0,0,1
img_003963.jpg,1782717431.1868362,30,-0.09379116111240297,0,0,0,1
img_003964.jpg,1782717431.25637,30,-0.061816021328659175,0,0,0,1
img_003965.jpg,1782717431.3451223,30,-0.10310508045257714,0,0,0,1
img_003966.jpg,1782717431.4438045,30,-0.0679546534743431,0,0,0,1
img_003967.jpg,1782717431.5314739,30,-0.09291547320462928,0,0,0,1
img_003968.jpg,1782717431.6125646,30,-0.061238871608555866,0,0,0,1
img_003969.jpg,1782717431.6800401,30,-0.04036140877881624,0,0,0,1
img_003970.jpg,1782717431.7759488,30,-0.06822894467915887,0,0,0,1
img_003971.jpg,1782717431.855242,30,-0.044968436785468566,0,0,0,1
img_003972.jpg,1782717431.9354563,30,-0.029637865812489533,0,0,0,1
img_003973.jpg,1782717432.001866,30,-0.06307865045379585,0,0,0,1
img_003974.jpg,1782717432.0937576,30,-0.05951696031140017,0,0,0,1
img_003975.jpg,1782717432.1804967,30,-0.03922652885827158,0,0,0,1
img_003976.jpg,1782717432.2650113,30,-0.08840133402564107,0,0,0,1
img_003977.jpg,1782717432.367862,30,-0.05826368588253151,0,0,0,1
img_003978.jpg,1782717432.44659,30,-0.0853692330324967,0,0,0,1
img_003979.jpg,1782717432.5266302,30,-0.0976235173316088,0,0,0,1
img_003980.jpg,1782717432.59078,30,-0.06434185650305835,0,0,0,1
img_003981.jpg,1782717432.6892824,30,-0.1144589473441886,0,0,0,1
img_003982.jpg,1782717432.777027,30,-0.07543777735947643,0,0,0,1
img_003983.jpg,1782717432.858833,30,-0.04971964520890621,0,0,0,1
img_003984.jpg,1782717432.940821,30,-0.03276929949724949,0,0,0,1
img_003985.jpg,1782717433.0359905,30,-0.021597639826844196,0,0,0,1
img_003986.jpg,1782717433.1202004,30,-0.01423460535460146,0,0,0,1
img_003987.jpg,1782717433.18537,30,0.0,0,0,0,1
img_003988.jpg,1782717433.2694883,30,0.0,0,0,0,1
img_003989.jpg,1782717433.3695655,30,0.0,0,0,0,1
img_003990.jpg,1782717433.451995,30,0.0,0,0,0,1
img_003991.jpg,1782717433.5362556,30,0.0,0,0,0,1
img_003992.jpg,1782717433.6204066,30,0.0,0,0,0,1
img_003993.jpg,1782717433.7220688,30,0.0,0,0,0,1
img_003994.jpg,1782717433.8079903,30,0.0,0,0,0,1
img_003995.jpg,1782717433.8872309,30,0.0,0,0,0,1
img_003996.jpg,1782717433.9789436,30,0.0,0,0,0,1
img_003997.jpg,1782717434.0664687,30,0.0,0,0,0,1
img_003998.jpg,1782717434.1281607,30,0.0,0,0,0,1
img_003999.jpg,1782717434.2128627,30,0.0,0,0,0,1
img_004000.jpg,1782717434.3125603,30,0.0,0,0,0,1
img_004001.jpg,1782717434.395114,30,0.0,0,0,0,1
img_004002.jpg,1782717434.47394,30,0.0,0,0,0,1
img_004003.jpg,1782717434.5559611,30,0.0,0,0,0,1
img_004004.jpg,1782717434.6460462,30,0.0,0,0,0,1
img_004005.jpg,1782717434.7269976,30,0.0,0,0,0,1
img_004006.jpg,1782717434.791094,30,0.0,0,0,0,1
img_004007.jpg,1782717434.8921232,30,-0.02,0,0,0,1
img_004008.jpg,1782717434.9792204,30,-0.028655718400000006,0,0,0,1
img_004009.jpg,1782717435.0637836,30,-0.018886454531462274,0,0,0,1
img_004010.jpg,1782717435.1455672,30,-0.012447713220443699,0,0,0,1
img_004011.jpg,1782717435.2380352,30,0.0,0,0,0,1
img_004012.jpg,1782717435.2989633,30,0.0,0,0,0,1
img_004013.jpg,1782717435.383808,30,0.0,0,0,0,1
img_004014.jpg,1782717435.5009375,30,0.0,0,0,0,1
img_004015.jpg,1782717435.5582423,30,0.0,0,0,1,0
img_004016.jpg,1782717435.6470282,30,0.0,0,0,1,0
img_004017.jpg,1782717435.7354586,30,0.0,0,0,1,0
img_004018.jpg,1782717435.8259873,30,0.0,0,0,1,0
img_004019.jpg,1782717435.9067578,30,0.0,0,0,1,0
img_004020.jpg,1782717435.9915726,30,0.0,0,0,1,0
img_004021.jpg,1782717436.0592632,30,0.0,0,0,1,0
img_004022.jpg,1782717436.1534107,30,0.0,0,0,1,0
img_004023.jpg,1782717436.240729,30,0.0,0,0,1,0
img_004024.jpg,1782717436.3159826,30,0.0,0,0,1,0
img_004025.jpg,1782717436.406342,30,0.0,0,0,1,0
img_004026.jpg,1782717436.5030177,30,0.0,0,0,1,0
img_004027.jpg,1782717436.5623872,30,0.0,0,0,1,0
img_004028.jpg,1782717436.6450562,30,0.0,0,0,1,0
img_004029.jpg,1782717436.7476547,30,0.0,0,0,1,0
img_004030.jpg,1782717436.8266208,30,0.0,0,0,1,0
img_004031.jpg,1782717436.9115717,30,0.0,0,0,1,0
img_004032.jpg,1782717436.972609,30,0.0,0,0,1,0
img_004033.jpg,1782717437.072158,30,0.0,0,0,1,0
img_004034.jpg,1782717437.1562674,30,0.0,0,0,1,0
img_004035.jpg,1782717437.238101,30,0.0,0,0,1,0
img_004036.jpg,1782717437.3252456,30,0.0,0,0,1,0
img_004037.jpg,1782717437.4263673,30,0.0,0,0,1,0
img_004038.jpg,1782717437.50679,30,0.0,0,0,1,0
img_004039.jpg,1782717437.5870626,30,0.02,0,0,1,0
img_004040.jpg,1782717437.673309,30,0.12000000000000001,0,0,1,0
img_004041.jpg,1782717437.7772312,30,0.07908978278400002,0,0,1,0
img_004042.jpg,1782717437.8567545,30,0.052126614506835874,0,0,1,0
img_004043.jpg,1782717437.9491024,30,0.07444636919709903,0,0,1,0
img_004044.jpg,1782717438.044406,30,0.049066226407133595,0,0,1,0
img_004045.jpg,1782717438.1268165,30,0.1015296540309979,0,0,1,0
img_004046.jpg,1782717438.2069163,30,0.20152965403099787,0,0,1,0
img_004047.jpg,1782717438.2730067,30,0.3015296540309979,0,0,1,0
img_004048.jpg,1782717438.373173,30,0.401529654030998,0,0,1,0
img_004049.jpg,1782717438.456052,30,0.501529654030998,0,0,1,0
img_004050.jpg,1782717438.5406084,30,0.6015296540309981,0,0,1,0
img_004051.jpg,1782717438.6272757,30,0.7015296540309982,0,0,1,0
img_004052.jpg,1782717438.7361503,30,0.8,0,0,1,0
img_004053.jpg,1782717438.830922,30,0.8,0,0,1,0
img_004054.jpg,1782717438.9165199,30,0.5272652185600002,0,0,1,0
img_004055.jpg,1782717439.0169501,30,0.34751076337890596,0,0,1,0
img_004056.jpg,1782717439.0997565,30,0.3541331101239061,0,0,1,0
img_004057.jpg,1782717439.1718764,30,0.26802632619567107,0,0,1,0
img_004058.jpg,1782717439.270081,30,0.17665119932674297,0,0,1,0
img_004059.jpg,1782717439.3488538,30,0.14655167557323542,0,0,1,0
img_004060.jpg,1782717439.433176,30,0.24655167557323537,0,0,1,0
img_004061.jpg,1782717439.5032291,30,0.19095574385686984,0,0,1,0
img_004062.jpg,1782717439.5895884,30,0.12585540252497482,0,0,1,0
img_004063.jpg,1782717439.6698978,30,0.1893869703229768,0,0,1,0
img_004064.jpg,1782717439.750908,30,0.1248214528747008,0,0,1,0
img_004065.jpg,1782717439.833727,30,0.08226751328869485,0,0,1,0
img_004066.jpg,1782717439.9244351,30,0.05422099796818926,0,0,1,0
img_004067.jpg,1782717440.0003726,30,0.03573605793029829,0,0,1,0
img_004068.jpg,1782717440.0798054,30,0.023552975493864443,0,0,1,0
img_004069.jpg,1782717440.1512122,30,0.015523330964388453,0,0,1,0
img_004070.jpg,1782717440.2389958,30,0.01023114061714687,0,0,1,0
img_004071.jpg,1782717440.3198924,30,0.0,0,0,1,0
img_004072.jpg,1782717440.4012556,30,0.0,0,0,1,0
img_004073.jpg,1782717440.505792,30,0.0,0,0,1,0
img_004074.jpg,1782717440.5941346,30,0.08,0,0,1,0
img_004075.jpg,1782717440.651238,30,0.05272652185600001,0,0,1,0
img_004076.jpg,1782717440.7340748,30,0.03475107633789058,0,0,1,0
img_004077.jpg,1782717440.8178039,30,-0.03058668898760941,0,0,1,0
img_004078.jpg,1782717440.8967109,30,-0.02015912156759828,0,0,1,0
img_004079.jpg,1782717440.9799745,30,-0.013286504549146651,0,0,1,0
img_004080.jpg,1782717441.06514,30,0.0,0,0,1,0
img_004081.jpg,1782717441.163915,30,0.0,0,0,1,0
img_004082.jpg,1782717441.249111,30,0.0,0,0,1,0
img_004083.jpg,1782717441.339875,30,0.0,0,0,1,0
img_004084.jpg,1782717441.420871,30,0.0,0,0,1,0
img_004085.jpg,1782717441.512814,30,0.0,0,0,1,0
img_004086.jpg,1782717441.5857964,30,0.0,0,0,1,0
img_004087.jpg,1782717441.6465573,30,0.0,0,0,1,0
img_004088.jpg,1782717441.7335873,30,-0.02,0,0,1,0
img_004089.jpg,1782717441.8260372,30,-0.028655718400000006,0,0,1,0
img_004090.jpg,1782717441.9070568,30,-0.018886454531462274,0,0,1,0
img_004091.jpg,1782717441.9896224,30,-0.012447713220443699,0,0,1,0
img_004092.jpg,1782717442.062599,30,0.0,0,0,1,0
img_004093.jpg,1782717442.1440609,30,0.0,0,0,1,0
img_004094.jpg,1782717442.2222729,30,0.0,0,0,1,0
img_004095.jpg,1782717442.30213,30,0.0,0,0,1,0
img_004096.jpg,1782717442.416202,30,0.0,0,0,1,0
img_004097.jpg,1782717442.5104764,30,-0.031147520000000005,0,0,1,0
img_004098.jpg,1782717442.5941627,30,-0.02052875492550247,0,0,1,0
img_004099.jpg,1782717442.671066,30,-0.013530123065699671,0,0,1,0
img_004100.jpg,1782717442.759212,30,0.0,0,0,1,0
img_004101.jpg,1782717442.822975,30,0.0,0,0,1,0
img_004102.jpg,1782717442.9042227,30,0.0,0,0,1,0
img_004103.jpg,1782717442.978959,30,0.0,0,0,1,0
img_004104.jpg,1782717443.0780656,30,0.0,0,0,1,0
img_004105.jpg,1782717443.1715212,30,0.0,0,0,1,0
img_004106.jpg,1782717443.2542198,30,0.0,0,0,1,0
img_004107.jpg,1782717443.3379323,30,0.0,0,0,1,0
img_004108.jpg,1782717443.421712,30,0.0,0,0,1,0
img_004109.jpg,1782717443.4831574,30,0.0,0,0,1,0
img_004110.jpg,1782717443.5689635,30,0.0,0,0,1,0
img_004111.jpg,1782717443.665165,30,0.0,0,0,1,0
img_004112.jpg,1782717443.7433262,30,0.0,0,0,1,0
img_004113.jpg,1782717443.8219912,30,0.0,0,0,1,0
img_004114.jpg,1782717443.8973393,30,0.0,0,0,1,0
img_004115.jpg,1782717443.991103,30,0.0,0,0,1,0
img_004116.jpg,1782717444.076728,30,0.0,0,0,1,0
img_004117.jpg,1782717444.1593676,30,0.0,0,0,1,0
img_004118.jpg,1782717444.2439017,30,0.0,0,0,1,0
img_004119.jpg,1782717444.3287935,30,0.0,0,0,1,0
img_004120.jpg,1782717444.4058743,30,0.0,0,0,0,1
img_004121.jpg,1782717444.4918723,30,0.0,0,0,0,1
img_004122.jpg,1782717444.5867965,30,0.0,0,0,0,1
img_004123.jpg,1782717444.666383,30,0.0,0,0,0,1
img_004124.jpg,1782717444.742129,30,0.0,0,0,0,1
img_004125.jpg,1782717444.827129,30,0.0,0,0,0,1
img_004126.jpg,1782717444.9241707,30,0.0,0,0,0,1
img_004127.jpg,1782717463.3423362,30,-0.020280857757757294,0,0,0,1
img_004128.jpg,1782717463.4179711,30,-0.013366738622785215,0,0,0,1
img_004129.jpg,1782717463.5035245,30,0.0,0,0,0,1
img_004130.jpg,1782717463.5926063,30,0.0,0,0,0,1
img_004131.jpg,1782717463.6703303,30,0.0,0,0,0,1
img_004132.jpg,1782717463.7351723,30,0.0,0,0,0,1
img_004133.jpg,1782717463.8260777,30,0.0,0,0,0,1
img_004134.jpg,1782717463.9128633,30,0.0,0,0,0,1
img_004135.jpg,1782717463.9944637,30,0.0,0,0,0,1
img_004136.jpg,1782717464.0839906,30,0.0,0,0,0,1
img_004137.jpg,1782717464.1779878,30,-0.1,0,0,0,1
img_004138.jpg,1782717464.245782,30,-0.06590815232000002,0,0,0,1
img_004139.jpg,1782717464.3292303,30,-0.043438845422363245,0,0,0,1
img_004140.jpg,1782717464.409587,30,-0.14343884542236326,0,0,0,1
img_004141.jpg,1782717464.5016844,30,-0.09453789272702055,0,0,0,1
img_004142.jpg,1782717464.565289,30,-0.1400168724041502,0,0,0,1
img_004143.jpg,1782717464.645802,30,-0.20241552261181817,0,0,0,1
img_004144.jpg,1782717464.7340543,30,-0.1334083309623212,0,0,0,1
img_004145.jpg,1782717464.830907,30,-0.16811681132650866,0,0,0,1
img_004146.jpg,1782717464.9104383,30,-0.11080268408460238,0,0,0,1
img_004147.jpg,1782717464.9919324,30,-0.07302800180112816,0,0,0,1
img_004148.jpg,1782717465.0840995,30,-0.0481314066633399,0,0,0,1
img_004149.jpg,1782717465.1662717,30,-0.0317225208174327,0,0,0,1
img_004150.jpg,1782717465.2473316,30,-0.06470194629028504,0,0,0,1
img_004151.jpg,1782717465.3266306,30,-0.0815301491528895,0,0,0,1
img_004152.jpg,1782717465.422202,30,-0.05373501489040961,0,0,0,1
img_004153.jpg,1782717465.5109236,30,-0.09626531660324271,0,0,0,1
img_004154.jpg,1782717465.587756,30,-0.06344669149819548,0,0,0,1
img_004155.jpg,1782717465.665072,30,-0.04181654207463118,0,0,0,1
img_004156.jpg,1782717465.7550783,30,-0.09539352121196784,0,0,0,1
img_004157.jpg,1782717465.840254,30,-0.10542931024550484,0,0,0,1
img_004158.jpg,1782717465.9250832,30,-0.06948651038653271,0,0,0,1
img_004159.jpg,1782717466.0059688,30,-0.11881338239116129,0,0,0,1
img_004160.jpg,1782717466.093874,30,-0.07830770504291067,0,0,0,1
img_004161.jpg,1782717466.1772091,30,-0.0516111615179779,0,0,0,1
img_004162.jpg,1782717466.260842,30,-0.03401596294739011,0,0,0,1
img_004163.jpg,1782717466.3550127,30,-0.02241929267248064,0,0,0,1
img_004164.jpg,1782717466.4360757,30,-0.07417568931798763,0,0,0,1
img_004165.jpg,1782717466.5165668,30,-0.04888782630010926,0,0,0,1
img_004166.jpg,1782717466.5978076,30,-0.10137865618041249,0,0,0,1
img_004167.jpg,1782717466.6866717,30,-0.08695481478190802,0,0,0,1
img_004168.jpg,1782717466.769591,30,-0.05731031177603383,0,0,0,1
img_004169.jpg,1782717466.8566716,30,-0.08462685205625624,0,0,0,1
img_004170.jpg,1782717466.9757926,30,-0.07495394024006351,0,0,0,1
img_004171.jpg,1782717467.0564265,30,-0.049400757103262846,0,0,0,1
img_004172.jpg,1782717467.138471,30,-0.0325591262388517,0,0,0,1
img_004173.jpg,1782717467.2208366,30,-0.13255912623885172,0,0,0,1
img_004174.jpg,1782717467.317799,30,-0.08736727083556349,0,0,0,1
img_004175.jpg,1782717467.399475,30,-0.05758215394013013,0,0,0,1
img_004176.jpg,1782717467.4831345,30,-0.03795133372799786,0,0,0,1
img_004177.jpg,1782717467.6042087,30,-0.04718806830534822,0,0,0,1
img_004178.jpg,1782717467.6858256,30,-0.06789230253255502,0,0,0,1
img_004179.jpg,1782717467.7673118,30,-0.044746562166711586,0,0,0,1
img_004180.jpg,1782717467.8467455,30,-0.052056122120434534,0,0,0,1
img_004181.jpg,1782717467.9665098,30,-0.07168299762171694,0,0,0,1
img_004182.jpg,1782717468.0488472,30,-0.04724493926006319,0,0,0,1
img_004183.jpg,1782717468.1340828,30,-0.12346534411925815,0,0,0,1
img_004184.jpg,1782717468.2263882,30,-0.08137372706453284,0,0,0,1
img_004185.jpg,1782717468.3067658,30,-0.05363191998215338,0,0,0,1
img_004186.jpg,1782717468.397537,30,-0.035347807513978174,0,0,0,1
img_004187.jpg,1782717468.4771395,30,-0.023297086818093143,0,0,0,1
img_004188.jpg,1782717468.5667093,30,-0.1014333198726457,0,0,0,1
img_004189.jpg,1782717468.6519527,30,-0.08699397546619149,0,0,0,1
img_004190.jpg,1782717468.7354498,30,-0.05733612185948092,0,0,0,1
img_004191.jpg,1782717468.829092,30,-0.061075194053834256,0,0,0,1
img_004192.jpg,1782717468.91255,30,-0.058081698250800735,0,0,0,1
img_004193.jpg,1782717468.9950812,30,-0.038280574153180535,0,0,0,1
img_004194.jpg,1782717469.0763793,30,-0.06980862372619186,0,0,0,1
img_004195.jpg,1782717469.1707158,30,-0.06433826578473283,0,0,0,1
img_004196.jpg,1782717469.250966,30,-0.06609148066679148,0,0,0,1
img_004197.jpg,1782717469.332316,30,-0.06167533066566553,0,0,0,1
img_004198.jpg,1782717469.4241762,30,-0.0641837726945549,0,0,0,1
img_004199.jpg,1782717469.510921,30,-0.08112665359197758,0,0,0,1
img_004200.jpg,1782717469.59036,30,-0.053469078421519343,0,0,0,1
img_004201.jpg,1782717469.6732943,30,-0.03524048165015523,0,0,0,1
img_004202.jpg,1782717469.7690184,30,-0.023226350324285966,0,0,0,1
img_004203.jpg,1782717469.8464842,30,-0.015308058350107213,0,0,0,1
img_004204.jpg,1782717469.9271393,30,-0.04306772134052829,0,0,0,1
img_004205.jpg,1782717470.0131378,30,-0.1430677213405283,0,0,0,1
img_004206.jpg,1782717470.1262517,30,-0.11682056757159624,0,0,0,1
img_004207.jpg,1782717470.2018259,30,-0.15887692839259906,0,0,0,1
img_004208.jpg,1782717470.2619438,30,-0.18525743219149582,0,0,0,1
img_004209.jpg,1782717470.357552,30,-0.12209975059289181,0,0,0,1
img_004210.jpg,1782717470.4358056,30,-0.08047368960310325,0,0,0,1
img_004211.jpg,1782717470.5199778,30,-0.053038721921137295,0,0,0,1
img_004212.jpg,1782717470.6011708,30,-0.03495684163236441,0,0,0,1
img_004213.jpg,1782717470.7232304,30,-0.023039408429319917,0,0,0,1
img_004214.jpg,1782717470.8008306,30,-0.015184848401223094,0,0,0,1
img_004215.jpg,1782717470.8836954,30,-0.010008053013839203,0,0,0,1
img_004216.jpg,1782717470.9966276,30,0.0,0,0,0,1
img_004217.jpg,1782717471.076025,30,0.0,0,0,0,1
img_004218.jpg,1782717471.1652818,30,0.0,0,0,0,1
img_004219.jpg,1782717471.2458878,30,0.0,0,0,0,1
img_004220.jpg,1782717471.340897,30,0.04,0,0,0,1
img_004221.jpg,1782717471.4161856,30,0.11040000000000001,0,0,0,1
img_004222.jpg,1782717471.5068126,30,0.07276260016128001,0,0,0,1
img_004223.jpg,1782717471.5924597,30,0.047956485346289005,0,0,0,1
img_004224.jpg,1782717471.675992,30,0.03160723340935064,0,0,0,1
img_004225.jpg,1782717471.7640407,30,0.020831743539572754,0,0,1,0
img_004226.jpg,1782717471.8469539,30,0.013729817262973374,0,0,1,0
img_004227.jpg,1782717471.9643424,30,0.0,0,0,1,0
img_004228.jpg,1782717472.046562,30,0.0,0,0,1,0
img_004229.jpg,1782717472.1286361,30,0.08,0,0,1,0
img_004230.jpg,1782717472.2253733,30,0.07163929600000002,0,0,1,0
img_004231.jpg,1782717472.305947,30,0.0472161363286557,0,0,1,0
img_004232.jpg,1782717472.3867066,30,0.14721613632865568,0,0,1,0
img_004233.jpg,1782717472.4731731,30,0.1197924628642492,0,0,1,0
img_004234.jpg,1782717472.5860467,30,0.19020906583510924,0,0,1,0
img_004235.jpg,1782717472.666295,30,0.29020906583510925,0,0,1,0
img_004236.jpg,1782717472.7735121,30,0.39020906583510934,0,0,1,0
img_004237.jpg,1782717472.895921,30,0.3810569533228366,0,0,1,0
img_004238.jpg,1782717472.9760494,30,0.382526605292449,0,0,1,0
img_004239.jpg,1782717473.086388,30,0.48252660529244906,0,0,1,0
img_004240.jpg,1782717473.1963775,30,0.468410518719529,0,0,1,0
img_004241.jpg,1782717473.3181496,30,0.5684105187195291,0,0,1,0
img_004242.jpg,1782717473.4462667,30,0.3746288704805695,0,0,1,0
img_004243.jpg,1782717473.5771992,30,0.2469109665910293,0,0,1,0
img_004244.jpg,1782717473.7064068,30,0.307158089263747,0,0,1,0
img_004245.jpg,1782717473.8437905,30,0.2343737519556,0,0,1,0
img_004246.jpg,1782717473.960903,30,0.2583739436552199,0,0,1,0
img_004247.jpg,1782717474.0561028,30,0.2323402094369959,0,0,1,0
img_004248.jpg,1782717474.1895437,30,0.1531311391363423,0,0,1,0
img_004249.jpg,1782717474.2759666,30,0.2531311391363423,0,0,1,0
img_004250.jpg,1782717474.4051328,30,0.19566922523405614,0,0,1,0
img_004251.jpg,1782717474.4966455,30,0.12896197101062562,0,0,1,0
img_004252.jpg,1782717474.606698,30,0.0849964522885574,0,0,1,0
img_004253.jpg,1782717474.7260613,30,0.131940997217035,0,0,1,0
img_004254.jpg,1782717474.8107574,30,0.0869598734183304,0,0,1,0
img_004255.jpg,1782717474.9210057,30,0.057313645829832414,0,0,1,0
img_004256.jpg,1782717475.0190508,30,0.03777436499367128,0,0,1,0
img_004257.jpg,1782717475.1058311,30,0.1147524157941776,0,0,1,0
img_004258.jpg,1782717475.186298,30,0.09653568201794166,0,0,1,0
img_004259.jpg,1782717475.2958264,30,0.06362488434753585,0,0,1,0
img_004260.jpg,1782717475.3858433,30,0.04193398568919778,0,0,1,0
img_004261.jpg,1782717475.4963725,30,0.05004121213248204,0,0,1,0
img_004262.jpg,1782717475.5759802,30,0.11963791516188349,0,0,1,0
img_004263.jpg,1782717475.67515,30,0.07885113935736655,0,0,1,0
img_004264.jpg,1782717475.7559185,30,0.12673960435207507,0,0,1,0
img_004265.jpg,1782717475.8370242,30,0.10512321951101194,0,0,1,0
img_004266.jpg,1782717475.926166,30,0.06928477163900573,0,0,1,0
img_004267.jpg,1782717476.006203,30,0.04566431282640007,0,0,1,0
img_004268.jpg,1782717476.083598,30,0.03009650485350507,0,0,1,0
img_004269.jpg,1782717476.1540334,30,0.019836050261844318,0,0,1,0
img_004270.jpg,1782717476.249064,30,0.013073574220848117,0,0,1,0
img_004271.jpg,1782717476.3319771,30,0.0,0,0,1,0
img_004272.jpg,1782717476.4108047,30,0.0,0,0,1,0
img_004273.jpg,1782717476.493967,30,0.0,0,0,1,0
img_004274.jpg,1782717476.5876045,30,0.0,0,0,1,0
img_004275.jpg,1782717476.6655076,30,0.0,0,0,1,0
img_004276.jpg,1782717476.7469733,30,0.0,0,0,1,0
img_004277.jpg,1782717476.8300767,30,0.0,0,0,1,0
img_004278.jpg,1782717476.918314,30,0.0,0,0,1,0
img_004279.jpg,1782717476.9910429,30,0.0,0,0,1,0
img_004280.jpg,1782717477.072499,30,0.0,0,0,1,0
img_004281.jpg,1782717477.1672344,30,0.0,0,0,1,0
img_004282.jpg,1782717477.2406418,30,0.0,0,0,1,0
img_004283.jpg,1782717477.3258755,30,0.0,0,0,1,0
img_004284.jpg,1782717477.4110842,30,0.0,0,0,1,0
img_004285.jpg,1782717477.4977999,30,0.0,0,0,1,0
img_004286.jpg,1782717477.5739481,30,0.0,0,0,1,0
img_004287.jpg,1782717477.6536438,30,0.0,0,0,1,0
img_004288.jpg,1782717477.7354941,30,0.0,0,0,1,0
img_004289.jpg,1782717477.8319137,30,0.0,0,0,1,0
img_004290.jpg,1782717477.909797,30,0.0,0,0,1,0
img_004291.jpg,1782717477.991777,30,0.0,0,0,1,0
img_004292.jpg,1782717478.0867484,30,0.0,0,0,1,0
img_004293.jpg,1782717478.1712344,30,0.0,0,0,1,0
img_004294.jpg,1782717478.2343142,30,0.0,0,0,1,0
img_004295.jpg,1782717478.3197896,30,0.0,0,0,1,0
img_004296.jpg,1782717478.4132392,30,0.0,0,0,1,0
img_004297.jpg,1782717478.487786,30,0.0,0,0,1,0
img_004298.jpg,1782717478.5699217,30,0.0,0,0,1,0
img_004299.jpg,1782717478.634443,30,0.0,0,0,1,0
img_004300.jpg,1782717478.747325,30,0.0,0,0,1,0
img_004301.jpg,1782717478.8320782,30,0.0,0,0,1,0
img_004302.jpg,1782717478.9089496,30,0.0,0,0,1,0
img_004303.jpg,1782717478.9824486,30,0.0,0,0,1,0
img_004304.jpg,1782717479.0678997,30,0.0,0,0,1,0
img_004305.jpg,1782717479.1582277,30,0.0,0,0,1,0
img_004306.jpg,1782717479.2437263,30,0.0,0,0,1,0
img_004307.jpg,1782717479.331947,30,0.0,0,0,1,0
img_004308.jpg,1782717479.393323,30,0.0,0,0,1,0
img_004309.jpg,1782717479.4709916,30,0.0,0,0,1,0
img_004310.jpg,1782717479.5573483,30,0.0,0,0,1,0
img_004311.jpg,1782717479.6456535,30,0.0,0,0,1,0
img_004312.jpg,1782717479.7108111,30,0.0,0,0,1,0
img_004313.jpg,1782717479.7920406,30,0.0,0,0,1,0
img_004314.jpg,1782717479.8966908,30,0.0,0,0,1,0
img_004315.jpg,1782717479.9888365,30,0.0,0,0,1,0
img_004316.jpg,1782717480.0652366,30,0.0,0,0,1,0
img_004317.jpg,1782717480.1457512,30,0.0,0,0,1,0
img_004318.jpg,1782717480.2300217,30,0.0,0,0,1,0
img_004319.jpg,1782717480.310925,30,0.0,0,0,1,0
img_004320.jpg,1782717480.3776476,30,0.0,0,0,1,0
img_004321.jpg,1782717480.4628556,30,0.0,0,0,1,0
img_004322.jpg,1782717480.582745,30,0.0,0,0,0,1
img_004323.jpg,1782717480.6713161,30,0.0,0,0,0,1
img_004324.jpg,1782717480.7523322,30,0.0,0,0,0,1
img_004325.jpg,1782717480.8310988,30,0.0,0,0,0,1
img_004326.jpg,1782717480.919838,30,0.0,0,0,0,1
img_004327.jpg,1782717480.9840806,30,0.0,0,0,0,1
img_004328.jpg,1782717481.067523,30,0.0,0,0,0,1
img_004329.jpg,1782717481.1700146,30,0.0,0,0,0,1
img_004330.jpg,1782717481.2556946,30,0.0,0,0,0,1
img_004331.jpg,1782717481.3378563,30,0.0,0,0,0,1
img_004332.jpg,1782717481.4189427,30,0.0,0,0,0,1
img_004333.jpg,1782717481.512476,30,0.0,0,0,0,1
img_004334.jpg,1782717481.5968184,30,0.0,0,0,0,1
img_004335.jpg,1782717481.6736047,30,0.0,0,0,0,1
img_004336.jpg,1782717481.7391176,30,0.0,0,0,0,1
img_004337.jpg,1782717481.826259,30,0.0,0,0,0,1
img_004338.jpg,1782717481.9120045,30,0.0,0,0,0,1
img_004339.jpg,1782717481.9895737,30,0.0,0,0,0,1
img_004340.jpg,1782717482.0774028,30,0.0,0,0,0,1
img_004341.jpg,1782717482.1690092,30,0.0,0,0,0,1
img_004342.jpg,1782717482.2365613,30,0.0,0,0,0,1
img_004343.jpg,1782717482.321083,30,0.0,0,0,0,1
img_004344.jpg,1782717482.4042823,30,0.0,0,0,0,1
img_004345.jpg,1782717482.4966693,30,0.0,0,0,0,1
img_004346.jpg,1782717482.576017,30,0.0,0,0,0,1
img_004347.jpg,1782717482.6540434,30,0.0,0,0,0,1
img_004348.jpg,1782717482.7389865,30,0.0,0,0,0,1
img_004349.jpg,1782717482.8240197,30,0.0,0,0,0,1
img_004350.jpg,1782717482.9062095,30,0.0,0,0,0,1
img_004351.jpg,1782717482.990662,30,0.0,0,0,0,1
img_004352.jpg,1782717483.0818906,30,0.0,0,0,0,1
img_004353.jpg,1782717483.1605067,30,0.0,0,0,0,1
img_004354.jpg,1782717483.2394474,30,0.0,0,0,0,1
img_004355.jpg,1782717483.3264172,30,0.0,0,0,0,1
img_004356.jpg,1782717483.420327,30,0.0,0,0,0,1
img_004357.jpg,1782717483.5041788,30,0.0,0,0,0,1
img_004358.jpg,1782717483.583808,30,0.0,0,0,0,1
img_004359.jpg,1782717483.6619754,30,0.0,0,0,0,1
img_004360.jpg,1782717483.7461019,30,0.0,0,0,0,1
img_004361.jpg,1782717483.8348043,30,0.0,0,0,0,1
img_004362.jpg,1782717483.9129438,30,0.0,0,0,0,1
img_004363.jpg,1782717484.0017068,30,0.0,0,0,0,1
img_004364.jpg,1782717484.085793,30,0.0,0,0,0,1
img_004365.jpg,1782717484.1692584,30,0.0,0,0,0,1
img_004366.jpg,1782717484.2520907,30,0.0,0,0,0,1
img_004367.jpg,1782717484.3416488,30,0.0,0,0,0,1
img_004368.jpg,1782717484.418971,30,0.0,0,0,0,1
img_004369.jpg,1782717484.480765,30,0.050784,0,0,0,1
img_004370.jpg,1782717484.5593383,30,0.033470796074188805,0,0,0,1
img_004371.jpg,1782717484.65209,30,0.0439782426731445,0,0,0,1
img_004372.jpg,1782717484.7365391,30,0.04583356264421231,0,0,0,1
img_004373.jpg,1782717484.8177671,30,0.030208054281230075,0,0,0,1
img_004374.jpg,1782717484.9136353,30,0.06352264937214248,0,0,0,1
img_004375.jpg,1782717484.9728181,30,0.0418666045058912,0,0,0,1
img_004376.jpg,1782717485.0532255,30,0.02759350546895476,0,0,0,1
img_004377.jpg,1782717485.1358714,30,0.07855514302892332,0,0,0,1
img_004378.jpg,1782717485.2492747,30,0.05177424332269665,0,0,0,1
img_004379.jpg,1782717485.335871,30,0.12763230385688093,0,0,0,1
img_004380.jpg,1782717485.4157276,30,0.08412009323551832,0,0,0,1
img_004381.jpg,1782717485.4992034,30,0.08026304258846896,0,0,0,1
img_004382.jpg,1782717485.5890944,30,0.09364738810712973,0,0,0,1
img_004383.jpg,1782717485.6482096,30,0.061721263197348636,0,0,0,1
img_004384.jpg,1782717485.724455,30,0.04067934416193665,0,0,0,1
img_004385.jpg,1782717485.8121858,30,0.02681100411302624,0,0,0,1
img_004386.jpg,1782717485.9076703,30,0.03920721459710305,0,0,0,1
img_004387.jpg,1782717485.9671528,30,0.10967063742933483,0,0,0,1
img_004388.jpg,1782717486.0532565,30,0.07228189076724095,0,0,0,1
img_004389.jpg,1782717486.1678145,30,0.14649933950586166,0,0,0,1
img_004390.jpg,1782717486.2492337,30,0.09655500782931727,0,0,0,1
img_004391.jpg,1782717486.307536,30,0.06363762163273437,0,0,0,1
img_004392.jpg,1782717486.3889303,30,0.08340985231395066,0,0,0,1
img_004393.jpg,1782717486.4864528,30,0.054973892512965666,0,0,0,1
img_004394.jpg,1782717486.569909,30,0.09731390262297417,0,0,0,1
img_004395.jpg,1782717486.6482158,30,0.06413779516928629,0,0,0,1
img_004396.jpg,1782717486.7250407,30,0.11428622983128393,0,0,0,1
img_004397.jpg,1782717486.7968497,30,0.12014083573486282,0,0,0,1
img_004398.jpg,1782717486.9036095,30,0.0791826050146544,0,0,0,1
img_004399.jpg,1782717486.989941,30,0.05218779192400239,0,0,0,1
img_004400.jpg,1782717487.0823157,30,0.03439600939371616,0,0,0,1
img_004401.jpg,1782717487.143802,30,0.06678375976277405,0,0,0,1
img_004402.jpg,1782717487.2213187,30,0.10730977426321198,0,0,0,1
img_004403.jpg,1782717487.3028657,30,0.07072588947564593,0,0,0,1
img_004404.jpg,1782717487.3932817,30,0.14506781831759424,0,0,0,1
img_004405.jpg,1782717487.47692,30,0.11825342296528356,0,0,0,1
img_004406.jpg,1782717487.555111,30,0.10471591970823148,0,0,0,1
img_004407.jpg,1782717487.621205,30,0.20471591970823144,0,0,0,1
img_004408.jpg,1782717487.716618,30,0.1349244801845901,0,0,0,1
img_004409.jpg,1782717487.8052497,30,0.20413052176982288,0,0,0,1
img_004410.jpg,1782717487.8832872,30,0.16056552791702788,0,0,0,1
img_004411.jpg,1782717487.9624765,30,0.10582577271296688,0,0,0,1
img_004412.jpg,1782717488.058106,30,0.1709597108959295,0,0,0,1
img_004413.jpg,1782717488.1193454,30,0.11267638666312091,0,0,0,1
img_004414.jpg,1782717488.2042716,30,0.0742629245506019,0,0,0,1
img_004415.jpg,1782717488.2991729,30,0.0489453214300974,0,0,0,1
img_004416.jpg,1782717488.3811526,30,0.10142732005843445,0,0,0,1
img_004417.jpg,1782717488.4600446,30,0.1669131344537597,0,0,0,1
img_004418.jpg,1782717488.522978,30,0.11000936289787036,0,0,0,1
img_004419.jpg,1782717488.6209438,30,0.07250513846498999,0,0,0,1
img_004420.jpg,1782717488.6977892,30,0.04778679709933252,0,0,0,1
img_004421.jpg,1782717488.7787004,30,0.03149539502107742,0,0,0,1
img_004422.jpg,1782717488.8634326,30,0.06452508615817273,0,0,0,1
img_004423.jpg,1782717488.9575984,30,0.13296307926551892,0,0,0,1
img_004424.jpg,1782717489.042917,30,0.08763350881168057,0,0,0,1
img_004425.jpg,1782717489.1050093,30,0.057757626470963074,0,0,0,1
img_004426.jpg,1782717489.1854973,30,0.038066984430898995,0,0,0,1
img_004427.jpg,1782717489.2807348,30,0.025089246082347597,0,0,0,1
img_004428.jpg,1782717489.3605413,30,0.01653585852389329,0,0,0,1
img_004429.jpg,1782717489.4431226,30,0.010898478823347296,0,0,0,1
img_004430.jpg,1782717489.5316274,30,0.02,0,0,0,1
img_004431.jpg,1782717489.6161275,30,0.12000000000000001,0,0,0,1
img_004432.jpg,1782717489.6787689,30,0.07908978278400002,0,0,0,1
img_004433.jpg,1782717489.7597096,30,0.15276260016128002,0,0,0,1
img_004434.jpg,1782717489.8507571,30,0.15010192359438682,0,0,0,1
img_004435.jpg,1782717489.9444199,30,0.09892940443783851,0,0,0,1
img_004436.jpg,1782717490.0075958,30,0.06520254256615947,0,0,0,1
img_004437.jpg,1782717490.095232,30,0.11518743202799739,0,0,0,1
img_004438.jpg,1782717490.1891189,30,0.17957243746575757,0,0,0,1
img_004439.jpg,1782717490.266816,30,0.1183528756096683,0,0,0,1
img_004440.jpg,1782717490.3479786,30,0.1047871668825221,0,0,0,1
img_004441.jpg,1782717490.4150913,30,0.17000419353192034,0,0,0,1
img_004442.jpg,1782717490.5122097,30,0.11204662282340568,0,0,0,1
img_004443.jpg,1782717490.596988,30,0.07384785883986611,0,0,0,1
img_004444.jpg,1782717490.6595666,30,0.04867175928923755,1,0,0,0
img_004445.jpg,1782717490.749245,30,0.03207865724917445,1,0,0,0
img_004446.jpg,1782717490.8685844,30,0.02114245028199662,1,0,0,0
img_004447.jpg,1782717490.9493997,30,0.013934598336038604,1,0,0,0
img_004448.jpg,1782717491.0111027,30,0.0,1,0,0,0
img_004449.jpg,1782717491.098114,30,0.0,1,0,0,0
img_004450.jpg,1782717491.1951127,30,0.0,1,0,0,0
img_004451.jpg,1782717491.275977,30,0.0,1,0,0,0
img_004452.jpg,1782717491.357638,30,-0.06,1,0,0,0
img_004453.jpg,1782717491.4621916,30,-0.07786880000000002,1,0,0,0
img_004454.jpg,1782717491.5401118,30,-0.05132188731375619,1,0,0,0
img_004455.jpg,1782717491.6239,30,-0.1272161363286557,1,0,0,0
img_004456.jpg,1782717491.686221,30,-0.08384580490710927,1,0,0,0
img_004457.jpg,1782717491.7827744,30,-0.05526122081210762,1,0,0,0
img_004458.jpg,1782717491.86628,30,-0.03642164958673544,1,0,0,0
img_004459.jpg,1782717491.9478376,30,-0.024004836287082252,1,0,0,0
img_004460.jpg,1782717492.0122313,30,-0.015821144064256807,1,0,0,0
img_004461.jpg,1782717492.1179304,30,-0.08815545253911627,1,0,0,0
img_004462.jpg,1782717492.2051218,30,-0.058101629937866064,1,0,0,0
img_004463.jpg,1782717492.2918909,30,-0.13345349954283678,1,0,0,0
img_004464.jpg,1782717492.3738596,30,-0.1099330067598515,1,0,0,0
img_004465.jpg,1782717492.4659944,30,-0.09875523211439004,1,0,0,0
img_004466.jpg,1782717492.5454843,30,-0.1644548135452388,1,0,0,0
img_004467.jpg,1782717492.6267135,30,-0.10838912900896801,1,0,0,0
img_004468.jpg,1782717492.7092755,30,-0.07143727224555196,1,0,0,0
img_004469.jpg,1782717492.7999506,30,-0.11124850722863519,1,0,0,0
img_004470.jpg,1782717492.886232,30,-0.0733218355979751,1,0,0,0
img_004471.jpg,1782717492.968151,30,-0.04832506708973342,1,0,0,0
img_004472.jpg,1782717493.062086,30,-0.09168633678475038,1,0,0,0
img_004473.jpg,1782717493.1361766,30,-0.06042877050472148,1,0,0,0
img_004474.jpg,1782717493.218273,30,-0.16042877050472149,1,0,0,0
img_004475.jpg,1782717493.3029037,30,-0.10573563842935509,1,0,0,0
img_004476.jpg,1782717493.3951147,30,-0.14949464436660614,1,0,0,0
img_004477.jpg,1782717493.4812078,30,-0.1475572056325438,1,0,0,0
img_004478.jpg,1782717493.5626876,30,-0.0972522278474326,1,0,0,0
img_004479.jpg,1782717493.6450527,30,-0.13309828565006696,1,0,0,0
img_004480.jpg,1782717493.7290764,30,-0.08772262084155485,1,0,0,0
img_004481.jpg,1782717493.7950833,30,-0.16070481117423047,1,0,0,0
img_004482.jpg,1782717493.8808181,30,-0.12945565456334804,1,0,0,0
img_004483.jpg,1782717493.966843,30,-0.08532182999646447,1,0,0,0
img_004484.jpg,1782717494.050991,30,-0.12741639690900752,1,0,0,0
img_004485.jpg,1782717494.1350996,30,-0.08397779295544448,1,0,0,0
img_004486.jpg,1782717494.2177856,30,-0.10539249964088918,1,0,0,0
img_004487.jpg,1782717494.2901964,30,-0.13998821169604858,1,0,0,0
img_004488.jpg,1782717494.3718216,30,-0.09226364379467578,1,0,0,0
img_004489.jpg,1782717494.4768875,30,-0.1648825522911017,1,0,0,0
img_004490.jpg,1782717494.5751004,30,-0.10867104371312301,1,0,0,0
img_004491.jpg,1782717494.6309593,30,-0.12462083768688435,1,0,0,0
img_004492.jpg,1782717494.7090333,30,-0.1562630770181789,1,0,0,0
img_004493.jpg,1782717494.7954967,30,-0.10299010682106027,1,0,0,0
img_004494.jpg,1782717494.888265,30,-0.16835089827537544,1,0,0,0
img_004495.jpg,1782717494.9708393,30,-0.11095696646742273,1,0,0,0
img_004496.jpg,1782717495.032107,30,-0.09948878964021773,1,0,0,0
img_004497.jpg,1782717495.1161025,30,-0.1651296864690003,1,0,0,0
img_004498.jpg,1782717495.2291956,30,-0.10883392528352716,1,0,0,0
img_004499.jpg,1782717495.2889814,30,-0.20883392528352712,1,0,0,0
img_004500.jpg,1782717495.3703089,30,-0.16393501308228484,1,0,0,0
img_004501.jpg,1782717495.452454,30,-0.10804653812808425,1,0,0,0
img_004502.jpg,1782717495.5597532,30,-0.1730028150778375,1,0,0,0
img_004503.jpg,1782717495.6223245,30,-0.11402295887938908,1,0,0,0
img_004504.jpg,1782717495.7051928,30,-0.07515042541799874,1,0,0,0
img_004505.jpg,1782717495.7923887,30,-0.04953025685362261,1,0,0,0
img_004506.jpg,1782717495.8724058,30,-0.032644477131572834,1,0,0,0
img_004507.jpg,1782717495.9582093,30,-0.021515371711944592,1,0,0,0
img_004508.jpg,1782717496.039099,30,-0.014180383960122635,1,0,0,0
img_004509.jpg,1782717496.1398914,30,0.0,1,0,0,0
img_004510.jpg,1782717496.218567,30,0.0,1,0,0,0
img_004511.jpg,1782717496.2983074,30,0.0,1,0,0,0
img_004512.jpg,1782717496.3617816,30,0.0,1,0,0,0
img_004513.jpg,1782717496.4554436,30,0.0,1,0,0,0
img_004514.jpg,1782717496.538928,30,0.0,1,0,0,0
img_004515.jpg,1782717496.6172535,30,0.0,1,0,0,0
img_004516.jpg,1782717496.6994903,30,0.0,1,0,0,0
img_004517.jpg,1782717496.7914522,30,0.06,1,0,0,0
img_004518.jpg,1782717496.8709352,30,0.07786880000000002,1,0,0,0
img_004519.jpg,1782717496.9551845,30,0.05132188731375619,1,0,0,0
img_004520.jpg,1782717497.048117,30,0.033825307664249196,1,0,0,0
img_004521.jpg,1782717497.130053,30,0.022293635298061998,1,0,0,0
img_004522.jpg,1782717497.2133558,30,0.01469332310991199,1,0,0,0
img_004523.jpg,1782717497.2978616,30,0.0,1,0,0,0
img_004524.jpg,1782717497.3872726,30,0.0,1,0,0,0
img_004525.jpg,1782717497.4689567,30,0.031147520000000005,1,0,0,0
img_004526.jpg,1782717497.551899,30,0.02052875492550247,1,0,0,0
img_004527.jpg,1782717497.632827,30,0.013530123065699671,1,0,0,0
img_004528.jpg,1782717497.7159407,30,0.0,1,0,0,0
img_004529.jpg,1782717497.8014498,30,0.0,1,0,0,0
img_004530.jpg,1782717497.884316,30,0.0,1,0,0,0
img_004531.jpg,1782717497.9758973,30,0.0,1,0,0,0
img_004532.jpg,1782717498.0590181,30,0.0,0,0,0,1
img_004533.jpg,1782717498.137805,30,0.0,0,0,0,1
img_004534.jpg,1782717498.215068,30,0.0,0,0,0,1
img_004535.jpg,1782717498.303499,30,0.1,0,0,0,1
img_004536.jpg,1782717498.3791711,30,0.10901632000000003,0,0,0,1
img_004537.jpg,1782717498.477773,30,0.09809852417310724,0,0,0,1
img_004538.jpg,1782717498.559098,30,0.16385064223925866,0,0,0,1
img_004539.jpg,1782717498.637111,30,0.1079909308643489,0,0,0,1
img_004540.jpg,1782717498.7194579,30,0.1514035238835849,0,0,0,1
img_004541.jpg,1782717498.8034496,30,0.17893194261506626,0,0,0,1
img_004542.jpg,1782717498.8989067,30,0.11793073728787289,0,0,0,1
img_004543.jpg,1782717498.980381,30,0.18209627830484304,0,0,0,1
img_004544.jpg,1782717499.0668254,30,0.1200162924742071,0,0,0,1
img_004545.jpg,1782717499.1487453,30,0.10597882701382295,0,0,0,1
img_004546.jpg,1782717499.2375195,30,0.11367196084973978,0,0,0,1
img_004547.jpg,1782717499.3206213,30,0.07491908910197727,0,0,0,1
img_004548.jpg,1782717499.3840325,30,0.17491908910197726,0,0,0,1
img_004549.jpg,1782717499.4701266,30,0.13963866320226925,0,0,0,1
img_004550.jpg,1782717499.5836306,30,0.14873495137164866,0,0,0,1
img_004551.jpg,1782717499.6672366,30,0.14696564181368635,0,0,0,1
img_004552.jpg,1782717499.7530115,30,0.12528515115720656,0,0,0,1
img_004553.jpg,1782717499.8461611,30,0.22528515115720651,0,0,0,1
img_004554.jpg,1782717499.9266236,30,0.14848128057903395,0,0,0,1
img_004555.jpg,1782717499.9836907,30,0.1556205914115268,0,0,0,1
img_004556.jpg,1782717500.0640829,30,0.18250126857071625,0,0,0,1
img_004557.jpg,1782717500.1580362,30,0.1507426239951304,0,0,0,1
img_004558.jpg,1782717500.2389884,30,0.25074262399513036,0,0,0,1
img_004559.jpg,1782717500.316885,30,0.16525983055387541,0,0,0,1
img_004560.jpg,1782717500.397279,30,0.13839097917958926,0,0,0,1
img_004561.jpg,1782717500.5184984,30,0.138910914795396,0,0,0,1
img_004562.jpg,1782717500.6037438,30,0.09155361731245502,0,0,0,1
img_004563.jpg,1782717500.6853597,30,0.06034129755276276,0,0,0,1
img_004564.jpg,1782717500.7744262,30,0.03976983430293932,0,0,0,1
img_004565.jpg,1782717500.8551228,30,0.04849082931499224,0,0,0,1
img_004566.jpg,1782717500.9305036,30,0.14849082931499225,0,0,0,1
img_004567.jpg,1782717501.0118272,30,0.09786756196615634,0,0,0,1
img_004568.jpg,1782717501.103527,30,0.06450270181252472,0,0,0,1
img_004569.jpg,1782717501.1859293,30,0.042512538961114205,0,0,0,1
img_004570.jpg,1782717501.265074,30,0.028019228933590497,0,0,0,1
img_004571.jpg,1782717501.3460612,30,0.01846695608444034,0,0,0,1
img_004572.jpg,1782717501.4416387,30,0.01217122954500045,0,0,0,1
img_004573.jpg,1782717501.5250251,30,0.0,0,0,0,1
img_004574.jpg,1782717501.6098185,30,0.0,0,0,0,1
img_004575.jpg,1782717501.7033875,30,0.0,0,0,0,1
img_004576.jpg,1782717501.786059,30,0.0,0,0,0,1
img_004577.jpg,1782717501.867074,30,0.06,0,0,0,1
img_004578.jpg,1782717501.950859,30,0.12880000000000003,0,0,0,1
img_004579.jpg,1782717502.0450945,30,0.08488970018816004,0,0,0,1
img_004580.jpg,1782717502.1044292,30,0.13185064223925866,0,0,0,1
img_004581.jpg,1782717502.1852183,30,0.10878473107168354,0,0,0,1
img_004582.jpg,1782717502.2783098,30,0.07169800625562757,0,0,0,1
img_004583.jpg,1782717502.3650231,30,0.047254831173362155,0,0,0,1
img_004584.jpg,1782717502.4481275,30,0.031144786108298378,0,0,0,1
img_004585.jpg,1782717502.5313938,30,0.020526953067995502,0,0,0,1
img_004586.jpg,1782717502.6260798,30,0.0725740130767514,0,0,0,1
img_004587.jpg,1782717502.7095604,30,0.047832191083362036,0,0,0,1
img_004588.jpg,1782717502.7871835,30,0.031525313357215715,0,0,0,1
img_004589.jpg,1782717502.8730586,30,0.020777751546831043,0,0,0,1
img_004590.jpg,1782717502.9680254,30,0.013694232138156561,0,0,0,1
img_004591.jpg,1782717503.0252125,30,0.11369423213815658,0,0,0,1
img_004592.jpg,1782717503.1054184,30,0.11967985423519688,0,0,0,1
img_004593.jpg,1782717503.2039905,30,0.07887878062568755,0,0,0,1
img_004594.jpg,1782717503.2890248,30,0.12196299992158195,0,0,0,1
img_004595.jpg,1782717503.3692517,30,0.08038355976235773,0,0,0,1
img_004596.jpg,1782717503.4552765,30,0.052979319008412976,0,0,0,1
img_004597.jpg,1782717503.5461056,30,0.034917690270163546,0,0,0,1
img_004598.jpg,1782717503.6300583,30,0.023013604489885216,0,0,0,1
img_004599.jpg,1782717503.7138445,30,0.01516784150151591,0,0,0,1
img_004600.jpg,1782717503.8100996,30,0.0,0,0,0,1
img_004601.jpg,1782717503.8953426,30,0.06,0,0,0,1
img_004602.jpg,1782717503.9764602,30,0.03954489139200001,0,0,0,1
img_004603.jpg,1782717504.0572941,30,0.026063307253417937,0,0,0,1
img_004604.jpg,1782717504.1720173,30,0.054151184598549514,0,0,0,1
img_004605.jpg,1782717504.231154,30,0.0356900452282964,0,0,0,1
img_004606.jpg,1782717504.3138945,30,0.023522649372142487,0,0,0,1
img_004607.jpg,1782717504.398138,30,0.0155033435778912,0,0,0,1
img_004608.jpg,1782717504.4888875,30,0.010217967300009472,0,0,0,1
img_004609.jpg,1782717504.5706818,30,0.08,0,0,0,1
img_004610.jpg,1782717504.6570299,30,0.07163929600000002,0,0,0,1
img_004611.jpg,1782717504.7777152,30,0.0472161363286557,0,0,0,1
img_004612.jpg,1782717504.8583837,30,0.03111928305110926,0,0,0,1
img_004613.jpg,1782717504.9367619,30,0.020510144474217038,0,0,0,1
img_004614.jpg,1782717505.0275736,30,-0.0426402137170227,0,0,0,1
img_004615.jpg,1782717505.1213136,30,-0.1426402137170227,0,0,0,1
img_004616.jpg,1782717505.1765883,30,-0.24264021371702266,0,0,0,1
img_004617.jpg,1782717505.2654598,30,-0.1881536001197705,0,0,0,1
img_004618.jpg,1782717505.3862717,30,-0.12400856136250207,0,0,0,1
img_004619.jpg,1782717505.4677155,30,-0.08173175151263855,0,0,0,1
img_004620.jpg,1782717505.5509021,30,-0.05386788728075372,0,0,0,1
img_004621.jpg,1782717505.6338894,30,-0.03550332920056508,0,0,0,1
img_004622.jpg,1782717505.7266521,30,-0.023399588288179472,0,0,0,1
img_004623.jpg,1782717505.8102117,30,-0.015422236291226209,0,0,0,1
img_004624.jpg,1782717505.8938382,30,-0.010164510985971691,0,0,0,1
img_004625.jpg,1782717505.9908948,30,0.0,0,0,0,1
img_004626.jpg,1782717506.0696964,30,0.0,0,0,0,1
img_004627.jpg,1782717506.15281,30,0.0552,0,0,0,1
img_004628.jpg,1782717506.2383413,30,0.03638130008064001,0,0,0,1
img_004629.jpg,1782717506.338915,30,0.023978242673144502,0,0,0,1
img_004630.jpg,1782717506.4230626,30,0.01580361670467532,0,0,0,1
img_004631.jpg,1782717506.5321038,30,0.010415871769786377,0,0,0,1
img_004632.jpg,1782717506.6262586,30,0.0595999938659472,0,0,0,1
img_004633.jpg,1782717506.7366643,30,0.039281254739879146,0,0,0,1
img_004634.jpg,1782717506.8167508,30,0.02588954920716677,0,0,0,1
img_004635.jpg,1782717506.9432483,30,0.01706332352642083,0,0,0,1
img_004636.jpg,1782717507.026238,30,0.011246121260647838,0,0,0,1
img_004637.jpg,1782717507.1367745,30,0.0,0,0,0,1
img_004638.jpg,1782717507.2259421,30,0.0,0,0,0,1
img_004639.jpg,1782717507.3464255,30,0.0,0,0,0,1
img_004640.jpg,1782717507.4324071,30,0.0,0,0,0,1
img_004641.jpg,1782717507.5465653,30,0.0,0,0,0,1
img_004642.jpg,1782717507.6362135,30,0.0,0,0,0,1
img_004643.jpg,1782717507.7306285,30,0.0,0,0,0,1
img_004644.jpg,1782717507.8430269,30,0.0,0,0,0,1
img_004645.jpg,1782717507.9668043,30,0.0,0,0,0,1
img_004646.jpg,1782717532.8497727,30,0.0,0,0,0,1
img_004647.jpg,1782717532.9351966,30,0.0,0,0,0,1
img_004648.jpg,1782717533.0129771,30,0.0,0,0,0,1
img_004649.jpg,1782717533.0921118,30,0.06,0,0,0,1
img_004650.jpg,1782717533.1793046,30,0.12880000000000003,0,0,0,1
img_004651.jpg,1782717533.2584424,30,0.08488970018816004,0,0,0,1
img_004652.jpg,1782717533.3429656,30,0.13185064223925866,0,0,0,1
img_004653.jpg,1782717533.4340742,30,0.16238238359130852,0,0,0,1
img_004654.jpg,1782717533.525151,30,0.13632959643283296,0,0,0,1
img_004655.jpg,1782717533.6071799,30,0.13730574078708982,0,0,0,1
img_004656.jpg,1782717533.6840315,30,0.09049567678205954,0,0,0,1
img_004657.jpg,1782717533.7584476,30,0.1904956767820595,0,0,0,1
img_004658.jpg,1782717533.8434827,30,0.1255521808165347,0,0,0,1
img_004659.jpg,1782717533.9261575,30,0.08274912257364352,0,0,0,1
img_004660.jpg,1782717534.0170043,30,0.05453841774930048,0,0,0,1
img_004661.jpg,1782717534.096879,30,0.03594526344312689,0,0,0,1
img_004662.jpg,1782717534.175106,30,0.023690858981921352,0,0,0,1
img_004663.jpg,1782717534.2384617,30,0.10179559026336765,0,0,0,1
img_004664.jpg,1782717534.335552,30,0.11041452459100126,0,0,0,1
img_004665.jpg,1782717534.423316,30,0.07277217305084098,0,0,0,1
img_004666.jpg,1782717534.5062594,30,0.11237836727023183,0,0,0,1
img_004667.jpg,1782717534.5824947,30,0.07406650547519343,0,0,0,1
img_004668.jpg,1782717534.6769102,30,0.17406650547519342,0,0,0,1
img_004669.jpg,1782717534.7609274,30,0.13902787829423005,0,0,0,1
img_004670.jpg,1782717534.8402777,30,0.09163070579342539,0,0,0,1
img_004671.jpg,1782717534.906817,30,0.0603921051462219,0,0,0,1
img_004672.jpg,1782717535.0050054,30,0.11111587779576222,0,0,0,1
img_004673.jpg,1782717535.0921733,30,0.17582660757210122,0,0,0,1
img_004674.jpg,1782717535.1675894,30,0.11588406833770916,0,0,0,1
img_004675.jpg,1782717535.2489023,30,0.15808427544103704,0,0,0,1
img_004676.jpg,1782717535.3422282,30,0.258084275441037,0,0,0,1
img_004677.jpg,1782717535.4201858,30,0.19921761721265988,0,0,0,1
img_004678.jpg,1782717535.4840965,30,0.13130065060079446,0,0,0,1
img_004679.jpg,1782717535.583196,30,0.14224224101503144,0,0,0,1
img_004680.jpg,1782717535.6694787,30,0.2044628617338289,0,0,0,1
img_004681.jpg,1782717535.7571175,30,0.13475769434936297,0,0,0,1
img_004682.jpg,1782717535.83596,30,0.1740589124973008,0,0,0,1
img_004683.jpg,1782717535.9268641,30,0.23373419949751673,0,0,0,1
img_004684.jpg,1782717536.0066667,30,0.15404989222875604,0,0,0,1
img_004685.jpg,1782717536.0694342,30,0.10153143761892439,0,0,0,1
img_004686.jpg,1782717536.1516569,30,0.06691749455856648,0,0,0,1
img_004687.jpg,1782717536.2430434,30,0.04410408424238771,0,0,0,1
img_004688.jpg,1782717536.31907,30,0.029068187021814015,0,0,0,1
img_004689.jpg,1782717536.4054523,30,0.019158304978999657,0,0,0,1
img_004690.jpg,1782717536.4916503,30,0.012626884827489243,0,0,0,1
img_004691.jpg,1782717536.587778,30,0.0,0,0,0,1
img_004692.jpg,1782717536.6438565,30,0.04,0,0,0,1
img_004693.jpg,1782717536.7261248,30,0.14,0,0,0,1
img_004694.jpg,1782717536.8198802,30,0.11462287360000002,0,0,0,1
img_004695.jpg,1782717536.9028447,30,0.0755458181258491,0,1,0,0
img_004696.jpg,1782717536.9843442,30,0.049790852881774796,0,1,0,0
img_004697.jpg,1782717537.0696747,30,0.03281623115874725,0,1,0,0
img_004698.jpg,1782717537.1655476,30,0.021628571617790446,0,1,0,0
img_004699.jpg,1782717537.2385,30,0.014254991926493618,0,1,0,0
img_004700.jpg,1782717537.323737,30,0.0,0,1,0,0
img_004701.jpg,1782717537.3908248,30,0.0,0,1,0,0
img_004702.jpg,1782717537.4858341,30,0.0,0,1,0,0
img_004703.jpg,1782717537.5659463,30,0.0,0,1,0,0
img_004704.jpg,1782717537.6469336,30,0.0,0,1,0,0
img_004705.jpg,1782717537.7392118,30,0.0,0,1,0,0
img_004706.jpg,1782717537.8339858,30,0.0,0,1,0,0
img_004707.jpg,1782717537.8911462,30,0.0,0,1,0,0
img_004708.jpg,1782717537.9736202,30,0.0,0,1,0,0
img_004709.jpg,1782717538.06632,30,0.0,0,1,0,0
img_004710.jpg,1782717538.1508212,30,0.0,0,1,0,0
img_004711.jpg,1782717538.235105,30,0.0,0,1,0,0
img_004712.jpg,1782717538.3158388,30,0.0,0,1,0,0
img_004713.jpg,1782717538.4118927,30,0.0,0,1,0,0
img_004714.jpg,1782717538.4882462,30,0.0,0,1,0,0
img_004715.jpg,1782717538.5725408,30,0.0,0,1,0,0
img_004716.jpg,1782717538.655795,30,0.0,0,1,0,0
img_004717.jpg,1782717538.7471833,30,0.0,0,1,0,0
img_004718.jpg,1782717538.8280525,30,0.0,0,1,0,0
img_004719.jpg,1782717538.8905742,30,0.0,0,1,0,0
img_004720.jpg,1782717538.9882143,30,0.0,0,1,0,0
img_004721.jpg,1782717539.0759728,30,0.0,0,1,0,0
img_004722.jpg,1782717539.158941,30,0.0,0,1,0,0
img_004723.jpg,1782717539.2401013,30,0.0,0,1,0,0
img_004724.jpg,1782717539.3358347,30,0.0,0,1,0,0
img_004725.jpg,1782717539.41647,30,0.0,0,1,0,0
img_004726.jpg,1782717539.478061,30,-0.04,0,1,0,0
img_004727.jpg,1782717539.5629342,30,-0.0429835776,0,1,0,0
img_004728.jpg,1782717539.6567838,30,-0.028329681797193407,0,1,0,0
img_004729.jpg,1782717539.7391582,30,-0.01867156983066555,0,1,0,0
img_004730.jpg,1782717539.8242002,30,-0.012306086684530218,0,1,0,0
img_004731.jpg,1782717539.9175806,30,0.0,0,1,0,0
img_004732.jpg,1782717540.000889,30,0.0,0,1,0,0
img_004733.jpg,1782717540.0785086,30,0.0,0,1,0,0
img_004734.jpg,1782717540.141807,30,0.0,0,1,0,0
img_004735.jpg,1782717540.2360365,30,0.0,0,1,0,0
img_004736.jpg,1782717540.322431,30,0.0,0,1,0,0
img_004737.jpg,1782717540.405431,30,0.0,0,1,0,0
img_004738.jpg,1782717540.486923,30,0.0,0,1,0,0
img_004739.jpg,1782717540.5788372,30,0.0,0,1,0,0
img_004740.jpg,1782717540.659286,30,0.0,0,1,0,0
img_004741.jpg,1782717540.7439759,30,0.0,0,1,0,0
img_004742.jpg,1782717540.8271534,30,0.0,0,1,0,0
img_004743.jpg,1782717540.9197783,30,0.0,0,1,0,0
img_004744.jpg,1782717541.0006564,30,0.0,0,1,0,0
img_004745.jpg,1782717541.0614953,30,0.0,0,1,0,0
img_004746.jpg,1782717541.1608787,30,0.0,0,1,0,0
img_004747.jpg,1782717541.2459059,30,0.0,0,1,0,0
img_004748.jpg,1782717541.3238401,30,0.0,0,1,0,0
img_004749.jpg,1782717541.4071434,30,0.0,0,1,0,0
img_004750.jpg,1782717541.501146,30,0.0,0,1,0,0
img_004751.jpg,1782717541.583311,30,0.0,0,1,0,0
img_004752.jpg,1782717541.668804,30,0.0,0,1,0,0
img_004753.jpg,1782717541.7372057,30,0.0,0,1,0,0
img_004754.jpg,1782717541.8321805,30,0.0,0,1,0,0
img_004755.jpg,1782717541.9110148,30,0.0,0,1,0,0
img_004756.jpg,1782717541.9898007,30,0.0,0,1,0,0
img_004757.jpg,1782717542.0581768,30,0.0,0,1,0,0
img_004758.jpg,1782717542.1709814,30,0.0,0,1,0,0
img_004759.jpg,1782717542.2581055,30,0.0,0,1,0,0
img_004760.jpg,1782717542.3329675,30,0.0,0,1,0,0
img_004761.jpg,1782717542.4058592,30,0.0,0,1,0,0
img_004762.jpg,1782717542.4884946,30,0.0,0,1,0,0
img_004763.jpg,1782717542.5732174,30,0.0,0,1,0,0
img_004764.jpg,1782717542.6580663,30,0.0,0,1,0,0
img_004765.jpg,1782717542.7569942,30,0.0,0,0,0,1
img_004766.jpg,1782717542.8430424,30,0.0,0,0,0,1
img_004767.jpg,1782717542.9217567,30,0.0,0,0,0,1
img_004768.jpg,1782717543.0026207,30,0.0,0,0,0,1
img_004769.jpg,1782717543.0951104,30,0.0,0,0,0,1
img_004770.jpg,1782717543.1706314,30,0.0,0,0,0,1
img_004771.jpg,1782717543.2334547,30,0.033856000000000004,0,0,0,1
img_004772.jpg,1782717543.3266027,30,0.022313864049459207,0,0,0,1
img_004773.jpg,1782717543.4108126,30,0.014706655506195295,0,0,0,1
img_004774.jpg,1782717543.4912314,30,0.0,0,0,0,1
img_004775.jpg,1782717543.5750105,30,0.0,0,0,0,1
img_004776.jpg,1782717543.667391,30,0.0552,0,0,0,1
img_004777.jpg,1782717543.749308,30,0.03638130008064001,0,0,0,1
img_004778.jpg,1782717543.826296,30,0.023978242673144502,0,0,0,1
img_004779.jpg,1782717543.9093807,30,0.01580361670467532,0,0,0,1
img_004780.jpg,1782717544.0025454,30,0.010415871769786377,0,0,0,1
img_004781.jpg,1782717544.0871675,30,0.0,0,0,0,1
img_004782.jpg,1782717544.1642654,30,0.0,0,0,0,1
img_004783.jpg,1782717544.2279215,30,0.0,0,0,0,1
img_004784.jpg,1782717544.3132064,30,0.04,0,0,0,1
img_004785.jpg,1782717544.3968437,30,0.06229504000000001,0,0,0,1
img_004786.jpg,1782717544.4789147,30,0.04105750985100494,0,0,0,1
img_004787.jpg,1782717544.574228,30,0.027060246131399342,0,0,0,1
img_004788.jpg,1782717544.6533742,30,0.017834908238449593,0,0,0,1
img_004789.jpg,1782717544.7335064,30,0.05388782902638184,0,0,0,1
img_004790.jpg,1782717544.8181725,30,0.05293272054418362,0,0,0,1
img_004791.jpg,1782717544.9119782,30,0.03488697808338048,0,0,0,1
img_004792.jpg,1782717544.9975407,30,0.02299336265503943,0,0,0,1
img_004793.jpg,1782717545.0552747,30,0.015154500482173388,0,0,0,1
img_004794.jpg,1782717545.1365924,30,0.0,0,0,0,1
img_004795.jpg,1782717545.2283123,30,0.0,0,0,0,1
img_004796.jpg,1782717545.3100917,30,0.0,0,0,0,1
img_004797.jpg,1782717545.3920972,30,0.0,0,0,0,1
img_004798.jpg,1782717545.4752316,30,0.0,0,0,0,1
img_004799.jpg,1782717545.5689664,30,0.08,0,0,0,1
img_004800.jpg,1782717545.6464596,30,0.05272652185600001,0,0,0,1
img_004801.jpg,1782717545.734402,30,0.03475107633789058,0,0,0,1
img_004802.jpg,1782717545.8208642,30,0.022903792325616408,0,0,0,1
img_004803.jpg,1782717545.903888,30,0.015095466333023737,0,0,0,1
img_004804.jpg,1782717545.9825509,30,0.0,0,0,0,1
img_004805.jpg,1782717546.067082,30,0.0,0,0,0,1
img_004806.jpg,1782717546.1585445,30,0.06,0,0,0,1
img_004807.jpg,1782717546.2381976,30,0.05731143680000001,0,0,0,1
img_004808.jpg,1782717546.3160794,30,0.03777290906292455,0,0,0,1
img_004809.jpg,1782717546.3998199,30,0.10835107633789061,0,0,0,1
img_004810.jpg,1782717546.4931362,30,0.07141219243313643,0,0,0,1
img_004811.jpg,1782717546.5725732,30,0.12044327967540668,0,0,0,1
img_004812.jpg,1782717546.6579995,30,0.07938194022767066,0,0,0,1
img_004813.jpg,1782717546.7553098,30,0.07686866313024407,0,0,0,1
img_004814.jpg,1782717546.8261595,30,0.09100422555556352,0,0,0,1
img_004815.jpg,1782717546.8924868,30,0.05997920359679718,0,0,0,1
img_004816.jpg,1782717546.9731827,30,0.1351808673090534,0,0,0,1
img_004817.jpg,1782717547.0687246,30,0.11117048086690001,0,0,0,1
img_004818.jpg,1782717547.1509235,30,0.09964174985286188,0,0,0,1
img_004819.jpg,1782717547.232896,30,0.10873735490942532,0,0,0,1
img_004820.jpg,1782717547.3214488,30,0.07166678150244306,0,0,0,1
img_004821.jpg,1782717547.4118526,30,0.04723425151547176,0,0,0,1
img_004822.jpg,1782717547.4883807,30,0.031131222436029046,0,0,0,1
img_004823.jpg,1782717547.5717893,30,0.020518013502216045,0,0,0,1
img_004824.jpg,1782717547.6579769,30,0.09247657242203877,0,0,0,1
img_004825.jpg,1782717547.7478933,30,0.06094960021223244,0,0,0,1
img_004826.jpg,1782717547.830952,30,0.08426072229006286,0,0,0,1
img_004827.jpg,1782717547.8888545,30,0.05553468519286683,0,0,0,1
img_004828.jpg,1782717547.9850276,30,0.05978465750798605,0,0,0,1
img_004829.jpg,1782717548.0673208,30,0.057157166954732365,0,0,0,1
img_004830.jpg,1782717548.1472564,30,0.06094699201991491,0,0,0,1
img_004831.jpg,1782717548.231033,30,0.16094699201991491,0,0,0,1
img_004832.jpg,1782717548.323882,30,0.10607718865494378,0,0,0,1
img_004833.jpg,1782717548.4059403,30,0.20607718865494373,0,0,0,1
img_004834.jpg,1782717548.4842024,30,0.16196010636899358,0,0,0,1
img_004835.jpg,1782717548.5442035,30,0.10674491360331036,0,0,0,1
img_004836.jpg,1782717548.6393425,30,0.1411328948738419,0,0,0,1
img_004837.jpg,1782717548.7216551,30,0.0930180833270772,0,0,0,1
img_004838.jpg,1782717548.8051918,30,0.06130650004435459,0,0,0,1
img_004839.jpg,1782717548.894349,30,0.0404059814312941,0,0,0,1
img_004840.jpg,1782717548.975018,30,0.11717350291679059,0,0,0,1
img_004841.jpg,1782717549.0550377,30,0.12238912063926984,0,0,0,1
img_004842.jpg,1782717549.1329885,30,0.08066440805403854,0,0,0,1
img_004843.jpg,1782717549.219774,30,0.18066440805403852,0,0,0,1
img_004844.jpg,1782717549.3075554,30,0.11907257324828209,0,0,0,1
img_004845.jpg,1782717549.3912222,30,0.07847853294782135,0,0,0,1
img_004846.jpg,1782717549.4826477,30,0.05172375103375149,0,0,0,1
img_004847.jpg,1782717549.5595691,30,0.034090168616942515,0,0,0,1
img_004848.jpg,1782717549.6342292,30,0.08885391871738015,0,0,0,1
img_004849.jpg,1782717549.6969917,30,0.1888539187173801,0,0,0,1
img_004850.jpg,1782717549.7877212,30,0.12447012841053991,0,0,0,1
img_004851.jpg,1782717549.8722057,30,0.1091695237236068,0,0,0,1
img_004852.jpg,1782717549.9508073,30,0.17403596182571823,0,0,0,1
img_004853.jpg,1782717550.021749,30,0.11470388681167144,0,0,0,1
img_004854.jpg,1782717550.133752,30,0.07559921243679682,0,0,0,1
img_004855.jpg,1782717550.1997736,30,0.04982604408556445,0,0,0,1
img_004856.jpg,1782717550.2785664,30,0.032839425030944176,0,0,0,1
img_004857.jpg,1782717550.3640764,30,0.08779528934619116,0,0,0,1
img_004858.jpg,1782717550.4566007,30,0.15437166619849585,0,0,0,1
img_004859.jpg,1782717550.542002,30,0.10174351289702663,0,0,0,1
img_004860.jpg,1782717550.6032443,30,0.06705726945589116,0,0,0,1
img_004861.jpg,1782717550.6914246,30,0.04419620729462159,0,0,0,1
img_004862.jpg,1782717550.7809691,30,0.12066051071105188,0,0,0,1
img_004863.jpg,1782717550.8568373,30,0.1529110562658343,0,0,0,1
img_004864.jpg,1782717550.9382725,30,0.10078085187780697,0,0,0,1
img_004865.jpg,1782717551.0068414,30,0.06642279736501862,0,0,0,1
img_004866.jpg,1782717551.1165898,30,0.043778038462541434,0,0,0,1
img_004867.jpg,1782717551.1803467,30,0.0288532962726,0,0,0,1
img_004868.jpg,1782717551.2650025,30,0.019016674456686092,0,0,0,1
img_004869.jpg,1782717551.3482373,30,0.07609571326013911,0,0,0,1
img_004870.jpg,1782717551.43899,30,0.09040233876711122,0,0,0,1
img_004871.jpg,1782717551.5239096,30,0.059582511135470084,0,0,0,1
img_004872.jpg,1782717551.6051316,30,0.0392697321952466,0,0,0,1
img_004873.jpg,1782717551.6964004,30,0.025881954910899216,0,0,0,1
img_004874.jpg,1782717551.758626,30,0.01705831826606918,0,0,0,1
img_004875.jpg,1782717551.8384356,30,0.01124282238603126,0,0,0,1
img_004876.jpg,1782717551.9190147,30,0.0,0,0,0,1
img_004877.jpg,1782717552.019134,30,0.0,0,0,0,1
img_004878.jpg,1782717552.0968034,30,0.02,0,0,0,1
img_004879.jpg,1782717552.172871,30,0.046721280000000004,0,0,0,1
img_004880.jpg,1782717552.2383587,30,0.0307931323882537,0,0,0,1
img_004881.jpg,1782717552.3538177,30,0.02029518459854951,0,0,0,1
img_004882.jpg,1782717552.4225678,30,0.013376181178837192,0,0,0,1
img_004883.jpg,1782717552.5016117,30,0.02,0,0,0,1
img_004884.jpg,1782717552.595828,30,0.09200000000000001,0,0,0,1
img_004885.jpg,1782717552.683157,30,0.06063550013440003,0,0,0,1
img_004886.jpg,1782717552.7618372,30,0.039963737788574184,0,0,0,1
img_004887.jpg,1782717552.839787,30,0.02633936117445888,0,0,0,1
img_004888.jpg,1782717552.931019,30,0.017359786282977303,0,0,0,1
img_004889.jpg,1782717553.0006282,30,0.011441514385811149,0,0,0,1
img_004890.jpg,1782717553.0773022,30,0.0,0,0,0,1
img_004891.jpg,1782717553.1630318,30,0.0,0,0,0,1
img_004892.jpg,1782717553.2519917,30,0.0,0,0,0,1
img_004893.jpg,1782717553.3367417,30,0.0,0,0,0,1
img_004894.jpg,1782717553.4168205,30,0.0,0,0,0,1
img_004895.jpg,1782717553.4833622,30,0.0,0,0,0,1
img_004896.jpg,1782717553.580109,30,0.0,0,0,0,1
img_004897.jpg,1782717553.6585374,30,0.0,0,0,0,1
img_004898.jpg,1782717553.7397048,30,0.0,0,0,0,1
img_004899.jpg,1782717553.8226283,30,0.0,0,1,0,0
img_004900.jpg,1782717553.923878,30,0.0,0,1,0,0
img_004901.jpg,1782717554.0122929,30,0.0,0,1,0,0
img_004902.jpg,1782717554.0865695,30,0.0,0,1,0,0
img_004903.jpg,1782717554.1788886,30,0.0,0,1,0,0
img_004904.jpg,1782717554.2351475,30,0.0,0,1,0,0
img_004905.jpg,1782717554.3250453,30,0.0,0,1,0,0
img_004906.jpg,1782717554.4082208,30,0.0,0,1,0,0
img_004907.jpg,1782717554.5012615,30,0.0,0,1,0,0
img_004908.jpg,1782717554.585974,30,0.0,0,1,0,0
img_004909.jpg,1782717554.6756787,30,0.06,0,1,0,0
img_004910.jpg,1782717554.7591412,30,0.03954489139200001,0,1,0,0
img_004911.jpg,1782717554.8468368,30,0.026063307253417937,0,1,0,0
img_004912.jpg,1782717554.9064195,30,0.017177844244212304,0,1,0,0
img_004913.jpg,1782717554.9838712,30,0.011321599749767802,0,1,0,0
img_004914.jpg,1782717555.0616477,30,0.0,0,1,0,0
img_004915.jpg,1782717555.1593807,30,0.0,0,1,0,0
img_004916.jpg,1782717555.2387526,30,0.0,0,1,0,0
img_004917.jpg,1782717555.323827,30,0.0,0,1,0,0
img_004918.jpg,1782717555.4086916,30,0.0,0,1,0,0
img_004919.jpg,1782717555.4892282,30,0.0,0,1,0,0
img_004920.jpg,1782717555.5742946,30,0.0,0,1,0,0
img_004921.jpg,1782717555.6659596,30,0.0,0,1,0,0
img_004922.jpg,1782717555.7561674,30,0.0,0,1,0,0
img_004923.jpg,1782717555.835053,30,0.0,0,1,0,0
img_004924.jpg,1782717555.907585,30,0.0,0,1,0,0
img_004925.jpg,1782717555.9665418,30,0.0,0,1,0,0
img_004926.jpg,1782717556.0784812,30,0.0,0,1,0,0
img_004927.jpg,1782717556.1605906,30,0.0,0,1,0,0
img_004928.jpg,1782717556.2226539,30,0.0,0,1,0,0
img_004929.jpg,1782717556.328328,30,0.0,0,1,0,0
img_004930.jpg,1782717556.4390056,30,0.0,0,1,0,0
img_004931.jpg,1782717556.4933686,30,0.0,0,1,0,0
img_004932.jpg,1782717556.5720603,30,0.0,0,1,0,0
img_004933.jpg,1782717556.6680562,30,0.0,0,1,0,0
img_004934.jpg,1782717556.7420564,30,0.0,0,1,0,0
img_004935.jpg,1782717556.8153439,30,0.0,0,1,0,0
img_004936.jpg,1782717556.8799703,30,0.0,0,1,0,0
img_004937.jpg,1782717556.9754503,30,0.0,0,1,0,0
img_004938.jpg,1782717557.055235,30,0.0,0,1,0,0
img_004939.jpg,1782717557.1367528,30,0.0,0,1,0,0
img_004940.jpg,1782717557.1933353,30,0.0,0,1,0,0
img_004941.jpg,1782717557.2898688,30,0.0,0,1,0,0
img_004942.jpg,1782717557.3663027,30,0.0,0,1,0,0
img_004943.jpg,1782717557.4561977,30,0.0,0,1,0,0
img_004944.jpg,1782717557.568426,30,0.0,0,1,0,0
img_004945.jpg,1782717557.6365778,30,0.0,0,1,0,0
img_004946.jpg,1782717557.7121763,30,0.0,0,1,0,0
img_004947.jpg,1782717557.7907825,30,0.0,0,1,0,0
img_004948.jpg,1782717557.888139,30,0.0,0,1,0,0
img_004949.jpg,1782717557.9750595,30,0.0,0,1,0,0
img_004950.jpg,1782717558.0559542,30,0.0,0,1,0,0
img_004951.jpg,1782717558.139933,30,0.0,0,1,0,0
img_004952.jpg,1782717558.2322807,30,0.0,0,1,0,0
img_004953.jpg,1782717558.316971,30,0.0,0,1,0,0
img_004954.jpg,1782717558.3982162,30,0.0,0,1,0,0
img_004955.jpg,1782717558.4898632,30,0.0,0,1,0,0
img_004956.jpg,1782717558.5702415,30,0.0,0,1,0,0
img_004957.jpg,1782717558.6320357,30,0.0,0,1,0,0
img_004958.jpg,1782717558.7150986,30,0.0,0,1,0,0
img_004959.jpg,1782717558.8272858,30,0.0,0,1,0,0
img_004960.jpg,1782717558.8834271,30,0.0,0,1,0,0
img_004961.jpg,1782717558.9609647,30,0.0,0,1,0,0
img_004962.jpg,1782717559.033379,30,0.0,0,1,0,0
img_004963.jpg,1782717559.1230574,30,0.0,0,1,0,0
img_004964.jpg,1782717559.2084475,30,0.0,0,1,0,0
img_004965.jpg,1782717559.2912927,30,0.0,0,1,0,0
img_004966.jpg,1782717559.3837366,30,0.0,0,1,0,0
img_004967.jpg,1782717559.4979913,30,0.0,0,1,0,0
img_004968.jpg,1782717559.580783,30,0.0,0,1,0,0
img_004969.jpg,1782717559.6462011,30,0.0,0,0,0,1
img_004970.jpg,1782717559.758973,30,0.0,0,0,0,1
img_004971.jpg,1782717559.8383608,30,0.0,0,0,0,1
img_004972.jpg,1782717559.8972027,30,0.0,0,0,0,1
img_004973.jpg,1782717559.9808154,30,0.02,0,0,0,1
img_004974.jpg,1782717560.07243,30,0.12000000000000001,0,0,0,1
img_004975.jpg,1782717560.1510026,30,0.10029501440000003,0,0,0,1
img_004976.jpg,1782717560.230275,30,0.06610259086011797,0,0,0,1
img_004977.jpg,1782717560.3132167,30,0.16610259086011794,0,0,0,1
img_004978.jpg,1782717560.4077525,30,0.10947514859155297,0,0,0,1
img_004979.jpg,1782717560.4842818,30,0.15265976576789042,0,0,0,1
img_004980.jpg,1782717560.5660782,30,0.15002184768626706,0,0,0,1
img_004981.jpg,1782717560.6621215,30,0.12747459552863405,0,0,0,1
img_004982.jpg,1782717560.7666688,30,0.130410457843001,0,0,0,1
img_004983.jpg,1782717560.8280962,30,0.08595112319637452,0,0,0,1
img_004984.jpg,1782717560.9121628,30,0.056648797197017375,0,0,0,1
img_004985.jpg,1782717560.9971433,30,0.03733617554405811,0,0,0,1
img_004986.jpg,1782717561.0771084,30,0.11434928150053347,0,0,0,1
img_004987.jpg,1782717561.1610816,30,0.1475692318620515,0,0,0,1
img_004988.jpg,1782717561.2478874,30,0.0972601541130949,0,0,0,1
img_004989.jpg,1782717561.3322198,30,0.06410237051952535,0,0,0,1
img_004990.jpg,1782717561.4128766,30,0.06592248695949951,0,0,0,1
img_004991.jpg,1782717561.4901397,30,0.10658079296252039,0,0,0,1
img_004992.jpg,1782717561.5728612,30,0.07024543136960179,0,0,0,1
img_004993.jpg,1782717561.6683025,30,0.04629746590491823,0,0,0,1
img_004994.jpg,1782717561.775467,30,0.030513804348913577,0,0,0,1
img_004995.jpg,1782717561.8368855,30,0.02011108464890875,0,0,0,1
img_004996.jpg,1782717561.912978,30,0.013254844303606917,0,0,0,1
img_004997.jpg,1782717561.9956732,30,0.0,0,0,0,1
img_004998.jpg,1782717562.084384,30,0.1,0,0,0,1
img_004999.jpg,1782717562.1736124,30,0.06590815232000002,0,0,0,1
img_005000.jpg,1782717562.2611623,30,0.043438845422363245,0,0,0,1
img_005001.jpg,1782717562.3436146,30,0.028629740407020522,0,0,0,1
img_005002.jpg,1782717562.4301054,30,0.018869332916279676,0,0,0,1
img_005003.jpg,1782717562.5219512,30,0.01243642868022951,0,0,0,1
img_005004.jpg,1782717562.5981615,30,0.09144151438581116,0,0,0,1
img_005005.jpg,1782717562.6769795,30,0.06026741258511514,0,0,0,1
img_005006.jpg,1782717562.7385964,30,0.08692951097107815,0,0,0,1
img_005007.jpg,1782717562.8481057,30,0.12436113808592056,0,0,0,1
img_005008.jpg,1782717562.905169,30,0.08196412831655406,0,0,0,1
img_005009.jpg,1782717562.9966185,30,0.15540699805122973,0,0,0,1
img_005010.jpg,1782717563.0767066,30,0.1256603385386347,0,0,0,1
img_005011.jpg,1782717563.1721022,30,0.11002218188029461,0,0,0,1
img_005012.jpg,1782717563.2482834,30,0.174820407329871,0,0,0,1
img_005013.jpg,1782717563.3317807,30,0.11522090034941584,0,0,0,1
img_005014.jpg,1782717563.4106314,30,0.18600322832146254,0,0,0,1
img_005015.jpg,1782717563.5031183,30,0.14757926250676842,0,0,0,1
img_005016.jpg,1782717563.5873768,30,0.0972667651256936,0,0,0,1
img_005017.jpg,1782717563.6542876,30,0.1331105900023871,0,0,0,1
img_005018.jpg,1782717563.745186,30,0.08773073041282399,0,0,0,1
img_005019.jpg,1782717563.8515189,30,0.1083148670037011,0,0,0,1
img_005020.jpg,1782717563.9371657,30,0.07138832753000476,0,0,0,1
img_005021.jpg,1782717564.021253,30,0.12042308042139604,0,0,0,1
img_005022.jpg,1782717564.111676,30,0.12491952764717604,0,0,0,1
img_005023.jpg,1782717564.1880426,30,0.08233215255912531,0,0,0,1
img_005024.jpg,1782717564.2481122,30,0.054263600517003095,0,0,0,1
img_005025.jpg,1782717564.3319075,30,0.03576413648306272,0,0,0,1
img_005026.jpg,1782717564.4290216,30,0.0456211755969453,0,0,0,1
img_005027.jpg,1782717564.5043685,30,0.11557148154918968,0,0,0,1
img_005028.jpg,1782717564.5889895,30,0.07617102809792065,0,0,0,1
img_005029.jpg,1782717564.6789055,30,0.050202917222487556,0,0,0,1
img_005030.jpg,1782717564.760854,30,0.03308781515208062,0,0,0,1
img_005031.jpg,1782717564.8423827,30,0.02180756760979334,0,0,0,1
img_005032.jpg,1782717564.9301887,30,0.07845792522492909,0,0,0,1
img_005033.jpg,1782717565.017235,30,0.11719078791037998,0,0,0,1
img_005034.jpg,1782717565.0979836,30,0.0772382830009814,0,0,0,1
img_005035.jpg,1782717565.179955,30,0.12537448273203067,0,0,0,1
img_005036.jpg,1782717565.2628825,30,0.08263200504943889,0,0,0,1
img_005037.jpg,1782717565.3625462,30,0.07919698668810249,0,0,0,1
img_005038.jpg,1782717565.4420123,30,0.09281726317018517,0,0,0,1
img_005039.jpg,1782717565.5218477,30,0.061174143189460906,0,0,0,1
img_005040.jpg,1782717565.5912678,30,0.1611741431894609,0,0,0,1
img_005041.jpg,1782717565.7052405,30,0.12979188071496173,0,0,0,1
img_005042.jpg,1782717565.7910066,30,0.16985584783714358,0,0,0,1
img_005043.jpg,1782717565.8728662,30,0.11194885091693203,0,0,0,1
img_005044.jpg,1782717565.9603,30,0.0737834191828213,0,0,0,1
img_005045.jpg,1782717566.0226219,30,0.048629288301917976,0,0,0,1
img_005046.jpg,1782717566.1032856,30,0.03205066540616005,0,0,0,1
img_005047.jpg,1782717566.1978052,30,0.021124001375465516,0,0,0,1
img_005048.jpg,1782717566.2790637,30,0.01392243900262071,0,0,0,1
img_005049.jpg,1782717566.3621964,30,0.04198875618207272,0,0,0,1
img_005050.jpg,1782717566.4466012,30,0.027674013381753907,0,0,0,1
img_005051.jpg,1782717566.5386922,30,0.01823943089270355,0,0,0,1
img_005052.jpg,1782717566.618024,30,0.012021271895064196,0,0,0,1
img_005053.jpg,1782717566.7007143,30,0.0,0,0,0,1
img_005054.jpg,1782717566.7883275,30,0.02,0,0,0,1
img_005055.jpg,1782717566.876211,30,0.028655718400000006,0,0,0,1
img_005056.jpg,1782717566.9567919,30,0.018886454531462274,0,0,0,1
img_005057.jpg,1782717567.043303,30,0.012447713220443699,0,0,0,1
img_005058.jpg,1782717567.1259325,30,0.04084040491220087,0,0,0,1
img_005059.jpg,1782717567.211616,30,0.02691715627763811,0,0,0,1
img_005060.jpg,1782717567.2979925,30,0.0827826810733929,0,0,0,1
img_005061.jpg,1782717567.3830845,30,0.05456053553643162,0,0,0,1
img_005062.jpg,1782717567.4762435,30,0.08248563429579288,0,0,0,1
img_005063.jpg,1782717567.556494,30,0.07341998691064058,0,0,0,1
img_005064.jpg,1782717567.6402285,30,0.048389756806389066,0,0,0,1
img_005065.jpg,1782717567.7421937,30,0.03189279462323248,0,0,0,1
img_005066.jpg,1782717567.8201635,30,0.021019951659384837,0,0,0,1
img_005067.jpg,1782717567.9019012,30,0.013853861757257727,0,0,0,1
img_005068.jpg,1782717567.9851353,30,0.0,0,0,0,1
img_005069.jpg,1782717568.1029363,30,0.0,0,0,0,1
img_005070.jpg,1782717568.186264,30,0.0,0,0,0,1
img_005071.jpg,1782717568.2659357,30,0.0,0,0,0,1
img_005072.jpg,1782717568.3498578,30,0.0,0,0,0,1
img_005073.jpg,1782717568.4466038,30,0.0,0,0,0,1
img_005074.jpg,1782717568.5262432,30,0.0,0,0,0,1
img_005075.jpg,1782717568.6099224,30,0.0,0,0,0,1
img_005076.jpg,1782717568.7090127,30,0.0,0,0,0,1
img_005077.jpg,1782717568.7865062,30,0.0,0,0,0,1
img_005078.jpg,1782717568.872936,30,0.0,0,0,0,1
img_005079.jpg,1782717568.9558616,30,0.0,0,0,0,1
img_005080.jpg,1782717569.0762398,30,0.0,0,0,0,1
img_005081.jpg,1782717569.1629856,30,0.0,0,0,0,1
img_005082.jpg,1782717569.245211,30,0.0,0,0,0,1
img_005083.jpg,1782717569.3408659,30,0.0,0,0,0,1
img_005084.jpg,1782717569.4521832,30,0.0,0,0,0,1
img_005085.jpg,1782717569.5341814,30,0.0,0,0,0,1
img_005086.jpg,1782717569.6269433,30,0.0,0,0,0,1
img_005087.jpg,1782717569.7152257,30,0.0,0,0,0,1
img_005088.jpg,1782717569.823532,30,0.0,0,0,0,1
img_005089.jpg,1782717569.9059865,30,0.0,0,0,0,1
img_005090.jpg,1782717569.9961145,30,0.0,0,0,0,1
img_005091.jpg,1782717570.1075642,30,0.0,0,0,0,1
img_005092.jpg,1782717570.196644,30,0.0,0,0,0,1
img_005093.jpg,1782717570.3159976,30,0.0,0,0,0,1
img_005094.jpg,1782717570.4314885,30,0.0,0,0,0,1
img_005095.jpg,1782717570.516562,30,0.0,0,0,0,1
img_005096.jpg,1782717570.6408553,30,0.0,0,0,0,1
img_005097.jpg,1782717570.725905,30,0.0,0,0,0,1
img_005098.jpg,1782717570.8378294,30,0.0,0,0,0,1
img_005099.jpg,1782717570.9352424,30,0.0,0,0,0,1
img_005100.jpg,1782717571.0477982,30,0.0,0,0,0,1
img_005101.jpg,1782717571.1366515,30,0.0,0,0,0,1
img_005102.jpg,1782717571.2600935,30,0.0,0,0,0,1
img_005103.jpg,1782717571.3463945,30,0.0,0,0,0,1
img_005104.jpg,1782717571.4595354,30,0.0,0,0,0,1
img_005105.jpg,1782717571.5464594,30,0.0,0,0,0,1
img_005106.jpg,1782717571.6665862,30,0.0,0,0,0,1
img_005107.jpg,1782717571.7552378,30,0.0,0,0,0,1
img_005108.jpg,1782717571.8670366,30,0.0,0,0,0,1
img_005109.jpg,1782717571.9693055,30,0.0,0,0,0,1
img_005110.jpg,1782717572.0861924,30,0.0,0,0,0,1
img_005111.jpg,1782717572.1751213,30,0.0,0,0,0,1
img_005112.jpg,1782717572.2961478,30,0.0,0,0,0,1
img_005113.jpg,1782717572.425015,30,0.0,0,0,0,1
img_005114.jpg,1782717572.5552368,30,0.0,0,0,0,1
img_005115.jpg,1782717572.6461103,30,0.0,0,0,0,1
img_005116.jpg,1782717572.756609,30,0.0,0,0,0,1
img_005117.jpg,1782717572.866727,30,0.0,0,0,0,1
img_005118.jpg,1782717572.984116,30,0.0,0,0,0,1
img_005119.jpg,1782717573.0734308,30,0.0,0,0,0,1
img_005120.jpg,1782717573.196188,30,0.0,0,0,0,1
img_005121.jpg,1782717573.3171356,30,0.0,0,0,0,1
img_005122.jpg,1782717573.436056,30,0.0,0,0,0,1
img_005123.jpg,1782802241.6219902,20,0.0,0,0,0,1
img_005124.jpg,1782802241.7271802,20,-0.08,0,0,0,1
img_005125.jpg,1782802241.806878,20,-0.09344256000000002,0,0,0,1
img_005126.jpg,1782802241.904501,20,-0.0615862647765074,0,0,0,1
img_005127.jpg,1782802242.0151207,20,-0.04059036919709902,0,0,0,1
img_005128.jpg,1782802242.1276367,20,-0.06546323340935065,0,0,0,1
img_005129.jpg,1782802242.2291963,20,-0.043145607589031965,0,0,0,1
img_005130.jpg,1782802242.3126135,20,-0.028436472769168677,0,0,0,1
img_005131.jpg,1782802242.395157,20,-0.01874195378713902,0,0,0,1
img_005132.jpg,1782802242.515033,20,-0.012352475449771595,0,0,0,1
img_005133.jpg,1782802242.622622,20,0.0,0,0,0,1
img_005134.jpg,1782802242.7053952,20,0.08,0,0,0,1
img_005135.jpg,1782802242.8251824,20,0.09344256000000002,0,0,0,1
img_005136.jpg,1782802242.9102657,20,0.0615862647765074,0,0,0,1
img_005137.jpg,1782802243.0174694,20,0.04059036919709902,0,0,0,1
img_005138.jpg,1782802243.1156638,20,0.026752362357674385,0,0,0,1
img_005139.jpg,1782802243.224982,20,-0.019168256460427247,0,0,0,1
img_005140.jpg,1782802243.307501,20,-0.046073611286657185,0,0,0,1
img_005141.jpg,1782802243.425065,20,-0.030366265906134733,0,0,0,1
img_005142.jpg,1782802243.5051982,20,-0.020013844787311514,0,0,0,1
img_005143.jpg,1782802243.5975103,20,-0.07693971822798047,0,0,0,1
img_005144.jpg,1782802243.7053144,20,-0.0694469316829089,0,0,0,1
img_005145.jpg,1782802243.8026125,20,-0.04577118951513795,0,0,0,1
img_005146.jpg,1782802243.9152172,20,-0.030166945304312996,0,0,0,1
img_005147.jpg,1782802244.0050445,20,-0.0198824762614577,0,0,0,1
img_005148.jpg,1782802244.1277928,20,-0.013104172739389386,0,0,0,1
img_005149.jpg,1782802244.2185316,20,0.0,0,0,0,1
img_005150.jpg,1782802244.3351996,20,0.0,0,0,0,1
img_005151.jpg,1782802244.4651654,20,-0.031147520000000005,0,0,0,1
img_005152.jpg,1782802244.555114,20,-0.04231386404945921,0,0,0,1
img_005153.jpg,1782802244.6652231,20,-0.04464121351542968,0,0,0,1
img_005154.jpg,1782802244.7693546,20,-0.05198065108831068,0,0,0,1
img_005155.jpg,1782802244.8853745,20,-0.051566431695882126,0,0,0,1
img_005156.jpg,1782802244.9752345,20,-0.03398648234811076,0,0,0,1
img_005157.jpg,1782802245.18783,20,-0.04434767668935083,0,0,0,1
img_005158.jpg,1782802245.275015,20,-0.06568052366587723,0,0,0,1
img_005159.jpg,1782802245.4050806,22,-0.04328881958228002,0,0,0,1
img_005160.jpg,1782802245.525307,28,-0.028530861147819105,0,0,0,1
img_005161.jpg,1782802245.6165779,30,-0.01880416342351232,0,0,0,1
img_005162.jpg,1782802245.74302,30,-0.01239347667167023,0,0,0,1
img_005163.jpg,1782802245.8554492,30,0.0,0,0,0,1
img_005164.jpg,1782802245.9852738,30,0.0,0,0,0,1
img_005165.jpg,1782802246.0854204,30,-0.0368,0,0,0,1
img_005166.jpg,1782802246.205396,30,-0.024254200053760007,0,0,0,1
img_005167.jpg,1782802246.3352022,30,-0.07131275492550249,0,0,0,1
img_005168.jpg,1782802246.425401,30,-0.047000919139888485,0,0,0,1
img_005169.jpg,1782802246.5459769,30,-0.030977437378517738,0,0,0,1
img_005170.jpg,1782802246.677282,30,-0.07700330299717742,0,0,0,1
img_005171.jpg,1782802246.8053493,30,-0.05075145423081084,0,0,0,1
img_005172.jpg,1782802246.945625,30,-0.07951954839208164,0,0,0,1
img_005173.jpg,1782802247.0755916,30,-0.07129510385046663,0,0,0,1
img_005174.jpg,1782802247.2455127,30,-0.04698928564246774,0,0,0,1
img_005175.jpg,1782802247.4351645,30,-0.07044599285836194,0,0,0,1
img_005176.jpg,1782802247.6368952,30,-0.046429652276425516,0,0,0,1
img_005177.jpg,1782802247.8354554,30,-0.05166187602607922,0,0,0,1
img_005178.jpg,1782802248.0433714,30,-0.03404938794263786,0,0,0,1
img_005179.jpg,1782802248.2556248,30,-0.022441322469261477,0,0,0,1
img_005180.jpg,1782802248.457327,30,-0.014790660995663245,0,0,0,1
img_005181.jpg,1782802248.6652186,30,0.0,0,0,0,1
img_005182.jpg,1782802248.8884225,30,-0.031147520000000005,0,0,0,1
img_005183.jpg,1782802249.090245,30,-0.05540172005376001,0,0,0,1
img_005184.jpg,1782802249.3151972,30,-0.07428817458522229,0,0,0,1
img_005185.jpg,1782802249.5387452,30,-0.048961963261375835,0,0,0,1
img_005186.jpg,1782802249.7455173,30,-0.07198209324807424,0,0,0,1
img_005187.jpg,1782802249.9654086,30,-0.06996746484898393,0,0,0,1
img_005188.jpg,1782802250.1856384,30,-0.07012419924685956,0,0,0,1
img_005189.jpg,1782802250.3853517,30,-0.0462175640528005,0,0,0,1
img_005190.jpg,1782802250.599149,30,-0.030461142514513324,0,0,0,1
img_005191.jpg,1782802250.8305256,30,-0.054867246142341355,0,0,0,1
img_005192.jpg,1782802251.0286965,30,-0.05488026887096051,0,0,0,1
img_005193.jpg,1782802251.2355654,30,-0.05488959826206325,0,0,0,1
img_005194.jpg,1782802251.4455404,30,-0.05625052177217037,0,0,0,1
img_005195.jpg,1782802251.646554,30,-0.05722547779390959,0,0,0,1
img_005196.jpg,1782802251.8532677,30,-0.03771625507025772,0,0,0,1
img_005197.jpg,1782802252.0560062,30,-0.04541965960989695,0,0,0,1
img_005198.jpg,1782802252.2553906,30,-0.052538324390126526,0,0,0,1
img_005199.jpg,1782802252.457226,30,-0.05763808572328294,0,0,0,1
img_005200.jpg,1782802252.6491082,30,-0.05561937804003643,0,0,0,1
img_005201.jpg,1782802252.8455453,30,-0.036657704398063845,0,0,0,1
img_005202.jpg,1782802253.0495107,30,-0.04183508136053398,0,0,0,1
img_005203.jpg,1782802253.2394085,30,-0.045544117767713777,0,0,0,1
img_005204.jpg,1782802253.4288948,30,-0.048201245338201075,0,0,0,1
img_005205.jpg,1782802253.5564685,30,-0.1007975340542534,0,0,0,1
img_005206.jpg,1782802253.695567,30,-0.06643379227928123,0,0,0,1
img_005207.jpg,1782802253.8227253,30,-0.10701356178518363,0,0,0,1
img_005208.jpg,1782802253.9567704,30,-0.12333017639938108,0,0,0,1
img_005209.jpg,1782802254.0852978,30,-0.10268072932807477,0,0,0,1
img_005210.jpg,1782802254.1854382,30,-0.1199562517590199,0,0,0,1
img_005211.jpg,1782802254.31824,30,-0.07906094912669753,0,0,0,1
img_005212.jpg,1782802254.4156094,30,-0.05210761077606154,0,0,0,1
img_005213.jpg,1782802254.5452878,30,-0.03434316348059938,0,0,0,1
img_005214.jpg,1782802254.6507342,30,-0.02263494449830006,0,0,0,1
img_005215.jpg,1782802254.766932,30,-0.01491827369748707,0,0,0,1
img_005216.jpg,1782802254.8853848,30,0.0,0,0,0,1
img_005217.jpg,1782802255.005635,30,0.0,0,0,0,1
img_005218.jpg,1782802255.0965335,30,-0.0368,0,0,0,1
img_005219.jpg,1782802255.235437,30,-0.024254200053760007,0,0,0,1
img_005220.jpg,1782802255.3355656,30,-0.07572875492550248,0,0,0,1
img_005221.jpg,1782802255.4656556,30,-0.04991142314633969,0,0,0,1
img_005222.jpg,1782802255.5753725,30,-0.07001294626697697,0,0,0,1
img_005223.jpg,1782802255.6975026,30,-0.09451824110273978,0,0,0,1
img_005224.jpg,1782802255.78982,30,-0.08204006171758542,0,0,0,1
img_005225.jpg,1782802255.9211612,30,-0.054071088840248215,0,0,0,1
img_005226.jpg,1782802256.0156527,30,-0.07325202802683523,0,0,0,1
img_005227.jpg,1782802256.1456044,30,-0.07247723718414745,0,0,0,1
img_005228.jpg,1782802256.2384946,30,-0.08758467486844942,0,0,0,1
img_005229.jpg,1782802256.3356721,30,-0.057725440921274414,0,0,0,1
img_005230.jpg,1782802256.427062,30,-0.038045771529785166,0,0,0,1
img_005231.jpg,1782802256.5254893,30,-0.025075265051170005,0,0,0,1
img_005232.jpg,1782802256.6172955,30,-0.0764237043393103,0,0,0,1
img_005233.jpg,1782802256.7053368,30,-0.0503694514645391,0,0,0,1
img_005234.jpg,1782802256.8107038,30,-0.03319757479399691,0,0,0,1
img_005235.jpg,1782802256.8973117,30,-0.11054176881047717,0,0,0,1
img_005236.jpg,1782802256.987234,30,-0.17529842730563897,0,0,0,1
img_005237.jpg,1782802257.0953372,30,-0.11553595448316503,0,0,0,1
img_005238.jpg,1782802257.1854541,30,-0.1577896318745509,0,0,0,1
img_005239.jpg,1782802257.277284,30,-0.10399623092104629,0,0,0,1
img_005240.jpg,1782802257.352833,30,-0.06854199428250213,0,0,0,1
img_005241.jpg,1782802257.455395,30,-0.04517476199487721,0,0,0,1
img_005242.jpg,1782802257.545659,30,-0.12156078103528704,0,0,0,1
img_005243.jpg,1782802257.6355078,30,-0.10141314694578117,0,0,0,1
img_005244.jpg,1782802257.7354984,30,-0.0668395313615309,0,0,0,1
img_005245.jpg,1782802257.8056185,30,-0.04405270013973196,0,0,0,1
img_005246.jpg,1782802257.895676,30,-0.07110330896640761,0,0,0,1
img_005247.jpg,1782802257.9885554,30,-0.04686287717814016,0,0,0,1
img_005248.jpg,1782802258.0853813,30,-0.030886456472103137,0,0,0,1
img_005249.jpg,1782802258.1637464,30,-0.020356692777884242,0,0,0,1
img_005250.jpg,1782802258.2457097,30,-0.013416720083362392,0,0,0,1
img_005251.jpg,1782802258.3654523,30,-0.062139911878557934,0,0,0,1
img_005252.jpg,1782802258.4655478,30,-0.04095526777243374,0,0,0,1
img_005253.jpg,1782802258.5556636,30,-0.026992860266519512,0,0,0,1
img_005254.jpg,1782802258.655826,30,-0.05216653637521556,0,0,0,1
img_005255.jpg,1782802258.745694,30,-0.03438200025424529,0,0,0,1
img_005256.jpg,1782802258.8153398,30,-0.022660541098230777,0,0,0,1
img_005257.jpg,1782802258.9254317,30,-0.03056171131256321,0,0,0,1
img_005258.jpg,1782802259.0105128,30,-0.04189419482987265,0,0,0,1
img_005259.jpg,1782802259.0955296,30,-0.06377002678368389,0,0,0,1
img_005260.jpg,1782802259.1757472,30,-0.06568439824684259,0,0,0,1
img_005261.jpg,1782802259.2757444,30,-0.1063792746761276,0,0,0,1
img_005262.jpg,1782802259.3646894,30,-0.07011261439045337,0,0,0,1
img_005263.jpg,1782802259.4533045,30,-0.17011261439045336,0,0,0,1
img_005264.jpg,1782802259.55575,30,-0.1361953385565155,0,0,0,1
img_005265.jpg,1782802259.6295114,30,-0.08976383118856793,0,0,0,1
img_005266.jpg,1782802259.7245362,30,-0.05916168258802903,0,0,0,1
img_005267.jpg,1782802259.815549,30,-0.038992371875193096,0,0,0,1
img_005268.jpg,1782802259.915772,30,-0.025699151848683113,0,0,0,1
img_005269.jpg,1782802267.319829,30,0.0,0,0,0,1
img_005270.jpg,1782802267.397699,30,0.0,0,0,0,1
img_005271.jpg,1782802267.4787946,30,0.0,0,0,0,1
img_005272.jpg,1782802267.5598843,30,0.0,0,0,0,1
img_005273.jpg,1782802267.6505659,30,0.0,0,0,0,1
img_005274.jpg,1782802267.7321322,30,0.0,0,0,0,1
img_005275.jpg,1782802267.820331,30,0.0,0,0,0,1
img_005276.jpg,1782802267.883918,30,0.0,0,0,0,1
img_005277.jpg,1782802267.97713,30,0.0,0,0,0,1
img_005278.jpg,1782802268.0598528,30,0.0,0,0,0,1
img_005279.jpg,1782802268.1479256,30,0.0,0,0,0,1
img_005280.jpg,1782802268.2306345,30,0.0,0,0,0,1
img_005281.jpg,1782802268.3199892,30,0.0,0,0,0,1
img_005282.jpg,1782802268.4068975,30,0.0,0,0,0,1
img_005283.jpg,1782802268.4835935,30,0.0,0,0,0,1
img_005284.jpg,1782802268.567091,30,0.0,0,0,0,1
img_005285.jpg,1782802268.63939,30,0.0,0,0,0,1
img_005286.jpg,1782802268.7241545,30,0.0,0,0,0,1
img_005287.jpg,1782802268.804369,30,0.0,0,0,0,1
img_005288.jpg,1782802268.8975544,30,0.0,0,0,0,1
img_005289.jpg,1782802268.9826677,30,0.0,0,0,0,1
img_005290.jpg,1782802269.0660148,30,0.0,0,0,0,1
img_005291.jpg,1782802269.1415267,30,0.0,0,0,0,1
img_005292.jpg,1782802269.2310007,30,0.0,0,0,0,1
img_005293.jpg,1782802269.311717,30,0.0,0,0,0,1
img_005294.jpg,1782802269.393186,30,0.0,0,0,0,1
img_005295.jpg,1782802269.466777,30,0.0,0,0,0,1
img_005296.jpg,1782802269.5477664,30,-0.02,0,0,0,1
img_005297.jpg,1782802269.6258748,30,-0.09200000000000001,0,0,0,1
img_005298.jpg,1782802269.7180986,30,-0.06063550013440003,0,0,0,1
img_005299.jpg,1782802269.8106887,30,-0.039963737788574184,0,0,0,1
img_005300.jpg,1782802269.8940132,30,-0.02633936117445888,0,0,0,1
img_005301.jpg,1782802269.9565349,30,-0.017359786282977303,0,0,0,1
img_005302.jpg,1782802270.036949,30,-0.011441514385811149,0,0,0,1
img_005303.jpg,1782802270.131216,30,0.0,0,0,0,1
img_005304.jpg,1782802270.2144558,30,0.0,0,0,0,1
img_005305.jpg,1782802270.2991662,30,0.0,0,0,0,1
img_005306.jpg,1782802270.3759692,30,0.0,0,0,0,1
img_005307.jpg,1782802270.4639988,30,0.0,0,0,0,1
img_005308.jpg,1782802270.544181,30,0.0,0,0,0,1
img_005309.jpg,1782802270.6063342,30,0.0,0,0,0,1
img_005310.jpg,1782802270.7008374,30,0.0,0,0,0,1
img_005311.jpg,1782802270.7848427,30,0.0,0,0,0,1
img_005312.jpg,1782802270.8714035,30,0.0,0,0,0,1
img_005313.jpg,1782802270.9528003,30,0.0,0,0,0,1
img_005314.jpg,1782802271.046836,30,0.0,0,0,0,1
img_005315.jpg,1782802271.1243694,30,0.0,0,0,0,1
img_005316.jpg,1782802271.202827,30,0.0,0,0,0,1
img_005317.jpg,1782802271.2639518,30,0.0,0,0,0,1
img_005318.jpg,1782802271.3586216,30,0.0,0,0,0,1
img_005319.jpg,1782802271.4343462,30,0.0,0,0,0,1
img_005320.jpg,1782802271.5260482,30,0.06,0,0,0,1
img_005321.jpg,1782802271.6132324,30,0.05731143680000001,0,0,0,1
img_005322.jpg,1782802271.6957355,30,0.03777290906292455,0,0,0,1
img_005323.jpg,1782802271.768225,30,0.024895426440887398,0,0,0,1
img_005324.jpg,1782802271.8469994,30,0.016408115579373626,0,0,0,1
img_005325.jpg,1782802271.9311557,30,0.010814285808895223,0,0,0,1
img_005326.jpg,1782802272.0173788,30,0.0,0,0,0,1
img_005327.jpg,1782802272.0830543,30,-0.016928000000000002,0,0,0,1
img_005328.jpg,1782802272.1657016,30,-0.011156932024729603,0,0,0,1
img_005329.jpg,1782802272.2705932,30,0.0,0,0,0,1
img_005330.jpg,1782802272.3541837,30,0.0,0,0,0,1
img_005331.jpg,1782802272.4128993,30,0.0,0,0,0,1
img_005332.jpg,1782802272.490538,30,0.0,0,0,0,1
img_005333.jpg,1782802272.5790064,30,0.0,0,0,0,1
img_005334.jpg,1782802272.6566086,30,0.0,0,0,0,1
img_005335.jpg,1782802272.7321239,30,0.0,0,0,0,1
img_005336.jpg,1782802272.8186462,30,0.0,0,0,0,1
img_005337.jpg,1782802272.9257548,30,0.0,0,0,0,1
img_005338.jpg,1782802273.011568,30,0.0,0,0,0,1
img_005339.jpg,1782802273.0991642,30,0.02,0,0,0,1
img_005340.jpg,1782802273.1857867,30,0.046721280000000004,0,0,0,1
img_005341.jpg,1782802273.266639,30,0.0307931323882537,0,0,0,1
img_005342.jpg,1782802273.345824,30,0.02029518459854951,0,0,0,1
img_005343.jpg,1782802273.4084582,30,0.013376181178837192,0,0,0,1
img_005344.jpg,1782802273.4960365,30,0.0,0,0,0,1
img_005345.jpg,1782802273.5732677,30,0.0,0,0,0,1
img_005346.jpg,1782802273.6501482,30,0.0,0,0,0,1
img_005347.jpg,1782802273.7330892,30,0.0,0,0,0,1
img_005348.jpg,1782802273.8258946,30,0.0,0,0,0,1
img_005349.jpg,1782802273.9027328,30,0.0,0,0,0,1
img_005350.jpg,1782802273.9812572,30,0.0,0,0,0,1
img_005351.jpg,1782802274.0670393,30,0.0,0,0,0,1
img_005352.jpg,1782802274.1617148,30,0.0,0,0,0,1
img_005353.jpg,1782802274.2388089,30,0.04,0,0,0,1
img_005354.jpg,1782802274.3279638,30,0.026363260928000006,0,0,0,1
img_005355.jpg,1782802274.4118514,30,0.01737553816894529,0,0,0,1
img_005356.jpg,1782802274.503594,30,0.011451896162808204,0,0,0,1
img_005357.jpg,1782802274.5831368,30,0.0,0,0,0,1
img_005358.jpg,1782802274.6471453,30,0.0,0,0,0,1
img_005359.jpg,1782802274.7356114,30,0.0,0,0,0,1
img_005360.jpg,1782802274.8203042,30,0.0,0,0,0,1
img_005361.jpg,1782802274.899164,30,0.0,0,0,0,1
img_005362.jpg,1782802274.9845805,30,0.0,0,0,0,1
img_005363.jpg,1782802275.078281,30,0.0,0,0,0,1
img_005364.jpg,1782802275.1603386,30,0.0,0,0,0,1
img_005365.jpg,1782802275.245806,30,0.0,0,0,0,1
img_005366.jpg,1782802275.3286252,30,0.0,0,0,0,1
img_005367.jpg,1782802275.413852,30,0.0,0,0,0,1
img_005368.jpg,1782802275.4892194,30,0.0,0,0,0,1
img_005369.jpg,1782802275.5679789,30,0.0,0,0,0,1
img_005370.jpg,1782802275.6676652,30,0.0,0,0,0,1
img_005371.jpg,1782802275.749406,30,0.0,0,0,0,1
img_005372.jpg,1782802275.8233564,30,0.0,0,0,0,1
img_005373.jpg,1782802275.9037955,30,0.1,0,0,0,1
img_005374.jpg,1782802276.0013306,30,0.1656,0,0,0,1
img_005375.jpg,1782802276.088128,30,0.10914390024192003,0,0,0,1
img_005376.jpg,1782802279.8042405,30,0.07027802500023046,0,0,0,1
img_005377.jpg,1782802279.8807614,30,0.04631894776463959,0,0,0,1
img_005378.jpg,1782802279.96419,30,0.030527962645739894,0,0,0,1
img_005379.jpg,1782802280.0573828,30,0.020120416120746956,0,0,0,1
img_005380.jpg,1782802280.13908,30,0.12012041612074698,0,0,0,1
img_005381.jpg,1782802280.2116039,30,0.07916914682427977,0,0,0,1
img_005382.jpg,1782802280.312401,30,0.052178921879390765,0,0,0,1
img_005383.jpg,1782802280.3982713,30,0.09936423947871637,0,0,0,1
img_005384.jpg,1782802280.480044,30,0.06548913430724197,0,0,0,1
img_005385.jpg,1782802280.5519726,30,0.043162678392266424,0,0,0,1
img_005386.jpg,1782802280.647746,30,0.02844772382016669,0,0,0,1
img_005387.jpg,1782802280.72762,30,0.01874936914696839,0,0,0,1
img_005388.jpg,1782802280.806755,30,0.012357362776423013,0,0,0,1
img_005389.jpg,1782802280.8947775,30,0.07045927185396444,0,0,0,1
img_005390.jpg,1782802280.9724073,30,0.08601330948141989,0,0,0,1
img_005391.jpg,1782802281.0517745,30,0.05668978302848723,0,0,0,1
img_005392.jpg,1782802281.1330767,30,0.13215460038620824,0,0,0,1
img_005393.jpg,1782802281.2104816,30,0.08710065532042945,0,0,0,1
img_005394.jpg,1782802281.3024669,30,0.10782423509015458,0,0,0,1
img_005395.jpg,1782802281.3861482,30,0.09157238213597173,0,0,0,1
img_005396.jpg,1782802281.4668663,30,0.06035366510122874,0,0,0,1
img_005397.jpg,1782802281.5651698,30,0.039777985525620535,0,0,0,1
img_005398.jpg,1782802281.6327991,30,0.13977798552562054,0,0,0,1
img_005399.jpg,1782802281.7160976,30,0.11446382399353647,0,0,0,1
img_005400.jpg,1782802281.796797,30,0.07544099146895675,0,0,0,1
img_005401.jpg,1782802281.8960297,30,0.04972176356907823,0,0,0,1
img_005402.jpg,1782802281.9767401,30,0.032770695669298355,1,0,0,0
img_005403.jpg,1782802282.067027,30,0.021598560018044805,1,0,0,0
img_005404.jpg,1782802282.161948,30,0.01423521183561959,1,0,0,0
img_005405.jpg,1782802282.2360883,30,0.0,1,0,0,0
img_005406.jpg,1782802282.3205152,30,0.0,1,0,0,0
img_005407.jpg,1782802282.383361,30,0.0,1,0,0,0
img_005408.jpg,1782802282.4749694,30,-0.02,1,0,0,0
img_005409.jpg,1782802282.5582852,30,-0.12000000000000001,1,0,0,0
img_005410.jpg,1782802282.6375213,30,-0.07908978278400002,1,0,0,0
img_005411.jpg,1782802282.7079897,30,-0.10158626477650741,1,0,0,0
img_005412.jpg,1782802282.8027327,30,-0.110251525346289,1,0,0,0
img_005413.jpg,1782802282.8818536,30,-0.07266474326035557,1,0,0,0
img_005414.jpg,1782802282.9611182,30,-0.12150343869556497,1,0,0,0
img_005415.jpg,1782802283.034369,30,-0.08008067144951081,1,0,0,0
img_005416.jpg,1782802283.1308496,30,-0.05277969091782234,1,0,0,0
img_005417.jpg,1782802283.2199295,30,-0.034786119084143564,1,0,0,0
img_005418.jpg,1782802283.29952,30,-0.1056032295574121,1,0,0,0
img_005419.jpg,1782802283.3782647,30,-0.06960113739153843,1,0,0,0
img_005420.jpg,1782802283.4667346,30,-0.045872823648467634,1,0,0,0
img_005421.jpg,1782802283.530977,30,-0.08961075793606302,1,0,0,0
img_005422.jpg,1782802283.6183393,30,-0.059060794835606924,1,0,0,0
img_005423.jpg,1782802283.7099392,30,-0.06231073763223316,1,0,0,0
img_005424.jpg,1782802283.7905498,30,-0.05896683297213892,1,0,0,0
img_005425.jpg,1782802283.8652174,30,-0.03886395009355731,1,0,0,0
img_005426.jpg,1782802283.924806,30,-0.047841860244815806,1,0,0,0
img_005427.jpg,1782802284.036128,30,-0.09127735051121211,1,0,0,0
img_005428.jpg,1782802284.1204875,30,-0.06015921520858998,1,0,0,0
img_005429.jpg,1782802284.1820972,30,-0.16015921520858997,1,0,0,0
img_005430.jpg,1782802284.269661,30,-0.2601592152085899,1,0,0,0
img_005431.jpg,1782802284.3636906,30,-0.3129464779919028,1,0,0,0
img_005432.jpg,1782802284.4389074,30,-0.2062572413949786,1,0,0,0
img_005433.jpg,1782802284.5219326,30,-0.13594033682963264,1,0,0,0
img_005434.jpg,1782802284.5819962,30,-0.23594033682963259,1,0,0,0
img_005435.jpg,1782802284.6999938,30,-0.1833538554847775,1,0,0,0
img_005436.jpg,1782802284.7834048,30,-0.151353411258152,1,0,0,0
img_005437.jpg,1782802284.847436,30,-0.14900460510578786,1,0,0,0
img_005438.jpg,1782802284.9424129,30,-0.09820618209693718,1,0,0,0
img_005439.jpg,1782802285.0239754,30,-0.19820618209693716,1,0,0,0
img_005440.jpg,1782802285.1021316,30,-0.15632137268272384,1,0,0,0
img_005441.jpg,1782802285.1701436,30,-0.1319875308874397,1,0,0,0
img_005442.jpg,1782802285.263469,30,-0.1950285284164445,1,0,0,0
img_005443.jpg,1782802285.3441377,30,-0.12853969957616476,1,0,0,0
img_005444.jpg,1782802285.4240513,30,-0.16879600172126585,1,0,0,0
img_005445.jpg,1782802285.4860766,30,-0.16258694098832904,1,0,0,0
img_005446.jpg,1782802285.579102,30,-0.10715804871901645,1,0,0,0
img_005447.jpg,1782802285.6822064,30,-0.1234426866409135,1,0,0,0
img_005448.jpg,1782802285.7524955,30,-0.1027613308730365,1,0,0,0
img_005449.jpg,1782802285.8268955,30,-0.0677280944778601,1,0,0,0
img_005450.jpg,1782802285.9229271,30,-0.044638335671901556,1,0,0,0
img_005451.jpg,1782802286.000643,30,-0.029420302267749776,1,0,0,0
img_005452.jpg,1782802286.0845053,30,-0.08490134383942342,1,0,0,0
img_005453.jpg,1782802286.1508389,30,-0.09725917763163296,1,0,0,0
img_005454.jpg,1782802286.240272,30,-0.06410172693863603,1,0,0,0
img_005455.jpg,1782802286.3232985,30,-0.16410172693863603,1,0,0,0
img_005456.jpg,1782802286.399791,30,-0.10815641615046674,1,0,0,0
img_005457.jpg,1782802286.4622707,30,-0.0712838955003027,1,0,0,0
img_005458.jpg,1782802286.5570793,30,-0.04698189842596914,1,0,0,0
img_005459.jpg,1782802286.632832,30,-0.030964901177415436,1,0,0,0
img_005460.jpg,1782802286.7110157,30,-0.020408394233748448,1,0,0,0
img_005461.jpg,1782802286.8070295,30,-0.07727366487944469,1,0,0,0
img_005462.jpg,1782802286.8913574,30,-0.06968616871303344,1,0,0,0
img_005463.jpg,1782802286.9662464,30,-0.045928866221358285,1,0,0,0
img_005464.jpg,1782802287.0546834,30,-0.03027086710802185,1,0,0,0
img_005465.jpg,1782802287.1502852,30,-0.01995096920213982,1,0,0,0
img_005466.jpg,1782802287.2308593,30,-0.013149315171062603,1,0,0,0
img_005467.jpg,1782802287.3308153,30,0.0,1,0,0,0
img_005468.jpg,1782802287.392066,30,0.0,1,0,0,0
img_005469.jpg,1782802287.4968693,30,0.0,1,0,0,0
img_005470.jpg,1782802287.5565298,30,0.0,1,0,0,0
img_005471.jpg,1782802287.6360085,30,0.0,1,0,0,0
img_005472.jpg,1782802289.397641,30,0.0,1,0,0,0
img_005473.jpg,1782802289.4576483,30,0.0,1,0,0,0
img_005474.jpg,1782802289.534838,30,0.04,1,0,0,0
img_005475.jpg,1782802289.6196213,30,0.14,1,0,0,0
img_005476.jpg,1782802289.7232459,30,0.23999999999999996,1,0,0,0
img_005477.jpg,1782802289.8059912,30,0.158179565568,0,0,0,1
img_005478.jpg,1782802289.8885388,30,0.10425322901367172,0,0,0,1
img_005479.jpg,1782802289.9728355,30,0.20425322901367168,0,0,0,1
img_005480.jpg,1782802290.0498626,30,0.2236639330371717,0,0,0,1
img_005481.jpg,1782802290.1272435,30,0.14741276567104197,0,0,0,1
img_005482.jpg,1782802290.1910179,30,0.18477016486396994,0,0,0,1
img_005483.jpg,1782802290.283799,30,0.14669590452658746,0,0,0,1
img_005484.jpg,1782802290.363908,30,0.09668456020258505,0,0,0,1
img_005485.jpg,1782802290.4409232,30,0.13703381175546797,0,0,0,1
img_005486.jpg,1782802290.5282526,30,0.09031645338169592,0,0,0,1
img_005487.jpg,1782802290.6169002,30,0.13644384614226743,0,0,0,1
img_005488.jpg,1782802290.7013047,30,0.199128338450886,0,0,0,1
img_005489.jpg,1782802290.7841473,30,0.1312418086184951,0,0,0,1
img_005490.jpg,1782802290.8751106,30,0.17108306681469423,0,0,0,1
img_005491.jpg,1782802290.9505448,30,0.13689056384125659,0,0,0,1
img_005492.jpg,1782802291.0323415,30,0.09022204132820225,0,0,0,1
img_005493.jpg,1782802291.1145744,30,0.059463680424804904,0,0,0,1
img_005494.jpg,1782802291.2101142,30,0.039191413069458454,0,0,0,1
img_005495.jpg,1782802291.2937958,30,0.11605610002390179,0,0,0,1
img_005496.jpg,1782802291.3747575,30,0.09746963222217908,0,0,0,1
img_005497.jpg,1782802291.4609485,30,0.11589843297582421,0,0,0,1
img_005498.jpg,1782802291.5401838,30,0.21589843297582417,0,0,0,1
img_005499.jpg,1782802291.6218948,30,0.2722265583377583,0,0,0,1
img_005500.jpg,1782802291.706976,30,0.1794194947247434,0,0,0,1
img_005501.jpg,1782802291.7969875,30,0.2450659351467639,0,0,0,1
img_005502.jpg,1782802291.8820736,30,0.18989136987495825,0,0,0,1
img_005503.jpg,1782802291.9606848,30,0.1251538932997221,0,0,0,1
img_005504.jpg,1782802292.0599575,30,0.08248661863039113,0,0,0,1
img_005505.jpg,1782802292.139471,30,0.054365406250535694,0,0,0,1
img_005506.jpg,1782802292.225304,30,0.03583123476098987,0,0,0,1
img_005507.jpg,1782802292.309466,30,0.08552755710170185,0,0,0,1
img_005508.jpg,1782802292.4029424,30,0.056369632610164644,0,0,0,1
img_005509.jpg,1782802292.4771667,30,0.037152183322931714,0,0,0,1
img_005510.jpg,1782802292.5553262,30,0.02448631757468348,0,0,0,1
img_005511.jpg,1782802292.6386993,30,0.01613847948468132,0,0,0,1
img_005512.jpg,1782802292.7148979,30,0.07365960903583428,0,0,0,1
img_005513.jpg,1782802292.8010314,30,0.06709708454962408,0,0,0,1
img_005514.jpg,1782802292.8892722,30,0.04422244868724544,0,0,0,1
img_005515.jpg,1782802292.9823256,30,0.029146198840423573,0,0,0,1
img_005516.jpg,1782802293.0593808,30,0.019209721127236446,0,0,0,1
img_005517.jpg,1782802293.1361794,30,0.0549583793251255,0,0,0,1
img_005518.jpg,1782802293.2054346,30,0.07394295047992334,0,0,0,1
img_005519.jpg,1782802293.3013802,30,0.048734432432210054,0,0,0,1
img_005520.jpg,1782802293.3872676,30,0.0964488236106226,0,0,0,1
img_005521.jpg,1782802293.464383,30,0.06356763757613727,0,0,0,1
img_005522.jpg,1782802293.5461757,30,0.041896255399906115,0,0,0,1
img_005523.jpg,1782802293.6432092,30,0.09066099057048055,0,0,0,1
img_005524.jpg,1782802293.73126,30,0.05975298376001316,0,0,0,1
img_005525.jpg,1782802293.789218,30,0.039382087552294345,0,0,0,1
img_005526.jpg,1782802293.8742166,30,0.025956006250761915,0,0,0,1
img_005527.jpg,1782802293.974733,30,0.01710712413594089,0,0,0,1
img_005528.jpg,1782802294.0646212,30,0.03225542329683414,0,0,0,1
img_005529.jpg,1782802294.1474202,30,0.03743541737167197,0,0,0,1
img_005530.jpg,1782802294.231443,30,0.024672991902949304,0,0,0,1
img_005531.jpg,1782802294.325389,30,0.016261513085297098,0,0,0,1
img_005532.jpg,1782802294.382928,30,0.010717662813794345,0,0,0,1
img_005533.jpg,1782802294.4635756,30,0.0,0,0,0,1
img_005534.jpg,1782802294.5597575,30,0.08,0,0,0,1
img_005535.jpg,1782802294.6446118,30,0.07163929600000002,0,0,0,1
img_005536.jpg,1782802294.7263348,30,0.0472161363286557,0,0,0,1
img_005537.jpg,1782802294.8089695,30,0.03111928305110926,0,0,0,1
img_005538.jpg,1782802294.9046814,30,0.020510144474217038,0,0,0,1
img_005539.jpg,1782802294.986228,30,0.013517857261119032,0,0,0,1
img_005540.jpg,1782802295.0647125,30,0.0,0,0,0,1
img_005541.jpg,1782802295.1302326,30,0.0,0,0,0,1
img_005542.jpg,1782802295.2503216,30,0.0,0,0,0,1
img_005543.jpg,1782802303.0261338,30,0.0,0,0,0,1
img_005544.jpg,1782802303.1462758,30,0.04,0,0,0,1
img_005545.jpg,1782802303.236519,30,0.11040000000000001,0,0,0,1
img_005546.jpg,1782802303.3463113,30,0.07276260016128001,0,0,0,1
img_005547.jpg,1782802303.4464157,30,0.1405415921483776,0,0,0,1
img_005548.jpg,1782802303.564918,30,0.09262836662610589,0,0,0,1
img_005549.jpg,1782802303.6494508,30,0.13840064951233605,0,0,0,1
img_005550.jpg,1782802303.7763395,30,0.0912173108924598,0,0,0,1
img_005551.jpg,1782802303.8911583,30,0.060119644205210376,0,0,0,1
img_005552.jpg,1782802303.978061,30,0.039623746677012114,0,0,0,1
img_005553.jpg,1782802304.0976796,30,0.08432153918742306,0,0,0,1
img_005554.jpg,1782802304.194222,30,0.055574768486215294,0,0,0,1
img_005555.jpg,1782802304.3064735,30,0.08327540532299403,0,0,0,1
img_005556.jpg,1782802304.4296546,30,0.12126830306538217,0,0,0,1
img_005557.jpg,1782802304.516513,30,0.10687575858718622,0,0,0,1
img_005558.jpg,1782802304.6463223,30,0.14124364206819442,0,0,0,1
img_005559.jpg,1782802304.73622,30,0.12118595082241435,0,0,0,1
img_005560.jpg,1782802304.8463645,30,0.1533557887760915,0,0,0,1
img_005561.jpg,1782802304.953129,30,0.10107396685808384,0,0,0,1
img_005562.jpg,1782802305.066422,30,0.06661598403269224,0,0,0,1
img_005563.jpg,1782802305.1484025,30,0.04390536422573369,0,0,0,1
img_005564.jpg,1782802305.2764518,30,0.028937214330547363,0,0,0,1
img_005565.jpg,1782802305.3862154,30,0.01907198329814203,0,0,0,1
img_005566.jpg,1782802305.4766269,30,0.012569991802584411,0,0,0,1
img_005567.jpg,1782802305.5963035,30,0.04,0,0,0,1
img_005568.jpg,1782802305.6882205,30,0.06229504000000001,0,0,0,1
img_005569.jpg,1782802305.8071191,30,0.04105750985100494,0,0,0,1
img_005570.jpg,1782802305.9412782,30,0.06311851023085935,0,0,0,1
img_005571.jpg,1782802306.0262575,30,0.11342350705939937,0,0,0,1
img_005572.jpg,1782802306.1495707,30,0.09558366115586402,0,0,0,1
img_005573.jpg,1782802306.24663,30,0.13610201080232331,0,0,0,1
img_005574.jpg,1782802306.366528,30,0.08970232059017812,0,0,0,1
img_005575.jpg,1782802306.4513395,30,0.13112404414752676,0,0,0,1
img_005576.jpg,1782802306.5783207,30,0.11393634211401739,0,0,0,1
img_005577.jpg,1782802306.6963038,30,0.17842143474489597,0,0,0,1
img_005578.jpg,1782802306.7861557,30,0.11759427098319547,0,0,0,1
img_005579.jpg,1782802306.909185,30,0.21759427098319542,0,0,0,1
img_005580.jpg,1782802306.9962404,30,0.14341236355919804,0,0,0,1
img_005581.jpg,1782802307.1122339,30,0.09452043902030843,0,0,0,1
img_005582.jpg,1782802307.242431,30,0.062296674923037615,0,0,0,1
img_005583.jpg,1782802307.336549,30,0.041058587398570885,0,0,0,1
img_005584.jpg,1782802307.471631,30,0.04941408295988091,0,0,0,1
img_005585.jpg,1782802307.597549,30,0.09260807981724323,0,0,0,1
img_005586.jpg,1782802307.696452,30,0.06103627430657586,0,0,0,1
img_005587.jpg,1782802307.833603,30,0.04022788064043105,0,0,0,1
img_005588.jpg,1782802307.93652,30,0.0488189704865251,0,0,0,1
img_005589.jpg,1782802308.0731354,30,0.09210437661979486,0,0,0,1
img_005590.jpg,1782802308.1763735,30,0.06070429283596086,0,0,0,1
img_005591.jpg,1782802308.310312,30,0.0872697043798487,0,0,0,1
img_005592.jpg,1782802308.456497,30,0.057517849691884414,0,0,0,1
img_005593.jpg,1782802308.5563607,30,0.03790895198611584,0,0,0,1
img_005594.jpg,1782802308.70081,30,0.024985089817924896,0,0,0,1
img_005595.jpg,1782802308.809003,30,0.016467211054486758,0,0,0,1
img_005596.jpg,1782802308.9364142,30,0.010853234544647011,0,0,0,1
img_005597.jpg,1782802309.0818112,30,0.04,0,0,0,1
img_005598.jpg,1782802309.189952,30,0.14,0,0,0,1
img_005599.jpg,1782802309.3332531,30,0.16928,0,0,0,1
img_005600.jpg,1782802309.4420981,30,0.11156932024729606,0,0,0,1
img_005601.jpg,1782802309.5685737,30,0.0735332775309765,0,0,0,1
img_005602.jpg,1782802309.7123106,30,0.1735332775309765,0,0,0,1
img_005603.jpg,1782802309.823696,30,0.2735332775309765,0,0,0,1
img_005604.jpg,1782802309.9614851,30,0.18028072920100435,0,0,0,1
img_005605.jpg,1782802310.0570042,30,0.23945827086492397,0,0,0,1
img_005606.jpg,1782802310.1804621,30,0.15782252190449234,0,0,0,1
img_005607.jpg,1782802310.2916255,30,0.15404202393676533,0,0,0,1
img_005608.jpg,1782802310.4128013,30,0.13035462149245017,0,0,0,1
img_005609.jpg,1782802310.508378,30,0.08591432248940353,0,0,0,1
img_005610.jpg,1782802310.6164737,30,0.13271788255503117,0,0,0,1
img_005611.jpg,1782802310.728402,30,0.08747190419024867,0,0,0,1
img_005612.jpg,1782802310.8517745,30,0.10811332213009638,0,0,0,1
img_005613.jpg,1782802310.9496303,30,0.20811332213009634,0,0,0,1
img_005614.jpg,1782802311.0265772,30,0.1371636453477162,0,0,0,1
img_005615.jpg,1782802311.1263456,30,0.20619055371989886,0,0,0,1
img_005616.jpg,1782802311.2262902,30,0.22530368466852244,0,0,0,1
img_005617.jpg,1782802311.3166795,30,0.1484934956739023,0,0,0,1
img_005618.jpg,1782802311.4053926,30,0.09786931931404817,0,0,0,1
img_005619.jpg,1782802311.474761,30,0.06450386004805006,0,0,0,1
img_005620.jpg,1782802311.5667264,30,0.042513302332748464,0,0,0,1
img_005621.jpg,1782802311.6521418,30,0.028019732057729976,0,0,0,1
img_005622.jpg,1782802311.724288,30,0.018467287684264543,0,0,0,1
img_005623.jpg,1782802311.8270214,30,0.012171448096317677,0,0,0,1
img_005624.jpg,1782802311.9065814,30,0.0,0,0,0,1
img_005625.jpg,1782802311.9898734,30,0.0,0,0,0,1
img_005626.jpg,1782802312.0630984,30,0.0,0,0,0,1
img_005627.jpg,1782802312.1600058,30,0.0,0,0,0,1
img_005628.jpg,1782802312.2413447,30,-0.02,0,0,0,1
img_005629.jpg,1782802312.3236358,30,-0.12000000000000001,0,0,0,1
img_005630.jpg,1782802312.4005942,30,-0.15235200000000002,0,0,0,1
img_005631.jpg,1782802312.4979122,30,-0.10041238822256643,0,0,0,1
img_005632.jpg,1782802312.5818112,30,-0.14498904539158025,0,0,0,1
img_005633.jpg,1782802312.670712,30,-0.11819699059564855,0,0,0,1
img_005634.jpg,1782802312.7707107,30,-0.07790145259943614,0,0,0,1
img_005635.jpg,1782802312.83638,30,-0.14526933639148126,0,0,0,1
img_005636.jpg,1782802312.9267955,30,-0.09574433550315067,0,0,0,1
img_005637.jpg,1782802313.0134113,30,-0.0631033224811884,0,0,0,1
img_005638.jpg,1782802313.096819,30,-0.041590233899882464,0,0,0,1
img_005639.jpg,1782802313.1795635,30,-0.027411354708978816,0,0,0,1
img_005640.jpg,1782802313.274296,30,-0.039637301537575276,0,0,0,1
img_005641.jpg,1782802313.3467116,30,-0.11006631741456928,0,0,0,1
img_005642.jpg,1782802313.4485123,30,-0.07254267613460902,0,0,0,1
img_005643.jpg,1782802313.5370548,30,-0.07196906248239392,0,0,0,1
img_005644.jpg,1782802313.6264944,30,-0.1719690624823939,0,0,0,1
img_005645.jpg,1782802313.7112021,30,-0.16505776532629035,0,0,0,1
img_005646.jpg,1782802313.8064806,30,-0.10878652338723963,0,0,0,1
img_005647.jpg,1782802313.8964648,30,-0.04471076032336285,0,0,0,1
img_005648.jpg,1782802313.9964447,30,0.05528923967663715,0,0,0,1
img_005649.jpg,1782802314.069848,30,0.036440116302647894,0,0,0,1
img_005650.jpg,1782802314.1564894,30,0.024017007358334327,0,0,0,1
img_005651.jpg,1782802314.25668,30,0.12401700735833435,0,0,0,1
img_005652.jpg,1782802314.3569567,30,0.10317277019177894,0,0,0,1
img_005653.jpg,1782802314.4267924,30,0.06799926653076123,0,0,0,1
img_005654.jpg,1782802314.5183873,30,0.09295021285630542,0,0,0,1
img_005655.jpg,1782802314.6171381,30,0.10352673534865077,0,0,0,1
img_005656.jpg,1782802314.7111802,30,0.12061502649517018,0,0,0,1
img_005657.jpg,1782802314.7864673,30,0.18456582437555655,0,0,0,1
img_005658.jpg,1782802314.8765247,30,0.12164392466010554,0,0,0,1
img_005659.jpg,1782802314.966712,30,0.19191241068729706,0,0,0,1
img_005660.jpg,1782802315.0565522,30,0.12648592395676772,0,0,0,1
img_005661.jpg,1782802315.132393,30,0.08336453542478586,0,0,0,1
img_005662.jpg,1782802315.2367804,30,0.05494402498862825,0,0,0,1
img_005663.jpg,1782802315.3167138,30,0.03621259168024398,0,0,0,1
img_005664.jpg,1782802315.3924305,30,0.023867050083634853,0,0,0,1
img_005665.jpg,1782802315.480432,30,0.01573033172341275,0,0,0,1
img_005666.jpg,1782802315.576572,30,0.01036757099270816,0,0,0,1
img_005667.jpg,1782802315.646423,30,0.0,0,0,0,1
img_005668.jpg,1782802315.7348113,30,0.0,0,0,0,1
img_005669.jpg,1782802315.8305163,30,0.02,0,0,0,1
img_005670.jpg,1782802315.8966513,30,0.12000000000000001,0,0,0,1
img_005671.jpg,1782802315.9868338,30,0.12459008000000002,0,0,0,1
img_005672.jpg,1782802316.0716429,30,0.08211501970200988,0,0,0,1
img_005673.jpg,1782802316.1509876,30,0.054120492262798685,0,0,0,1
img_005674.jpg,1782802316.227095,30,0.15412049226279867,0,0,0,1
img_005675.jpg,1782802316.314453,30,0.12473869484880346,0,0,0,1
img_005676.jpg,1782802316.3978393,30,0.08221296900292939,0,0,0,1
img_005677.jpg,1782802316.4925537,30,0.05418504883724509,0,0,0,1
img_005678.jpg,1782802316.5527625,30,0.03571236452231789,0,0,0,1
img_005679.jpg,1782802316.626438,30,0.023537359606442917,0,0,0,1
img_005680.jpg,1782802316.709496,30,0.015513038821520551,0,0,0,1
img_005681.jpg,1782802316.80043,30,0.0102243572559485,0,0,0,1
img_005682.jpg,1782802316.8654606,30,0.0,0,0,0,1
img_005683.jpg,1782802316.942353,30,0.0,0,0,0,1
img_005684.jpg,1782802317.021492,30,-0.1,0,0,0,1
img_005685.jpg,1782802317.1190224,30,-0.19999999999999998,0,0,0,1
img_005686.jpg,1782802317.2004414,30,-0.3,0,0,0,1
img_005687.jpg,1782802317.285721,30,-0.3047040000000001,0,0,0,1
img_005688.jpg,1782802317.3812342,30,-0.2008247764451329,0,0,0,1
img_005689.jpg,1782802317.4719524,30,-0.13235989955575772,0,0,0,1
img_005690.jpg,1782802317.5605435,30,-0.08723596420980782,0,0,0,1
img_005691.jpg,1782802317.6279125,30,-0.1872359642098078,0,0,0,1
img_005692.jpg,1782802317.7254438,30,-0.1484623858187183,0,0,0,1
img_005693.jpg,1782802317.8068128,30,-0.09784881538330695,0,0,0,1
img_005694.jpg,1782802317.897208,30,-0.06449034628614554,0,0,0,1
img_005695.jpg,1782802317.9836583,30,-0.04250439566196828,0,0,0,1
img_005696.jpg,1782802318.0764675,30,-0.02801386183558553,0,0,0,1
img_005697.jpg,1782802318.1368606,30,-0.01846341872931206,0,0,0,1
img_005698.jpg,1782802318.2313745,30,-0.012168898139594405,0,0,0,1
img_005699.jpg,1782802318.3351429,30,0.0,0,0,0,1
img_005700.jpg,1782802318.4244764,30,0.0,0,0,0,1
img_005701.jpg,1782802318.4866383,30,0.0,0,0,0,1
img_005702.jpg,1782802318.5785735,30,0.0,0,0,0,1
img_005703.jpg,1782802318.6721168,30,0.0,0,0,0,1
img_005704.jpg,1782802318.736567,30,0.0,0,0,0,1
img_005705.jpg,1782802318.8287652,30,0.04,0,0,0,1
img_005706.jpg,1782802318.933144,30,0.026363260928000006,0,0,0,1
img_005707.jpg,1782802319.0168824,30,0.01737553816894529,0,0,0,1
img_005708.jpg,1782802319.0864809,30,0.011451896162808204,0,0,0,1
img_005709.jpg,1782802319.1708279,30,0.0,0,0,0,1
img_005710.jpg,1782802319.273557,30,0.0,0,0,0,1
img_005711.jpg,1782802319.3570335,30,0.0,0,0,0,1
img_005712.jpg,1782802319.4368787,30,0.06,0,0,0,1
img_005713.jpg,1782802319.5396166,30,0.05731143680000001,0,0,0,1
img_005714.jpg,1782802319.6065898,30,0.03777290906292455,0,0,0,1
img_005715.jpg,1782802319.6911616,30,0.10835107633789061,0,0,0,1
img_005716.jpg,1782802319.783263,30,0.07141219243313643,0,0,0,1
img_005717.jpg,1782802319.8769248,30,0.12044327967540668,0,0,0,1
img_005718.jpg,1782802319.9569426,30,0.10061257683877245,0,0,0,1
img_005719.jpg,1782802320.0265014,30,0.06631189039597521,0,0,0,1
img_005720.jpg,1782802320.1279511,30,0.0437049417284508,0,0,0,1
img_005721.jpg,1782802320.2115588,30,0.028805119565754603,0,0,0,1
img_005722.jpg,1782802320.2957227,30,0.018984922079355673,0,0,0,1
img_005723.jpg,1782802320.363073,30,0.01251261136189505,0,0,0,1
img_005724.jpg,1782802320.458564,30,0.0,0,0,0,1
img_005725.jpg,1782802320.5432596,30,0.08,0,0,0,1
img_005726.jpg,1782802320.6308064,30,0.05272652185600001,0,0,0,1
img_005727.jpg,1782802320.714587,30,0.03475107633789058,0,0,0,1
img_005728.jpg,1782802320.808429,30,0.058207766131399365,0,0,0,1
img_005729.jpg,1782802320.866695,30,0.038363663163952066,0,0,0,1
img_005730.jpg,1782802320.9566317,30,0.11529457011083591,0,0,0,1
img_005731.jpg,1782802321.0568638,30,0.07598852088533894,0,0,0,1
img_005732.jpg,1782802321.1368065,30,0.0744376414030698,0,0,0,1
img_005733.jpg,1782802321.212695,30,0.1137880196835583,0,0,0,1
img_005734.jpg,1782802321.2767587,30,0.0749955813349512,0,0,0,1
img_005735.jpg,1782802321.3703682,30,0.1489959348281551,0,0,0,1
img_005736.jpg,1782802321.44587,30,0.12106749797950915,0,0,0,1
img_005737.jpg,1782802321.5206723,30,0.07979335097834785,0,0,0,1
img_005738.jpg,1782802321.5865507,30,0.17979335097834784,0,0,0,1
img_005739.jpg,1782802321.6795402,30,0.11849847562404174,0,0,0,1
img_005740.jpg,1782802321.7684977,30,0.10489147370779513,0,0,0,1
img_005741.jpg,1782802321.8425093,30,0.11282525187857559,0,0,0,1
img_005742.jpg,1782802321.918131,30,0.07436103886355527,0,0,0,1
img_005743.jpg,1782802322.0014658,30,0.09790404863058413,0,0,0,1
img_005744.jpg,1782802322.0711067,30,0.10738422782005232,0,0,0,1
img_005745.jpg,1782802322.1547768,30,0.07077496043929592,0,0,0,1
img_005746.jpg,1782802322.2407167,30,0.14511296360415224,0,0,0,1
img_005747.jpg,1782802322.3332233,30,0.09564127308829085,0,0,0,1
img_005748.jpg,1782802322.4137964,30,0.11447471165857503,0,0,0,1
img_005749.jpg,1782802322.4937558,30,0.12028760427199246,0,0,0,1
img_005750.jpg,1782802322.5755765,30,0.07927933744566364,0,0,0,1
img_005751.jpg,1782802322.6868064,30,0.052251546481974796,0,0,0,1
img_005752.jpg,1782802322.753955,30,0.03443802884489556,0,0,0,1
img_005753.jpg,1782802322.829675,30,0.08914834761431961,0,0,0,1
img_005754.jpg,1782802322.9266694,30,0.10056626850709934,0,0,0,1
img_005755.jpg,1782802323.0066953,30,0.06628136943019924,0,0,0,1
img_005756.jpg,1782802323.0717092,30,0.11610055108572066,0,0,0,1
img_005757.jpg,1782802323.1554701,30,0.09750147664993067,0,0,0,1
img_005758.jpg,1782802323.2468138,30,0.06426142174468555,0,0,0,1
img_005759.jpg,1782802323.3293626,30,0.11439086736470186,0,0,0,1
img_005760.jpg,1782802323.434889,30,0.07539290710289688,0,0,0,1
img_005761.jpg,1782802323.5117533,30,0.09870755204614058,0,0,0,1
img_005762.jpg,1782802323.589585,30,0.10800990628770513,0,0,0,1
img_005763.jpg,1782802323.6689446,30,0.07118733355678998,0,0,0,1
img_005764.jpg,1782802323.7480304,30,0.04691825623315562,0,0,0,1
img_005765.jpg,1782802323.8369155,30,0.09049561207574291,0,0,0,1
img_005766.jpg,1782802323.917821,30,0.059643985849796965,0,0,0,1
img_005767.jpg,1782802324.0010889,30,0.11048266962326816,0,0,0,1
img_005768.jpg,1782802324.0935714,30,0.07281708618250597,0,0,0,1
img_005769.jpg,1782802324.1966264,30,0.09670179120528322,0,0,0,1
img_005770.jpg,1782802324.2539933,30,0.1967017912052832,0,0,0,1
img_005771.jpg,1782802324.3411891,30,0.12964251616374642,0,0,0,1
img_005772.jpg,1782802324.4291356,30,0.19927111487064667,0,0,0,1
img_005773.jpg,1782802324.5085156,30,0.1570842830246826,0,0,0,1
img_005774.jpg,1782802324.5702624,30,0.10353134852668773,0,0,0,1
img_005775.jpg,1782802324.6531382,30,0.06823559888591944,0,0,0,1
img_005776.jpg,1782802324.7679536,30,0.04497282245019603,0,0,0,1
img_005777.jpg,1782802324.8348608,30,0.02964075632307836,0,0,0,1
img_005778.jpg,1782802324.9098823,30,0.01953567482621452,0,0,0,1
img_005779.jpg,1782802324.9936028,30,0.012875602321201362,0,0,0,1
img_005780.jpg,1782802325.0867846,30,0.07089790980466484,0,0,0,1
img_005781.jpg,1782802325.1734018,30,0.11079199085866834,0,0,0,1
img_005782.jpg,1782802325.236653,30,0.07302095409349162,0,0,0,1
img_005783.jpg,1782802325.3213854,30,0.12180493554473132,0,0,0,1
img_005784.jpg,1782802325.4125805,30,0.12599556164945575,0,0,0,1
img_005785.jpg,1782802325.4933493,30,0.08304134668836283,0,0,0,1
img_005786.jpg,1782802325.5740547,30,0.05473101726394546,0,0,0,1
img_005787.jpg,1782802325.658089,30,0.10632433301220345,0,0,0,1
img_005788.jpg,1782802325.7468002,30,0.140776915461529,0,0,0,1
img_005789.jpg,1782802325.8287542,30,0.09278346387378218,0,0,0,1
img_005790.jpg,1782802325.910865,30,0.16536078676387958,0,0,0,1
img_005791.jpg,1782802326.0043268,30,0.2257319238227692,0,0,0,1
img_005792.jpg,1782802326.0854526,30,0.14877574018797712,0,0,0,1
img_005793.jpg,1782802326.1577303,30,0.09805534145829943,0,0,0,1
img_005794.jpg,1782802326.242114,30,0.11635451772948029,0,0,0,1
img_005795.jpg,1782802326.3350425,30,0.14926646380623212,0,0,0,1
img_005796.jpg,1782802326.4108894,30,0.09837876832808917,0,0,0,1
img_005797.jpg,1782802326.487809,30,0.06483962848021695,0,0,0,1
img_005798.jpg,1782802326.5547411,30,0.04273460110246349,1,0,0,0
img_005799.jpg,1782802326.6677687,30,0.02816558598795604,1,0,0,0
img_005800.jpg,1782802326.755123,30,0.01856341731476265,1,0,0,0
img_005801.jpg,1782802326.817752,30,0.012234805359611023,1,0,0,0
img_005802.jpg,1782802326.9082398,30,0.0,1,0,0,0
img_005803.jpg,1782802326.988797,30,0.0,1,0,0,0
img_005804.jpg,1782802327.069869,30,0.0,1,0,0,0
img_005805.jpg,1782802327.1397746,30,-0.1,1,0,0,0
img_005806.jpg,1782802327.2344306,30,-0.1656,1,0,0,0
img_005807.jpg,1782802327.3229682,30,-0.10914390024192003,1,0,0,0
img_005808.jpg,1782802327.3980954,30,-0.09818992176025383,1,0,0,0
img_005809.jpg,1782802327.4756403,30,-0.1981899217602538,1,0,0,0
img_005810.jpg,1782802327.5595825,30,-0.13062331551663697,1,0,0,0
img_005811.jpg,1782802327.6414406,30,-0.11357762364797751,1,0,0,0
img_005812.jpg,1782802327.7311566,30,-0.11958905260319633,1,0,0,0
img_005813.jpg,1782802327.809054,30,-0.07881893494775957,1,0,0,0
img_005814.jpg,1782802327.9028287,30,-0.1267123465397837,1,0,0,0
img_005815.jpg,1782802327.9568412,30,-0.1580333301112729,1,0,0,0
img_005816.jpg,1782802328.0369973,30,-0.1041568479261062,1,0,0,0
img_005817.jpg,1782802328.1196754,30,-0.09461723259005311,1,0,0,0
img_005818.jpg,1782802328.2088182,30,-0.16064785398284886,1,0,0,0
img_005819.jpg,1782802328.291747,30,-0.10588003230182724,1,0,0,0
img_005820.jpg,1782802328.3705556,30,-0.06978357296595353,1,0,0,0
img_005821.jpg,1782802328.4287982,30,-0.045993063564739,1,0,0,0
img_005822.jpg,1782802328.5170002,30,-0.11591361847955987,1,0,0,0
img_005823.jpg,1782802328.5966108,30,-0.07639652422713201,1,0,0,0
img_005824.jpg,1782802328.6852372,30,-0.050351537554803885,1,0,0,0
img_005825.jpg,1782802328.7928617,30,-0.07306413807547515,1,0,0,0
img_005826.jpg,1782802328.886655,30,-0.04815522341407929,1,0,0,0
img_005827.jpg,1782802328.9687462,30,-0.03173821799778769,1,0,0,0
img_005828.jpg,1782802329.049183,30,-0.08206322771332751,1,0,0,0
img_005829.jpg,1782802329.1339133,30,-0.05408635712000835,1,0,0,0
img_005830.jpg,1782802329.2118442,30,-0.03564731863499428,1,0,0,0
img_005831.jpg,1782802329.2930465,30,-0.10639553314419475,1,0,0,0
img_005832.jpg,1782802329.3755293,30,-0.07012333004635198,1,0,0,0
img_005833.jpg,1782802329.457835,30,-0.14451346364264384,1,0,0,0
img_005834.jpg,1782802329.5407426,30,-0.17310019562713375,1,0,0,0
img_005835.jpg,1782802329.6221116,30,-0.11408714060014934,1,0,0,0
img_005836.jpg,1782802329.7178798,30,-0.1565633558039664,1,0,0,0
img_005837.jpg,1782802329.8010602,30,-0.1264887450919367,1,0,0,0
img_005838.jpg,1782802329.8856463,30,-0.08336639478285017,1,0,0,0
img_005839.jpg,1782802329.9610322,30,-0.15669708320022216,1,0,0,0
img_005840.jpg,1782802330.0451941,30,-0.1531656583230146,1,0,0,0
img_005841.jpg,1782802330.127834,30,-0.12972679933637307,1,0,0,0
img_005842.jpg,1782802330.211747,30,-0.22972679933637302,1,0,0,0
img_005843.jpg,1782802330.3085773,30,-0.32972679933637306,1,0,0,0
img_005844.jpg,1782802330.3916862,30,-0.32986476295830625,1,0,0,0
img_005845.jpg,1782802330.4669192,30,-0.21740777042056747,1,0,0,0
img_005846.jpg,1782802330.533586,30,-0.1757493961785908,1,0,0,0
img_005847.jpg,1782802330.6218498,30,-0.23528944448430353,1,0,0,0
img_005848.jpg,1782802330.7073803,30,-0.15507492546359666,1,0,0,0
img_005849.jpg,1782802330.7953868,30,-0.10220701808467378,1,0,0,0
img_005850.jpg,1782802330.873041,30,-0.06736275716097676,1,0,0,0
img_005851.jpg,1782802330.9605405,30,-0.06825820499631335,1,0,0,0
img_005852.jpg,1782802331.025123,30,-0.13639754859660827,1,0,0,0
img_005853.jpg,1782802331.1003888,30,-0.08989710408979862,1,0,0,0
img_005854.jpg,1782802331.1923985,30,-0.11000179618947711,1,0,0,0
img_005855.jpg,1782802331.2950807,30,-0.09313237157749624,1,0,0,0
img_005856.jpg,1782802331.3576458,30,-0.06138182531852462,1,0,0,0
img_005857.jpg,1782802331.4354725,30,-0.0789448107936313,1,0,0,0
img_005858.jpg,1782802331.5289314,30,-0.052031066146602335,1,0,0,0
img_005859.jpg,1782802331.6151733,30,-0.03429271432962263,1,0,0,0
img_005860.jpg,1782802331.6898108,30,-0.11154929718325284,1,0,0,0
img_005861.jpg,1782802331.7790334,30,-0.11800961912503279,1,0,0,0
img_005862.jpg,1782802331.8744586,30,-0.07777795952517848,1,0,0,0
img_005863.jpg,1782802331.9547942,30,-0.051262016035242594,1,0,0,0
img_005864.jpg,1782802332.0558808,30,-0.03378584761081053,1,0,0,0
img_005865.jpg,1782802332.1191132,30,-0.022267627905936088,1,0,0,0
img_005866.jpg,1782802332.1991756,30,-0.014676182118295187,1,0,0,0
img_005867.jpg,1782802332.2755146,30,0.0,1,0,0,0
img_005868.jpg,1782802332.360539,30,0.0,1,0,0,0
img_005869.jpg,1782802332.4652445,30,0.0,1,0,0,0
img_005870.jpg,1782802332.552637,30,0.0,1,0,0,0
img_005871.jpg,1782802332.6407332,30,0.0,1,0,0,0
img_005872.jpg,1782802332.7160733,30,0.0,1,0,0,0
img_005873.jpg,1782802332.8034463,30,0.0,1,0,0,0
img_005874.jpg,1782802332.883276,30,0.0,1,0,0,0
img_005875.jpg,1782802332.9622445,30,0.0,0,0,0,1
img_005876.jpg,1782802333.0458155,30,0.0,0,0,0,1
img_005877.jpg,1782802333.1378627,30,0.0,0,0,0,1
img_005878.jpg,1782802333.2244592,30,0.0,0,0,0,1
img_005879.jpg,1782802333.3002145,30,0.0,0,0,0,1
img_005880.jpg,1782802333.3885787,30,0.0,0,0,0,1
img_005881.jpg,1782802339.9153051,30,0.0,0,0,0,1
img_005882.jpg,1782802339.996926,30,0.0,0,0,0,1
img_005883.jpg,1782802340.0790117,30,0.0,0,0,0,1
img_005884.jpg,1782802340.171821,30,0.0,0,0,0,1
img_005885.jpg,1782802340.2550535,30,0.0,0,0,0,1
img_005886.jpg,1782802340.3321013,30,0.0,0,0,0,1
img_005887.jpg,1782802340.4033077,30,0.1,0,0,0,1
img_005888.jpg,1782802340.4680088,30,0.06590815232000002,0,0,0,1
img_005889.jpg,1782802340.5719411,30,0.043438845422363245,0,0,0,1
img_005890.jpg,1782802340.6571662,30,0.028629740407020522,0,0,0,1
img_005891.jpg,1782802340.734728,30,0.018869332916279676,0,0,0,1
img_005892.jpg,1782802340.8198154,30,0.06675500338033913,0,0,0,1
img_005893.jpg,1782802340.9054806,30,0.04399698930913507,0,0,0,1
img_005894.jpg,1782802340.986038,30,0.05151913340225964,0,0,0,1
img_005895.jpg,1782802341.0645456,30,0.07126485095073877,0,0,0,1
img_005896.jpg,1782802341.154331,30,0.046969346515233885,0,0,0,1
img_005897.jpg,1782802341.2241702,30,0.09975485489049397,0,0,0,1
img_005898.jpg,1782802341.3269243,30,0.08579153496937147,0,0,0,1
img_005899.jpg,1782802341.3941271,30,0.08146045167965155,0,0,0,1
img_005900.jpg,1782802341.480582,30,0.09457979619752452,0,0,0,1
img_005901.jpg,1782802341.5547373,30,0.08775630015414135,0,0,0,1
img_005902.jpg,1782802341.6305435,30,0.18775630015414133,0,0,0,1
img_005903.jpg,1782802341.7121623,30,0.12374670829598791,0,0,0,1
img_005904.jpg,1782802341.807086,30,0.08155916899470579,0,0,0,1
img_005905.jpg,1782802341.8904214,30,0.05375414133195692,0,0,0,1
img_005906.jpg,1782802341.9499965,30,0.03542836134737425,0,0,0,1
img_005907.jpg,1782802342.0500693,30,0.06144363984086417,0,0,0,1
img_005908.jpg,1782802342.131695,30,0.040496367737268966,0,0,0,1
img_005909.jpg,1782802342.2110534,30,0.026690407732346575,0,0,0,1
img_005910.jpg,1782802342.2999609,30,0.12669040773234658,0,0,0,1
img_005911.jpg,1782802342.3959877,30,0.08349930690306405,0,0,0,1
img_005912.jpg,1782802342.4669516,30,0.0798183156302345,0,0,0,1
img_005913.jpg,1782802342.5414367,30,0.17981831563023448,0,0,0,1
img_005914.jpg,1782802342.6210985,30,0.11851492936483334,0,0,0,1
img_005915.jpg,1782802342.7088275,30,0.10490326105186389,0,0,0,1
img_005916.jpg,1782802342.79136,30,0.1128344305419538,0,0,0,1
img_005917.jpg,1782802342.8529403,30,0.07436708835099552,0,0,0,1
img_005918.jpg,1782802342.9412417,30,0.04901397386632312,0,0,0,1
img_005919.jpg,1782802343.0347707,30,0.03230420455390124,0,0,0,1
img_005920.jpg,1782802343.1094382,30,0.02129110434314961,0,0,0,1
img_005921.jpg,1782802343.1871574,30,0.03525279726205781,0,0,0,1
img_005922.jpg,1782802343.2815976,30,0.1060325734810932,0,0,0,1
img_005923.jpg,1782802343.375597,30,0.06988411003873483,0,0,0,1
img_005924.jpg,1782802343.4518409,30,0.14429338123563606,0,0,0,1
img_005925.jpg,1782802343.528708,30,0.14350704444761497,0,0,0,1
img_005926.jpg,1782802343.6127973,30,0.09458284144446419,0,0,0,1
img_005927.jpg,1782802343.695044,30,0.16701621412890705,0,0,0,1
img_005928.jpg,1782802343.7791758,30,0.11007730080717745,0,0,0,1
img_005929.jpg,1782802343.8394206,30,0.07254991508573912,0,0,0,1
img_005930.jpg,1782802343.928214,30,0.047816308542739605,0,0,0,1
img_005931.jpg,1782802344.03181,30,0.031514845468150005,0,0,0,1
img_005932.jpg,1782802344.1182148,30,0.0645402319879028,0,0,0,1
img_005933.jpg,1782802344.180469,30,0.10541085235456095,0,0,0,1
img_005934.jpg,1782802344.2744396,30,0.06947434513165433,0,0,0,1
img_005935.jpg,1782802344.3515854,30,0.06977093175292745,0,0,0,1
img_005936.jpg,1782802344.4321094,30,0.1098381166356778,0,0,0,1
img_005937.jpg,1782802344.528407,30,0.07239227321766178,0,0,0,1
img_005938.jpg,1782802344.6119528,30,0.11647282005142895,0,0,0,1
img_005939.jpg,1782802344.6855326,30,0.07676508365089531,0,0,0,1
img_005940.jpg,1782802344.7970214,30,0.09977604945794838,0,0,0,1
img_005941.jpg,1782802344.8769372,30,0.08580671860828605,0,0,0,1
img_005942.jpg,1782802344.9520252,30,0.05655362280114296,0,0,0,1
img_005943.jpg,1782802345.0327368,30,0.10786698633888742,0,0,0,1
img_005944.jpg,1782802345.1316197,30,0.07109313765922752,0,0,0,1
img_005945.jpg,1782802345.2108397,30,0.1710931376592275,0,0,0,1
img_005946.jpg,1782802345.2853508,30,0.16437569317758857,0,0,0,1
img_005947.jpg,1782802345.3700624,30,0.10833698223654095,0,0,0,1
img_005948.jpg,1782802345.4618833,30,0.17327002365761765,0,0,0,1
img_005949.jpg,1782802345.5411723,30,0.1141990711171627,0,0,0,1
img_005950.jpg,1782802345.6107895,30,0.1018114105868747,0,0,0,1
img_005951.jpg,1782802345.7048407,30,0.13695717792073078,0,0,0,1
img_005952.jpg,1782802345.8084414,30,0.09026594543716868,0,0,0,1
img_005953.jpg,1782802345.8702006,30,0.13640109621801957,0,0,0,1
img_005954.jpg,1782802345.9481394,30,0.08989944226152212,0,0,0,1
img_005955.jpg,1782802346.0383976,30,0.08440332754408093,0,0,0,1
img_005956.jpg,1782802346.1237237,30,0.07479380885315369,0,0,0,1
img_005957.jpg,1782802346.2015014,30,0.04929521746486619,0,0,0,1
img_005958.jpg,1782802346.2863076,30,0.1189516000676769,0,0,0,1
img_005959.jpg,1782802346.3827412,30,0.07839880175968174,0,0,0,1
img_005960.jpg,1782802346.4560406,30,0.12635674580939463,0,0,0,1
img_005961.jpg,1782802346.530834,30,0.12954000168082588,0,0,0,1
img_005962.jpg,1782802346.6071832,30,0.08537742162312931,0,0,0,1
img_005963.jpg,1782802346.7164283,30,0.12746344966181666,0,0,0,1
img_005964.jpg,1782802346.8000066,30,0.08400880455543668,0,0,0,1
img_005965.jpg,1782802346.8883986,30,0.055368650868608316,0,0,0,1
img_005966.jpg,1782802346.972149,30,0.03649245475201138,0,0,0,1
img_005967.jpg,1782802347.053132,30,0.09088721370210244,0,0,0,1
img_005968.jpg,1782802347.131539,30,0.10192030266326274,0,0,0,1
img_005969.jpg,1782802347.1990356,30,0.06717378832430823,0,0,0,1
img_005970.jpg,1782802347.287324,30,0.1671737883243082,0,0,0,1
img_005971.jpg,1782802347.375685,30,0.11018115504789944,0,0,0,1
img_005972.jpg,1782802347.450343,30,0.12579674326193874,0,0,0,1
img_005973.jpg,1782802347.5347533,30,0.12910393441715254,0,0,0,1
img_005974.jpg,1782802347.6460433,30,0.1124891497247498,0,0,0,1
img_005975.jpg,1782802347.7249475,30,0.11874147102086596,0,0,0,1
img_005976.jpg,1782802347.8103592,30,0.07826030958744103,0,0,0,1
img_005977.jpg,1782802347.901845,30,0.14559948482044574,0,0,0,1
img_005978.jpg,1782802347.9844449,30,0.09596193023259468,0,0,0,1
img_005979.jpg,1782802348.0684187,30,0.14122217774886817,0,0,0,1
img_005980.jpg,1782802348.1442513,30,0.11549843313515783,0,0,0,1
img_005981.jpg,1782802348.221101,30,0.07612288323793319,0,0,0,1
img_005982.jpg,1782802348.3147364,30,0.11521440837258667,0,0,0,1
img_005983.jpg,1782802348.4038832,30,0.07593568776479129,0,0,0,1
img_005984.jpg,1782802348.4872591,30,0.050047808757258255,0,0,0,1
img_005985.jpg,1782802348.5770586,30,0.07897162810557193,0,0,0,1
img_005986.jpg,1782802348.6561294,30,0.1789716281055719,0,0,0,1
img_005987.jpg,1782802348.7214053,30,0.11795689326140428,0,0,0,1
img_005988.jpg,1782802348.7971776,30,0.10450348791594148,0,0,0,1
img_005989.jpg,1782802348.8843381,30,0.13923575217205286,0,0,0,1
img_005990.jpg,1782802348.967424,30,0.09176771162545433,0,0,0,1
img_005991.jpg,1782802349.0580535,30,0.060482403158682786,0,0,0,1
img_005992.jpg,1782802349.1454232,30,0.039862834400621154,0,0,0,1
img_005993.jpg,1782802349.2303448,30,0.09373990303668575,0,0,0,1
img_005994.jpg,1782802349.316106,30,0.13012545393025082,0,0,0,1
img_005995.jpg,1782802349.3747077,30,0.08576328238344116,0,0,0,1
img_005996.jpg,1782802349.4822202,30,0.05652499478791014,0,0,0,1
img_005997.jpg,1782802349.5703664,30,0.10784275558848716,0,0,0,1
img_005998.jpg,1782802349.6524062,30,0.1151233796636879,0,0,0,1
img_005999.jpg,1782802349.715494,30,0.07587569242467533,0,0,0,1
img_006000.jpg,1782802349.865978,30,0.050008266937109726,0,0,0,1
img_006001.jpg,1782802349.9750977,30,0.11960760558214097,0,0,0,1
img_006002.jpg,1782802350.053491,30,0.07883116287338231,0,0,0,1
img_006003.jpg,1782802350.1490924,30,0.051956162902216114,0,0,0,1
img_006004.jpg,1782802350.2234004,30,0.034243346985219934,0,0,0,1
img_006005.jpg,1782802350.298461,30,0.08898356888829016,0,0,0,1
img_006006.jpg,1782802350.3911812,30,0.1260996927070488,0,0,0,1
img_006007.jpg,1782802350.484815,30,0.08310997754441367,0,0,0,1
img_006008.jpg,1782802350.5631235,30,0.07953940281857606,0,0,0,1
img_006009.jpg,1782802350.6215696,30,0.17953940281857605,0,0,0,1
img_006010.jpg,1782802350.7052288,30,0.14294862342183207,0,0,0,1
img_006011.jpg,1782802350.7922118,30,0.15131237767509959,0,0,0,1
img_006012.jpg,1782802350.8724568,30,0.14897265274706795,0,0,0,1
img_006013.jpg,1782802350.9520059,30,0.09818512288768223,0,0,0,1
img_006014.jpg,1782802351.0307224,30,0.06471200034839279,0,0,0,1
img_006015.jpg,1782802351.1093988,30,0.06635922147710614,0,0,0,1
img_006016.jpg,1782802351.1935391,30,0.13465048375893765,0,0,0,1
img_006017.jpg,1782802351.2632186,30,0.0887456459354575,0,0,0,1
img_006018.jpg,1782802351.3552496,30,0.08357675597881438,0,0,0,1
img_006019.jpg,1782802351.4450748,30,0.1215233662604685,0,0,0,1
img_006020.jpg,1782802351.5250971,30,0.08009380533934109,0,0,0,1
img_006021.jpg,1782802351.6160784,30,0.05278834722193722,0,0,0,1
img_006022.jpg,1782802351.7112534,30,0.03479182429424488,0,0,0,1
img_006023.jpg,1782802351.7876995,30,0.08944780008264888,0,0,0,1
img_006024.jpg,1782802351.8704197,30,0.1007994485507577,0,0,0,1
img_006025.jpg,1782802351.9456894,30,0.06643505408855344,0,0,0,1
img_006026.jpg,1782802352.033661,30,0.11143062978055165,0,0,0,1
img_006027.jpg,1782802352.113875,30,0.07344186920690128,0,0,0,1
img_006028.jpg,1782802352.2006242,30,0.04840417902353968,0,0,0,1
img_006029.jpg,1782802352.2982411,30,0.03190230004008004,0,0,0,1
img_006030.jpg,1782802352.3817754,30,0.021026216503999374,0,0,0,1
img_006031.jpg,1782802352.443166,30,0.12102621650399939,0,0,0,1
img_006032.jpg,1782802352.5362818,30,0.10103018867890098,0,0,0,1
img_006033.jpg,1782802352.6262195,30,0.06658713064367347,0,0,0,1
img_006034.jpg,1782802352.706262,30,0.04388634749014972,0,0,0,1
img_006035.jpg,1782802352.784682,30,0.028924680751492383,0,0,0,1
img_006036.jpg,1782802352.855639,30,0.04072143766061666,0,0,0,1
img_006037.jpg,1782802352.9485102,30,0.11106372264776734,0,0,0,1
img_006038.jpg,1782802353.0286334,30,0.07320004749495285,0,0,0,1
img_006039.jpg,1782802353.1100621,30,0.048244798801285876,0,0,0,1
img_006040.jpg,1782802353.2083702,30,0.03179725548042903,0,0,0,1
img_006041.jpg,1782802353.2846563,30,0.02095698357562072,0,0,0,1
img_006042.jpg,1782802353.3601,30,0.013812360656697489,0,0,0,1
img_006043.jpg,1782802353.4251518,30,0.0,0,0,0,1
img_006044.jpg,1782802353.5175374,30,0.0,0,0,0,1
img_006045.jpg,1782802353.6025097,30,0.0,0,0,0,1
img_006046.jpg,1782802353.6801407,30,0.0,0,0,0,1
img_006047.jpg,1782802353.7411702,30,0.0,0,0,0,1
img_006048.jpg,1782802353.837376,30,0.0,0,0,0,1
img_006049.jpg,1782802353.9198494,30,0.0,0,0,0,1
img_006050.jpg,1782802354.0006316,30,-0.06,0,0,0,1
img_006051.jpg,1782802354.0795345,30,-0.07786880000000002,0,0,0,1
img_006052.jpg,1782802354.1821792,30,-0.05132188731375619,0,0,0,1
img_006053.jpg,1782802354.254286,30,-0.05676663876548825,0,0,0,1
img_006054.jpg,1782802354.3255982,30,-0.054995079574458886,0,0,0,1
img_006055.jpg,1782802354.4030209,30,-0.03624624081443958,0,0,0,1
img_006056.jpg,1782802354.4936364,30,-0.04596655174592918,0,0,0,1
img_006057.jpg,1782802354.579488,30,-0.06694112224593411,0,0,0,1
img_006058.jpg,1782802354.6723742,30,-0.04411965681456767,0,0,0,1
img_006059.jpg,1782802354.7526393,30,-0.06550296732562208,0,0,0,1
img_006060.jpg,1782802354.8409278,30,-0.04317179547909084,0,0,0,1
img_006061.jpg,1782802354.9017627,30,-0.14317179547909084,0,0,0,1
img_006062.jpg,1782802354.9849381,30,-0.11689512555178053,0,0,0,1
img_006063.jpg,1782802355.0658522,30,-0.07704341740332277,0,0,0,1
img_006064.jpg,1782802355.1608574,30,-0.05077789289471536,0,0,0,1
img_006065.jpg,1782802355.2455857,30,-0.15077789289471535,0,0,0,1
img_006066.jpg,1782802355.3130553,30,-0.09937492331393546,0,0,0,1
img_006067.jpg,1782802355.4012504,30,-0.06549617582563179,0,0,0,1
img_006068.jpg,1782802355.4844222,30,-0.04316731932693243,0,0,0,1
img_006069.jpg,1782802355.5693784,30,-0.028450782574455432,0,0,0,1
img_006070.jpg,1782802355.6516142,30,-0.018751385115404105,0,0,0,1
img_006071.jpg,1782802355.7418225,30,-0.012358691463970348,0,0,0,1
img_006072.jpg,1782802355.8064446,30,0.0,0,0,0,1
img_006073.jpg,1782802355.887173,30,-0.02,0,0,0,1
img_006074.jpg,1782802355.9787703,30,-0.06771200000000001,0,0,0,1
img_006075.jpg,1782802356.070083,30,-0.044627728098918414,0,0,0,1
img_006076.jpg,1782802356.148605,30,-0.02941331101239059,0,0,0,1
img_006077.jpg,1782802356.2249086,30,-0.06290379232561641,0,0,0,1
img_006078.jpg,1782802356.2920778,30,-0.05939169317937363,0,0,0,1
img_006079.jpg,1782802356.387512,30,-0.03914396760608863,0,0,0,1
img_006080.jpg,1782802356.4673252,30,-0.09313145418179343,0,0,0,1
img_006081.jpg,1782802356.5522285,30,-0.06138122067996744,0,0,0,1
img_006082.jpg,1782802356.6247175,30,-0.06397307437133509,0,0,0,1
img_006083.jpg,1782802356.714827,30,-0.0809625853360662,0,0,0,1
img_006084.jpg,1782802356.7920985,30,-0.05336094406550451,0,0,0,1
img_006085.jpg,1782802356.8720453,30,-0.10516470305704304,0,0,0,1
img_006086.jpg,1782802356.97529,30,-0.06931211267771163,0,0,0,1
img_006087.jpg,1782802357.0566504,30,-0.04568233279983622,0,0,0,1
img_006088.jpg,1782802357.1403751,30,-0.030108381485045382,0,0,0,1
img_006089.jpg,1782802357.222482,30,-0.04156943253288086,0,0,0,1
img_006090.jpg,1782802357.3196335,30,-0.06351713828016395,0,0,0,1
img_006091.jpg,1782802357.3996208,30,-0.04186297224699549,0,0,0,1
img_006092.jpg,1782802357.4790068,30,-0.027591111514229126,0,0,0,1
img_006093.jpg,1782802357.5460496,30,-0.03976607804736869,0,0,0,1
img_006094.jpg,1782802357.6451077,30,-0.08444200845929288,0,0,0,1
img_006095.jpg,1782802357.7258682,30,-0.05565416755741805,0,0,0,1
img_006096.jpg,1782802357.8072727,30,-0.1312018341528246,0,0,0,1
img_006097.jpg,1782802357.9005299,30,-0.10831992952617112,0,0,0,1
img_006098.jpg,1782802357.9837682,30,-0.07139166414502553,0,0,0,1
img_006099.jpg,1782802358.0622282,30,-0.04705292674848626,0,0,0,1
img_006100.jpg,1782802358.147871,30,-0.031011714632410353,0,0,0,1
img_006101.jpg,1782802358.245099,30,-0.04221657404018777,0,0,0,1
img_006102.jpg,1782802358.331462,30,-0.04457151563770929,0,0,0,1
img_006103.jpg,1782802358.4074154,30,-0.029376262417834063,0,0,0,1
img_006104.jpg,1782802358.46923,30,-0.019361351780268994,0,0,0,1
img_006105.jpg,1782802358.5612123,30,-0.012760709222550725,0,0,0,1
img_006106.jpg,1782802358.6377409,30,-0.07080066428596694,0,0,0,1
img_006107.jpg,1782802358.7143152,30,-0.08627914767151106,0,0,0,1
img_006108.jpg,1782802358.7984095,30,-0.05686499206773725,0,0,0,1
img_006109.jpg,1782802358.8908248,30,-0.10813052928613281,0,0,0,1
img_006110.jpg,1782802358.9712195,30,-0.07126683394632664,0,0,0,1
img_006111.jpg,1782802359.0533698,30,-0.046970653470986445,0,0,0,1
img_006112.jpg,1782802359.14896,30,-0.0677230042100155,0,0,0,1
img_006113.jpg,1782802359.207744,30,-0.04463498077041703,0,0,0,1
img_006114.jpg,1782802359.2850232,30,-0.02941809111416917,0,0,0,1
img_006115.jpg,1782802359.3666532,30,-0.1294180911141692,0,0,0,1
img_006116.jpg,1782802359.4621992,30,-0.08529707262116303,0,0,0,1
img_006117.jpg,1782802359.5430295,30,-0.10641980688522822,0,0,0,1
img_006118.jpg,1782802359.6262996,30,-0.11401534658384459,0,0,0,1
img_006119.jpg,1782802359.7143862,30,-0.07514540829465623,0,0,0,1
img_006120.jpg,1782802359.814958,30,-0.04952695016032795,0,0,0,1
img_006121.jpg,1782802359.8972633,30,-0.03264229775111944,0,0,0,1
img_006122.jpg,1782802359.979489,30,-0.021513935322555737,0,0,0,1
img_006123.jpg,1782802360.0759368,30,-0.030986191806974265,0,0,0,1
img_006124.jpg,1782802360.154153,30,-0.020422426494307963,0,0,0,1
img_006125.jpg,1782802360.2337935,30,-0.12042242649430798,0,0,0,1
img_006126.jpg,1782802360.3173108,30,-0.07936819628130855,0,0,0,1
img_006127.jpg,1782802360.4074097,30,-0.12717724133249955,0,0,0,1
img_006128.jpg,1782802360.4662142,30,-0.1584268170638276,0,0,0,1
img_006129.jpg,1782802360.5483625,30,-0.10441618790615528,0,0,0,1
img_006130.jpg,1782802360.6429653,30,-0.17606289287366284,0,0,0,1
img_006131.jpg,1782802360.726356,30,-0.11603979961417216,0,0,0,1
img_006132.jpg,1782802360.8065834,30,-0.07647968788153138,0,0,0,1
img_006133.jpg,1782802360.8909101,30,-0.05040634918282029,0,0,0,1
img_006134.jpg,1782802360.9820817,30,-0.03322189339836428,0,0,0,1
img_006135.jpg,1782802361.062055,30,-0.021895936104581962,0,0,0,1
img_006136.jpg,1782802361.148793,30,-0.014431206919697761,0,0,0,1
img_006137.jpg,1782802361.21046,30,-0.05123740765388561,0,0,0,1
img_006138.jpg,1782802361.307551,30,-0.09415134183824879,0,0,0,1
img_006139.jpg,1782802361.383891,30,-0.062053409790076904,0,0,0,1
img_006140.jpg,1782802361.461262,30,-0.040898255844197685,0,0,0,1
img_006141.jpg,1782802361.5444224,30,-0.026955284758017117,0,0,0,1
img_006142.jpg,1782802361.639018,30,-0.039310576235438766,0,0,0,1
img_006143.jpg,1782802361.7223036,30,-0.02590887446312271,0,0,0,1
img_006144.jpg,1782802361.8045666,30,-0.0170760604455525,0,0,0,1
img_006145.jpg,1782802361.8963103,30,-0.05329692335622639,0,0,0,1
img_006146.jpg,1782802361.974697,30,-0.07264919465441323,0,0,0,1
img_006147.jpg,1782802362.050509,30,-0.04788174187208398,0,0,0,1
img_006148.jpg,1782802362.108709,30,-0.03155797136652234,0,0,0,1
img_006149.jpg,1782802362.1942196,30,-0.020799275837349532,0,0,0,1
img_006150.jpg,1782802362.2836177,30,-0.01370841840033729,0,0,0,1
img_006151.jpg,1782802362.363769,30,-0.06680280533404549,0,0,0,1
img_006152.jpg,1782802362.4474502,30,-0.0440284946935958,0,0,0,1
img_006153.jpg,1782802362.5364723,30,-0.029018367346858247,0,0,0,1
img_006154.jpg,1782802362.6224356,30,-0.05374377443259037,0,0,0,1
img_006155.jpg,1782802362.708643,30,-0.03542152871554889,0,0,1,0
img_006156.jpg,1782802362.8256586,30,-0.02334567509991651,0,0,1,0
img_006157.jpg,1782802362.8976655,30,-0.01538670310498529,0,0,1,0
img_006158.jpg,1782802362.9627988,30,-0.010141091719459875,0,0,1,0
img_006159.jpg,1782802363.0427537,30,0.0,0,0,1,0
img_006160.jpg,1782802363.1327753,30,0.0,0,0,1,0
img_006161.jpg,1782802363.208958,30,0.0,0,0,1,0
img_006162.jpg,1782802363.2676203,30,0.0,0,0,1,0
img_006163.jpg,1782802363.3521624,30,0.0,0,0,1,0
img_006164.jpg,1782802363.445547,30,0.0,0,0,1,0
img_006165.jpg,1782802363.5286999,30,0.0,0,0,1,0
img_006166.jpg,1782802363.610541,30,0.0,0,0,1,0
img_006167.jpg,1782802363.703486,30,0.0,0,0,1,0
img_006168.jpg,1782802363.790462,30,0.08,0,0,1,0
img_006169.jpg,1782802363.86945,30,0.09344256000000002,0,0,1,0
img_006170.jpg,1782802363.9535182,30,0.0615862647765074,0,0,1,0
img_006171.jpg,1782802364.0503728,30,0.08795648534628901,0,0,1,0
img_006172.jpg,1782802364.1310096,30,0.18795648534628898,0,0,1,0
img_006173.jpg,1782802364.2121084,30,0.14897856208842458,0,0,1,0
img_006174.jpg,1782802364.3030245,30,0.1267271930710703,0,0,1,0
img_006175.jpg,1782802364.4159768,30,0.22672719307107025,0,0,1,0
img_006176.jpg,1782802364.49942,30,0.20769726451812556,0,0,1,0
img_006177.jpg,1782802364.5773327,30,0.13688942946307953,0,0,1,0
img_006178.jpg,1782802364.6712165,30,0.23688942946307948,0,0,1,0
img_006179.jpg,1782802364.747382,30,0.33688942946307954,0,0,1,0
img_006180.jpg,1782802364.8275383,30,0.4368894294630796,0,0,1,0
img_006181.jpg,1782802364.938396,30,0.3713480760497466,0,0,1,0
img_006182.jpg,1782802365.037761,30,0.2860311473915832,0,0,1,0
img_006183.jpg,1782802365.1573586,30,0.2928807631522361,0,0,1,0
img_006184.jpg,1782802365.2526054,30,0.22981771684168936,0,0,1,0
img_006185.jpg,1782802365.357662,30,0.3298177168416894,0,0,1,0
img_006186.jpg,1782802365.4774942,30,0.4298177168416895,0,0,1,0
img_006187.jpg,1782802365.6077251,30,0.5298177168416895,0,0,1,0
img_006188.jpg,1782802365.697412,30,0.5610322994943545,0,0,1,0
img_006189.jpg,1782802365.8178039,30,0.3697660225151378,0,0,1,0
img_006190.jpg,1782802365.9198828,30,0.3247323645402677,0,0,1,0
img_006191.jpg,1782802365.9992855,30,0.2140251014535374,0,0,1,0
img_006192.jpg,1782802366.0827928,30,0.24115084587027405,0,0,1,0
img_006193.jpg,1782802366.1648254,30,0.218928789869032,0,0,1,0
img_006194.jpg,1782802366.2529776,30,0.1442919202992144,0,0,1,0
img_006195.jpg,1782802366.3286772,30,0.09510013861625924,0,0,1,0
img_006196.jpg,1782802366.4075692,30,0.0626787442157353,0,0,1,0
img_006197.jpg,1782802366.4924538,30,0.04131040220997001,0,0,1,0
img_006198.jpg,1782802366.587702,30,0.02722692281255169,0,0,1,0
img_006199.jpg,1782802366.6674266,30,0.0179447617593454,0,0,1,0
img_006200.jpg,1782802366.7445042,30,0.011827060913810479,0,0,1,0
img_006201.jpg,1782802366.8339329,30,0.0,0,0,1,0
img_006202.jpg,1782802366.9057302,30,0.0,0,0,1,0
img_006203.jpg,1782802366.983858,30,0.0,0,0,1,0
img_006204.jpg,1782802367.0707827,30,0.0,0,0,1,0
img_006205.jpg,1782802367.1561625,30,0.0,0,0,1,0
img_006206.jpg,1782802367.2485504,30,0.0,0,0,1,0
img_006207.jpg,1782802367.323537,30,0.0,0,0,1,0
img_006208.jpg,1782802367.3914175,30,0.0,0,0,1,0
img_006209.jpg,1782802367.494543,30,0.0,0,0,1,0
img_006210.jpg,1782802367.5553892,30,0.0,0,0,0,1
img_006211.jpg,1782802367.6432226,30,0.0,0,0,0,1
img_006212.jpg,1782802367.7315369,30,0.0,0,0,0,1
img_006213.jpg,1782802367.813087,30,0.0,0,0,0,1
img_006214.jpg,1782802367.8950744,30,0.0,0,0,0,1
img_006215.jpg,1782802367.9506786,30,0.0,0,0,0,1
img_006216.jpg,1782802368.0429757,30,0.0,0,0,0,1
img_006217.jpg,1782802368.1205482,30,0.0,0,0,0,1
img_006218.jpg,1782802368.2076638,30,0.0,0,0,0,1
img_006219.jpg,1782802368.2948236,30,0.0,0,0,0,1
img_006220.jpg,1782802368.38605,30,0.0,0,0,0,1
img_006221.jpg,1782802368.4596255,30,0.0,0,0,0,1
img_006222.jpg,1782802368.5418682,30,0.0,0,0,0,1
img_006223.jpg,1782802375.5775032,30,0.0,0,0,0,1
img_006224.jpg,1782802375.666261,30,0.0,0,0,0,1
img_006225.jpg,1782802375.763498,30,0.0,0,0,0,1
img_006226.jpg,1782802375.86989,30,0.0,0,0,0,1
img_006227.jpg,1782802375.9476073,30,0.0,0,0,0,1
img_006228.jpg,1782802376.010186,30,0.1,0,0,0,1
img_006229.jpg,1782802376.0910685,30,0.08596715520000002,0,0,0,1
img_006230.jpg,1782802376.168199,30,0.056659363594386815,0,0,0,1
img_006231.jpg,1782802376.2523243,30,0.13212661450683588,0,0,0,1
img_006232.jpg,1782802376.3495288,30,0.10898243566133112,0,0,0,1
img_006233.jpg,1782802376.4333282,30,0.07182830969771613,0,0,0,1
img_006234.jpg,1782802376.5186968,30,0.04734071176445209,0,0,0,1
img_006235.jpg,1782802376.597702,30,0.031201388419087255,0,0,0,1
img_006236.jpg,1782802376.7143114,30,0.020564258605206873,0,0,0,1
img_006237.jpg,1782802376.7910223,30,0.09891911791679034,0,0,0,1
img_006238.jpg,1782802376.8726609,30,0.10817465009238965,0,0,0,1
img_006239.jpg,1782802376.9328387,30,0.07129591315451922,0,0,0,1
img_006240.jpg,1782802377.0396564,30,0.04698981903981545,0,0,0,1
img_006241.jpg,1782802377.0955644,30,0.030970121507653936,0,0,0,1
img_006242.jpg,1782802377.1786547,30,0.042186777018427865,0,0,0,1
img_006243.jpg,1782802377.2562895,30,0.11241183485695365,0,0,0,1
img_006244.jpg,1782802377.350272,30,0.07408856334322787,0,0,0,1
img_006245.jpg,1782802377.4289477,30,0.048830403179954324,0,0,0,1
img_006246.jpg,1782802377.506187,30,0.03218321650631443,0,0,0,1
img_006247.jpg,1782802377.595359,30,0.0212113633564571,0,0,0,1
img_006248.jpg,1782802377.6860862,30,0.03519567138056784,0,0,0,1
img_006249.jpg,1782802377.7620301,30,0.058553966955991625,0,0,0,1
img_006250.jpg,1782802377.8486242,30,0.03859183773075744,0,0,0,1
img_006251.jpg,1782802377.938717,30,0.04764692086377701,0,0,0,1
img_006252.jpg,1782802378.024805,30,0.0682496055135728,0,0,0,1
img_006253.jpg,1782802378.1060808,30,0.044982053959684694,0,0,0,1
img_006254.jpg,1782802378.1937459,30,0.029646840640413584,0,0,0,1
img_006255.jpg,1782802378.2779834,30,0.019539684887351447,0,0,0,1
img_006256.jpg,1782802378.3567712,30,0.05521531814556192,0,0,0,1
img_006257.jpg,1782802378.4385943,30,0.09751824527840362,0,0,0,1
img_006258.jpg,1782802378.5049744,30,0.06427247363788148,0,0,0,1
img_006259.jpg,1782802378.5932095,30,0.09004820395213466,0,0,0,1
img_006260.jpg,1782802378.6781034,30,0.07883775857195345,0,0,0,1
img_006261.jpg,1782802378.7623084,30,0.07647881522312712,0,0,0,1
img_006262.jpg,1782802378.8576937,30,0.14396051000527696,0,0,0,1
img_006263.jpg,1782802378.9406238,30,0.09488171221492682,0,0,0,1
img_006264.jpg,1782802379.0188468,30,0.06253478341043803,0,0,0,1
img_006265.jpg,1782802379.0946803,30,0.04121552030313359,0,0,0,1
img_006266.jpg,1782802379.1929803,30,0.11791827867888292,0,0,0,1
img_006267.jpg,1782802379.2829044,30,0.09880368390086984,0,0,0,1
img_006268.jpg,1782802379.3644223,30,0.11693724300940055,0,0,0,1
img_006269.jpg,1782802379.4450147,30,0.14975968248315663,0,0,0,1
img_006270.jpg,1782802379.5329633,30,0.09870383964494726,0,0,0,1
img_006271.jpg,1782802379.6148872,30,0.17080753247335148,0,0,0,1
img_006272.jpg,1782802379.6860714,30,0.11257608867656999,0,0,0,1
img_006273.jpg,1782802379.774886,30,0.10064871739223048,0,0,0,1
img_006274.jpg,1782802379.8589864,30,0.13597307440078388,0,0,0,1
img_006275.jpg,1782802379.9397972,30,0.08961734099025559,0,0,0,1
img_006276.jpg,1782802380.0265827,30,0.13585211741415235,0,0,0,1
img_006277.jpg,1782802380.1224937,30,0.11165135971659218,0,0,0,1
img_006278.jpg,1782802380.2009528,30,0.09998624807539426,0,0,0,1
img_006279.jpg,1782802380.2778134,30,0.1655873482293627,0,0,0,1
img_006280.jpg,1782802380.366797,30,0.10913556169365721,0,0,0,1
img_006281.jpg,1782802380.4608092,30,0.1804047167581646,0,0,0,1
img_006282.jpg,1782802380.5260258,30,0.11890141551343571,0,0,0,1
img_006283.jpg,1782802380.6080706,30,0.07836572604723133,0,0,0,1
img_006284.jpg,1782802380.696849,30,0.1456964679634528,0,0,0,1
img_006285.jpg,1782802380.7736948,30,0.09602585003021251,0,0,0,1
img_006286.jpg,1782802380.864281,30,0.08879224293966005,0,0,0,1
img_006287.jpg,1782802380.9470792,30,0.0585213267250156,0,0,0,1
img_006288.jpg,1782802381.0375786,30,0.03857032515760816,0,0,0,1
img_006289.jpg,1782802381.1240575,30,0.06389024935632759,0,0,0,1
img_006290.jpg,1782802381.2101328,30,0.042108882863396216,0,0,0,1
img_006291.jpg,1782802381.2966557,30,0.14210888286339624,0,0,0,1
img_006292.jpg,1782802381.3859854,30,0.09366133897785758,0,0,0,1
img_006293.jpg,1782802381.4449613,30,0.11293296072598999,0,0,0,1
img_006294.jpg,1782802381.526179,30,0.1463704579584779,0,0,0,1
img_006295.jpg,1782802381.603713,30,0.09647006438275518,0,0,0,1
img_006296.jpg,1782802381.6987906,30,0.06358163697658836,0,0,0,1
img_006297.jpg,1782802381.7610803,30,0.04190548214607931,0,0,0,1
img_006298.jpg,1782802381.852849,30,0.07263129608136622,0,0,0,1
img_006299.jpg,1782802381.9501693,30,0.1726312960813662,0,0,0,1
img_006300.jpg,1782802382.041301,30,0.11377809757329704,0,0,0,1
img_006301.jpg,1782802382.120635,30,0.18467584976743326,0,0,0,1
img_006302.jpg,1782802382.201762,30,0.1749523881037031,0,0,0,1
img_006303.jpg,1782802382.2933726,30,0.11530788643886622,0,0,0,1
img_006304.jpg,1782802382.3778005,30,0.07599729743110059,0,0,0,1
img_006305.jpg,1782802382.4406893,30,0.05008841454997323,1,0,0,0
img_006306.jpg,1782802382.5517745,30,0.03301234855626941,1,0,0,0
img_006307.jpg,1782802382.6427345,30,0.021757828970875366,1,0,0,0
img_006308.jpg,1782802382.7027993,30,0.01434018305964963,1,0,0,0
img_006309.jpg,1782802382.7825613,30,0.0,1,0,0,0
img_006310.jpg,1782802382.8689103,30,0.0,1,0,0,0
img_006311.jpg,1782802382.96054,30,0.0,1,0,0,0
img_006312.jpg,1782802383.0249956,30,-0.04,1,0,0,0
img_006313.jpg,1782802383.1096735,30,-0.14,1,0,0,0
img_006314.jpg,1782802383.2031171,30,-0.11462287360000002,1,0,0,0
img_006315.jpg,1782802383.2880526,30,-0.10211501970200988,1,0,0,0
img_006316.jpg,1782802383.366385,30,-0.20211501970200985,1,0,0,0
img_006317.jpg,1782802383.428859,30,-0.13321027504679872,1,0,0,0
img_006318.jpg,1782802383.5230162,30,-0.08779643098373507,1,0,0,0
img_006319.jpg,1782802383.6125522,30,-0.12509489918463337,1,0,0,0
img_006320.jpg,1782802383.6902552,30,-0.08244773669915863,1,0,0,0
img_006321.jpg,1782802383.7690873,30,-0.0790649781392109,1,0,0,0
img_006322.jpg,1782802383.8636124,30,-0.11770459749702812,1,0,0,0
img_006323.jpg,1782802383.946497,30,-0.07757692540598421,1,0,0,0
img_006324.jpg,1782802384.010482,30,-0.10040822089053504,1,0,0,0
img_006325.jpg,1782802384.0978801,30,-0.08625960177210426,1,0,0,0
img_006326.jpg,1782802384.1881216,30,-0.08179577144193903,1,0,0,0
img_006327.jpg,1782802384.2752285,30,-0.181795771441939,1,0,0,0
img_006328.jpg,1782802384.3560345,30,-0.11981823395327225,1,0,0,0
img_006329.jpg,1782802384.4242117,30,-0.07896998414105665,1,0,0,0
img_006330.jpg,1782802384.524239,30,-0.09264049901083114,1,0,0,0
img_006331.jpg,1782802384.604688,30,-0.06105764119806669,1,0,0,0
img_006332.jpg,1782802384.6825223,30,-0.11167918751004366,1,0,0,0
img_006333.jpg,1782802384.7779489,30,-0.11811076316382087,1,0,0,0
img_006334.jpg,1782802384.8437319,30,-0.07784462169232553,1,0,0,0
img_006335.jpg,1782802384.9222424,30,-0.14521705195693949,1,0,0,0
img_006336.jpg,1782802385.0107713,30,-0.09570987579839324,1,0,0,0
img_006337.jpg,1782802385.09887,30,-0.11452813176569926,1,0,0,0
img_006338.jpg,1782802385.1843042,30,-0.12032920186836882,1,0,0,0
img_006339.jpg,1782802385.2647905,30,-0.07930675365284481,1,0,0,0
img_006340.jpg,1782802385.3360076,30,-0.15296221336061722,1,0,0,0
img_006341.jpg,1782802385.432371,30,-0.12390891199756415,1,0,0,0
img_006342.jpg,1782802385.505911,30,-0.13648638286555925,1,0,0,0
img_006343.jpg,1782802385.5913043,30,-0.2364863828655592,1,0,0,0
img_006344.jpg,1782802385.6697855,30,-0.33648638286555926,1,0,0,0
img_006345.jpg,1782802385.756146,30,-0.25538433502075136,1,0,0,0
img_006346.jpg,1782802385.8218036,30,-0.16831909652689594,1,0,0,0
img_006347.jpg,1782802385.9120831,30,-0.23485356880474423,1,0,0,0
img_006348.jpg,1782802386.022469,30,-0.15478764785678686,1,0,0,0
img_006349.jpg,1782802386.086486,30,-0.10201767872199632,1,0,0,0
img_006350.jpg,1782802386.1691728,30,-0.06723796708542158,1,0,0,0
img_006351.jpg,1782802386.2522035,30,-0.04431530176353113,1,0,0,0
img_006352.jpg,1782802386.3408616,30,-0.09750847141265276,1,0,0,0
img_006353.jpg,1782802386.425388,30,-0.10707619658737576,1,0,0,0
img_006354.jpg,1782802386.506014,30,-0.07057194274527027,1,0,0,0
img_006355.jpg,1782802386.5854793,30,-0.04651266351973593,1,0,0,0
img_006356.jpg,1782802386.6779313,30,-0.06736637293085615,1,0,0,0
img_006357.jpg,1782802386.7529051,30,-0.044399931683727925,1,0,0,0
img_006358.jpg,1782802386.8378005,30,-0.07457369400293874,1,0,0,0
img_006359.jpg,1782802386.922587,30,-0.04915014383410759,1,0,0,0
img_006360.jpg,1782802387.0069156,30,-0.032393951663682724,1,0,0,0
img_006361.jpg,1782802387.0890596,30,-0.06522478143308978,1,0,0,0
img_006362.jpg,1782802387.1757364,30,-0.16522478143308977,1,0,0,0
img_006363.jpg,1782802387.2685719,30,-0.1088966006173079,1,0,0,0
img_006364.jpg,1782802387.3498266,30,-0.12479647614149028,1,0,0,0
img_006365.jpg,1782802387.4260943,30,-0.1283250384136648,1,0,0,0
img_006366.jpg,1782802387.4869335,30,-0.08457666178237672,1,0,0,0
img_006367.jpg,1782802387.5679545,30,-0.05574291507470008,1,0,0,0
img_006368.jpg,1782802387.654153,30,-0.03673912537504158,1,0,0,0
img_006369.jpg,1782802387.7387934,30,-0.024214078713218182,1,0,0,0
img_006370.jpg,1782802387.8192415,30,-0.015959051881192537,1,0,0,0
img_006371.jpg,1782802387.9114401,30,-0.010518316222684204,1,0,0,0
img_006372.jpg,1782802387.991673,30,0.0,1,0,0,0
img_006373.jpg,1782802388.0767598,30,0.0,0,0,0,1
img_006374.jpg,1782802388.1631217,30,0.0,0,0,0,1
img_006375.jpg,1782802388.248977,30,0.0,0,0,0,1
img_006376.jpg,1782802388.3262515,30,0.0,0,0,0,1
img_006377.jpg,1782802388.3908906,30,0.0,0,0,0,1
img_006378.jpg,1782802388.4767866,30,0.04,0,0,0,1
img_006379.jpg,1782802388.5799515,30,0.06229504000000001,0,0,0,1
img_006380.jpg,1782802388.661863,30,0.04105750985100494,0,0,0,1
img_006381.jpg,1782802388.7488408,30,0.027060246131399342,0,0,0,1
img_006382.jpg,1782802388.8367243,30,0.017834908238449593,0,0,0,1
img_006383.jpg,1782802388.89789,30,0.01175465848792959,0,0,0,1
img_006384.jpg,1782802388.9765928,30,0.0,0,0,0,1
img_006385.jpg,1782802389.066613,30,0.0,0,0,0,1
img_006386.jpg,1782802389.162165,30,0.06,0,0,0,1
img_006387.jpg,1782802389.2482474,30,0.05731143680000001,0,0,0,1
img_006388.jpg,1782802389.3308403,30,0.03777290906292455,0,0,0,1
img_006389.jpg,1782802389.4100227,30,0.1147510763378906,0,0,0,1
img_006390.jpg,1782802389.4929268,30,0.07563031418161643,0,0,0,1
img_006391.jpg,1782802389.5699375,30,0.049846542670914325,0,0,0,1
img_006392.jpg,1782802389.6581607,30,0.032852935269800015,0,0,0,1
img_006393.jpg,1782802389.7442045,30,0.06558218645937004,0,0,0,1
img_006394.jpg,1782802389.828053,30,0.08221558160967395,0,0,0,1
img_006395.jpg,1782802389.9047952,30,0.05418677075807784,0,0,0,1
img_006396.jpg,1782802389.9847133,30,0.12985182909743162,0,0,0,1
img_006397.jpg,1782802390.0747068,30,0.10735279540852319,0,0,0,1
img_006398.jpg,1782802390.1528912,30,0.07075424391762744,0,0,0,1
img_006399.jpg,1782802390.2154894,30,0.17075424391762742,0,0,0,1
img_006400.jpg,1782802390.315718,30,0.11254096717409422,0,0,0,1
img_006401.jpg,1782802390.4002135,30,0.1276343006468611,0,0,0,1
img_006402.jpg,1782802390.492559,30,0.13053481830210295,0,0,0,1
img_006403.jpg,1782802390.5680017,30,0.11351422486650573,0,0,0,1
img_006404.jpg,1782802390.6441953,30,0.21351422486650568,0,0,0,1
img_006405.jpg,1782802390.7435768,30,0.16728794675422162,0,0,0,1
img_006406.jpg,1782802390.8183336,30,0.1702651166821513,0,0,0,1
img_006407.jpg,1782802390.897237,30,0.23024390734757919,0,0,0,1
img_006408.jpg,1782802390.9809954,30,0.1517495051621622,0,0,0,1
img_006409.jpg,1782802391.064852,30,0.15816551867571377,0,0,0,1
img_006410.jpg,1782802391.1607728,30,0.12763652329402989,0,0,0,1
img_006411.jpg,1782802391.2356331,30,0.08412287418858151,0,0,0,1
img_006412.jpg,1782802391.3261676,30,0.05544383205617229,0,0,0,1
img_006413.jpg,1782802391.4029932,30,0.03654200528362703,0,0,0,1
img_006414.jpg,1782802391.4905007,30,0.024084160503115352,0,0,0,1
img_006415.jpg,1782802391.574128,30,0.05875404677384989,0,0,0,1
img_006416.jpg,1782802391.6626933,30,0.15875404677384988,0,0,0,1
img_006417.jpg,1782802391.7502697,30,0.10463185896187305,0,0,0,1
img_006418.jpg,1782802391.835066,30,0.12147557299130302,0,0,0,1
img_006419.jpg,1782802391.926001,30,0.12573909098145178,0,0,0,1
img_006420.jpg,1782802391.9802043,30,0.08287231160983863,0,0,0,1
img_006421.jpg,1782802392.0554187,30,0.07936914061621467,0,0,0,1
img_006422.jpg,1782802392.1420486,30,0.092951317368159,0,0,0,1
img_006423.jpg,1782802392.2406151,30,0.06126249583445286,0,0,0,1
img_006424.jpg,1782802392.3189442,30,0.11185257647428092,0,0,0,1
img_006425.jpg,1782802392.3948095,30,0.07371996647651358,0,0,0,1
img_006426.jpg,1782802392.4769988,30,0.04858746779559351,0,0,0,1
img_006427.jpg,1782802392.5690744,30,0.07463447812281512,0,0,0,1
img_006428.jpg,1782802392.649101,30,0.049190205524422076,0,0,0,1
img_006429.jpg,1782802392.7310605,30,0.03242035558355716,0,0,0,1
img_006430.jpg,1782802392.825446,30,0.08744058896592279,0,0,0,1
img_006431.jpg,1782802392.9048896,30,0.05763047656516552,0,0,0,1
img_006432.jpg,1782802392.981498,30,0.037983182277311206,0,0,0,1
img_006433.jpg,1782802393.0391226,30,0.08293296547951622,0,0,0,1
img_006434.jpg,1782802393.136812,30,0.05465958521173258,0,0,0,1
img_006435.jpg,1782802393.2228806,30,0.036025122678828916,0,0,0,1
img_006436.jpg,1782802393.3036811,30,0.02374349272862943,0,0,0,1
img_006437.jpg,1782802393.385509,30,0.058488772865870994,0,0,0,1
img_006438.jpg,1782802393.485932,30,0.10028889735367323,0,0,0,1
img_006439.jpg,1782802393.5700896,30,0.06609855922790742,0,0,0,1
img_006440.jpg,1782802393.6758232,30,0.11114582053050086,0,0,0,1
img_006441.jpg,1782802393.7282214,30,0.07325415669255635,0,0,0,1
img_006442.jpg,1782802393.8380952,30,0.1220023182245797,0,0,0,1
img_006443.jpg,1782802393.8881152,30,0.15404676214528426,0,0,0,1
img_006444.jpg,1782802393.969988,30,0.10152937463874206,0,0,0,1
img_006445.jpg,1782802394.0493882,30,0.1459344626942313,0,0,0,1
img_006446.jpg,1782802394.1450608,30,0.1447849348864456,0,0,0,1
img_006447.jpg,1782802394.2229493,30,0.0954250754213714,0,0,0,1
img_006448.jpg,1782802394.2847283,30,0.06289290406019235,0,0,0,1
img_006449.jpg,1782802394.3802445,30,0.041451551006463055,0,0,0,1
img_006450.jpg,1782802394.4709904,30,0.02731995137634217,0,0,0,1
img_006451.jpg,1782802394.5499346,30,0.07832360684493603,0,0,0,1
img_006452.jpg,1782802394.6284523,30,0.05162164210187839,0,0,0,1
img_006453.jpg,1782802394.720001,30,0.03402287050659126,0,0,0,1
img_006454.jpg,1782802394.7864199,30,0.08879695759677884,0,0,0,1
img_006455.jpg,1782802394.866408,30,0.1259417449099136,0,0,0,1
img_006456.jpg,1782802394.952508,30,0.08300587706969172,0,0,0,1
img_006457.jpg,1782802395.0479872,30,0.054707639893644376,0,0,0,1
img_006458.jpg,1782802395.1347458,30,0.036056794631780235,0,0,0,1
img_006459.jpg,1782802395.2129118,30,0.023764367127623306,0,0,0,1
img_006460.jpg,1782802395.2941303,30,0.01566265528435798,0,0,0,1
img_006461.jpg,1782802395.3881392,30,0.010322966702171189,0,0,0,1
img_006462.jpg,1782802395.4673185,30,0.0,0,0,0,1
img_006463.jpg,1782802395.5282288,30,-0.04,0,0,0,1
img_006464.jpg,1782802395.6221426,30,-0.0429835776,0,0,0,1
img_006465.jpg,1782802395.7025247,30,-0.028329681797193407,0,0,0,1
img_006466.jpg,1782802395.7847896,30,-0.01867156983066555,0,0,0,1
img_006467.jpg,1782802395.868186,30,-0.012306086684530218,0,0,0,1
img_006468.jpg,1782802395.9636457,30,0.0,0,0,0,1
img_006469.jpg,1782802396.0383768,30,0.0,0,0,0,1
img_006470.jpg,1782802396.1040921,30,0.0,0,0,0,1
img_006471.jpg,1782802396.1864932,30,0.0,0,0,0,1
img_006472.jpg,1782802396.2815466,30,0.0,0,0,0,1
img_006473.jpg,1782802396.3630004,30,0.0,0,0,0,1
img_006474.jpg,1782802396.4432895,30,0.0,0,0,0,1
img_006475.jpg,1782802396.5329723,30,0.0,0,0,0,1
img_006476.jpg,1782802396.6271045,30,0.0,0,0,0,1
img_006477.jpg,1782802396.7107792,30,0.0,0,0,0,1
img_006478.jpg,1782802396.7711058,30,0.0,0,0,0,1
img_006479.jpg,1782802396.8663921,30,0.0,0,0,0,1
img_006480.jpg,1782802396.9481473,30,0.0,0,0,0,1
img_006481.jpg,1782802397.031231,30,0.0,0,0,0,1
img_006482.jpg,1782802397.115811,30,0.0,0,0,0,1
img_006483.jpg,1782802397.2122765,30,0.0,0,0,0,1
img_006484.jpg,1782802397.2927966,30,0.0,0,0,0,1
img_006485.jpg,1782802397.3771517,30,0.0,0,0,0,1
img_006486.jpg,1782802397.464725,30,0.0,0,0,0,1
img_006487.jpg,1782802397.563628,30,0.0,0,0,0,1
img_006488.jpg,1782802397.6380599,30,0.0,0,0,0,1
img_006489.jpg,1782802397.722058,30,0.0,0,0,0,1
img_006490.jpg,1782802397.8049164,30,0.0,0,0,0,1
img_006491.jpg,1782802397.8919935,30,0.0,0,0,0,1
img_006492.jpg,1782802397.9684188,30,0.0,0,0,0,1
img_006493.jpg,1782802398.0338724,30,0.0,0,0,0,1
img_006494.jpg,1782802398.1529374,30,0.0,0,0,0,1
img_006495.jpg,1782802403.48825,30,0.0,0,0,0,1
img_006496.jpg,1782802403.5882516,30,0.0,0,0,0,1
img_006497.jpg,1782802403.7007427,30,0.04,0,0,0,1
img_006498.jpg,1782802403.7881603,30,0.08464000000000002,0,0,0,1
img_006499.jpg,1782802403.9181993,30,0.10590815232000003,0,0,0,1
img_006500.jpg,1782802404.0045261,30,0.1710355001344,0,0,0,1
img_006501.jpg,1782802404.1200423,30,0.17318329152865566,0,0,0,1
img_006502.jpg,1782802404.2233717,30,0.16600327091386582,0,0,0,1
img_006503.jpg,1782802404.329137,30,0.16926475502137636,0,0,0,1
img_006504.jpg,1782802404.4182606,30,0.16295195355808553,0,0,0,1
img_006505.jpg,1782802404.548347,30,0.1668887308122385,0,0,0,1
img_006506.jpg,1782802404.6661081,30,0.13388577105722274,0,0,0,1
img_006507.jpg,1782802404.7485216,30,0.1733209166228333,0,0,0,1
img_006508.jpg,1782802404.881755,30,0.13849374368934478,0,0,0,1
img_006509.jpg,1782802404.9684515,30,0.1772211046586614,0,0,0,1
img_006510.jpg,1782802405.082963,30,0.1168031556016172,0,0,0,1
img_006511.jpg,1782802405.2096214,30,0.1277532156291121,0,0,0,1
img_006512.jpg,1782802405.298319,30,0.08419978395053326,0,0,0,1
img_006513.jpg,1782802405.4100955,30,0.055494521859228395,0,0,0,1
img_006514.jpg,1782802405.5136292,30,0.05975588477851734,0,0,0,1
img_006515.jpg,1782802405.6325278,30,0.1013613808765371,0,0,0,1
img_006516.jpg,1782802405.7198293,30,0.09261457967582981,0,0,0,1
img_006517.jpg,1782802405.8482623,30,0.10326538181861258,0,0,0,1
img_006518.jpg,1782802405.968433,30,0.12041151363757181,0,0,0,1
img_006519.jpg,1782802406.0553532,30,0.12491052073141355,0,0,0,1
img_006520.jpg,1782802406.1784008,30,0.10948501768191873,0,0,0,1
img_006521.jpg,1782802406.2588463,30,0.17432621626736522,0,0,0,1
img_006522.jpg,1782802406.378489,30,0.11489518815118771,0,0,0,1
img_006523.jpg,1782802406.4785032,30,0.07572529561503541,0,0,0,1
img_006524.jpg,1782802406.5918608,30,0.04990914317872784,0,0,0,1
img_006525.jpg,1782802406.6812224,30,0.03289419410784285,0,0,0,1
img_006526.jpg,1782802406.8022168,30,0.02167995555703353,0,0,0,1
img_006527.jpg,1782802406.888595,30,0.014288858131437968,0,0,0,1
img_006528.jpg,1782802407.0085433,30,0.0,0,0,0,1
img_006529.jpg,1782802407.1292665,30,0.0,0,0,0,1
img_006530.jpg,1782802407.2234778,30,0.06,0,0,0,1
img_006531.jpg,1782802407.3335524,30,0.03954489139200001,0,0,0,1
img_006532.jpg,1782802407.4385614,30,0.026063307253417937,0,0,0,1
img_006533.jpg,1782802407.5556889,30,0.017177844244212304,0,0,0,1
img_006534.jpg,1782802407.638465,30,0.03230608668453022,0,0,0,1
img_006535.jpg,1782802407.7683663,30,0.05630388202820349,0,0,0,1
img_006536.jpg,1782802407.8885288,30,0.08384315728877773,0,0,0,1
img_006537.jpg,1782802407.9839277,30,0.09643518046288377,0,0,0,1
img_006538.jpg,1782802408.1137826,30,0.06355864562954433,0,0,0,1
img_006539.jpg,1782802408.228441,30,0.04189032897404911,0,0,0,1
img_006540.jpg,1782802408.3512084,30,0.1121391026561252,0,0,0,1
img_006541.jpg,1782802408.4785244,30,0.07390881058888019,0,0,0,1
img_006542.jpg,1782802408.5783546,30,0.11334041728242819,0,0,0,1
img_006543.jpg,1782802408.7189138,30,0.15593132918784722,0,0,0,1
img_006544.jpg,1782802408.8495262,30,0.12603596567361627,0,0,0,1
img_006545.jpg,1782802408.968184,30,0.1618768413461488,0,0,0,1
img_006546.jpg,1782802409.108153,30,0.1066900351652245,0,0,0,1
img_006547.jpg,1782802409.2083073,30,0.11422577010273835,0,0,0,1
img_006548.jpg,1782802409.3486362,30,0.10183053755218024,0,0,0,1
img_006549.jpg,1782802409.4798052,30,0.08727853941539758,0,0,0,1
img_006550.jpg,1782802409.5988626,30,0.10796275130029713,0,0,0,1
img_006551.jpg,1782802409.7285254,30,0.07115625457586262,0,0,0,1
img_006552.jpg,1782802409.8323762,30,0.11101065387301014,0,0,0,1
img_006553.jpg,1782802409.968509,30,0.07316507084605152,0,0,0,1
img_006554.jpg,1782802410.092234,30,0.04822174633825156,0,0,0,1
img_006555.jpg,1782802410.20916,30,0.031782062027978876,0,0,0,1
img_006556.jpg,1782802410.3299553,30,0.10923949706574057,0,0,0,1
img_006557.jpg,1782802410.428353,30,0.11621100549112738,0,0,0,1
img_006558.jpg,1782802410.5693057,30,0.130492115443875,0,0,0,1
img_006559.jpg,1782802410.6683507,30,0.08600494221233941,0,0,0,1
img_006560.jpg,1782802410.7883275,30,0.05668426831603665,0,0,0,1
img_006561.jpg,1782802410.8985844,30,0.12574952685075375,0,0,0,1
img_006562.jpg,1782802411.018639,30,0.0828791896984741,0,0,0,1
img_006563.jpg,1782802411.1085534,30,0.054624142588052066,0,0,0,1
img_006564.jpg,1782802411.2242322,30,0.03600176310042735,0,0,0,1
img_006565.jpg,1782802411.318746,30,0.02372809686211522,0,0,0,1
img_006566.jpg,1782802411.4382122,30,0.015638750222520044,0,0,0,1
img_006567.jpg,1782802411.5427525,30,0.010307211317602852,0,0,0,1
img_006568.jpg,1782802411.6384227,30,0.0,0,0,0,1
img_006569.jpg,1782802411.7686906,30,0.02,0,0,0,1
img_006570.jpg,1782802411.86868,30,0.12000000000000001,0,0,0,1
img_006571.jpg,1782802411.958562,30,0.12459008000000002,0,0,0,1
img_006572.jpg,1782802412.055395,30,0.10925545619783683,0,0,0,1
img_006573.jpg,1782802412.1583593,30,0.20925545619783678,0,0,0,1
img_006574.jpg,1782802412.2484434,30,0.22789781812584906,0,0,0,1
img_006575.jpg,1782802412.342425,30,0.1502032411043412,0,0,0,1
img_006576.jpg,1782802412.4483871,30,0.25020324110434117,0,0,0,1
img_006577.jpg,1782802412.5184188,30,0.16490433325662607,0,0,0,1
img_006578.jpg,1782802412.6028643,30,0.10868539914505755,0,0,0,1
img_006579.jpg,1782802412.7033463,30,0.07163253841812453,0,0,0,1
img_006580.jpg,1782802412.7685328,30,0.04721168253130005,0,0,0,1
img_006581.jpg,1782802412.8616042,30,0.031116347635564083,0,0,0,1
img_006582.jpg,1782802412.9525702,30,0.020508209796068298,0,0,0,1
img_006583.jpg,1782802413.038253,30,0.013516582150497856,0,0,0,1
img_006584.jpg,1782802413.1189039,30,0.0,0,0,0,1
img_006585.jpg,1782802413.204254,30,0.0,0,0,0,1
img_006586.jpg,1782802413.2788782,30,0.0,0,0,0,1
img_006587.jpg,1782802413.3684824,30,0.0,0,0,0,1
img_006588.jpg,1782802413.448529,30,0.0,0,0,0,1
img_006589.jpg,1782802413.5363276,30,0.0,0,0,0,1
img_006590.jpg,1782802413.6384692,30,0.0,0,0,0,1
img_006591.jpg,1782802413.7209728,30,0.0,0,0,0,1
img_006592.jpg,1782802413.7884924,30,0.0,0,0,0,1
img_006593.jpg,1782802413.8763585,30,0.0,0,0,0,1
img_006594.jpg,1782802413.9726825,30,0.0,0,0,0,1
img_006595.jpg,1782802414.058435,30,0.0,0,0,0,1
img_006596.jpg,1782802414.127209,30,0.0,0,0,0,1
img_006597.jpg,1782802414.2250223,30,0.0,0,0,0,1
img_006598.jpg,1782802414.3113406,30,0.0,0,0,0,1
img_006599.jpg,1782802414.3906763,30,0.0,0,0,0,1
img_006600.jpg,1782802414.4757893,30,0.0,0,0,0,1
img_006601.jpg,1782802414.572442,30,0.0,0,0,0,1
img_006602.jpg,1782802414.6527889,30,0.0,0,0,0,1
img_006603.jpg,1782802414.7216249,30,-0.1,0,0,0,1
img_006604.jpg,1782802414.8051832,30,-0.13542400000000002,0,0,0,1
img_006605.jpg,1782802414.9031565,30,-0.08925545619783683,0,0,0,1
img_006606.jpg,1782802414.9897685,30,-0.08394198046171868,0,0,0,1
img_006607.jpg,1782802415.0624263,30,-0.12183249226279871,0,0,0,1
img_006608.jpg,1782802415.1475976,30,-0.08029754457581761,0,0,0,1
img_006609.jpg,1782802415.2419116,30,-0.1538737410097522,0,0,0,1
img_006610.jpg,1782802415.3206422,30,-0.10141533960518981,0,0,0,1
img_006611.jpg,1782802415.3953366,30,-0.0668409765028338,0,0,0,1
img_006612.jpg,1782802415.496313,30,-0.044053652605663116,0,0,0,1
img_006613.jpg,1782802415.5787456,30,-0.029034948461864104,0,0,0,1
img_006614.jpg,1782802415.6685925,30,-0.019136398058278895,0,0,0,1
img_006615.jpg,1782802415.7405205,30,-0.012612446380811979,0,0,0,1
img_006616.jpg,1782802415.8384454,30,0.0,0,0,0,1
img_006617.jpg,1782802415.9284885,30,0.0,0,0,0,1
img_006618.jpg,1782802416.01885,30,0.0,0,0,0,1
img_006619.jpg,1782802416.105255,30,-0.02,0,0,0,1
img_006620.jpg,1782802416.1986282,30,-0.06771200000000001,0,0,0,1
img_006621.jpg,1782802416.2685719,30,-0.044627728098918414,0,0,0,1
img_006622.jpg,1782802416.355668,30,-0.02941331101239059,0,0,0,1
img_006623.jpg,1782802416.4583442,30,-0.01938576982440173,0,0,0,1
img_006624.jpg,1782802416.5429995,30,-0.012776802704271293,0,0,0,1
img_006625.jpg,1782802416.6090655,30,-0.1127768027042713,0,0,0,1
img_006626.jpg,1782802416.7236567,30,-0.17735465848792958,0,0,0,1
img_006627.jpg,1782802416.8083742,30,-0.11689117846284046,0,0,0,1
img_006628.jpg,1782802416.8984396,30,-0.07704081594993195,0,0,0,1
img_006629.jpg,1782802416.969204,30,-0.05077617832485201,0,0,0,1
img_006630.jpg,1782802417.0703309,30,-0.0334656409526183,0,0,0,1
img_006631.jpg,1782802417.158407,30,-0.003974549580343451,0,0,0,1
img_006632.jpg,1782802417.2485452,30,0.09602545041965656,0,0,0,1
img_006633.jpg,1782802417.3209252,30,0.06328860012855332,0,0,0,1
img_006634.jpg,1782802417.4207144,30,0.04171234697392265,0,0,0,1
img_006635.jpg,1782802417.508466,30,0.02749183717981986,0,0,0,1
img_006636.jpg,1782802417.5989618,30,0.03969495861308921,0,0,0,1
img_006637.jpg,1782802417.7055626,30,0.13969495861308923,0,0,0,1
img_006638.jpg,1782802417.7891297,30,0.20211936192404206,0,0,0,1
img_006639.jpg,1782802417.8587184,30,0.13321313692510975,0,0,0,1
img_006640.jpg,1782802417.9617195,30,0.08779831719485151,0,0,0,1
img_006641.jpg,1782802418.0384715,30,0.05786624863117949,0,0,0,1
img_006642.jpg,1782802418.1293867,30,0.0381385752897077,0,0,0,1
img_006643.jpg,1782802418.200771,30,0.02513643029461844,0,0,0,1
img_006644.jpg,1782802418.300644,30,0.016566956766387746,0,0,0,1
img_006645.jpg,1782802418.3860748,30,0.010918975100379385,0,0,0,1
img_006646.jpg,1782802418.4591799,30,0.0,0,0,0,1
img_006647.jpg,1782802418.5484672,30,-0.0736,0,0,0,1
img_006648.jpg,1782802418.6486132,30,-0.048508400107520014,0,0,0,1
img_006649.jpg,1782802418.7086222,30,-0.031970990230859336,0,0,0,1
img_006650.jpg,1782802418.7999573,30,-0.0029037923256164076,0,0,0,1
img_006651.jpg,1782802418.9016123,30,0.09709620767438361,0,0,0,1
img_006652.jpg,1782802418.968554,30,0.0838868988206264,0,0,0,1
img_006653.jpg,1782802419.0537734,30,0.055288305051222744,0,0,0,1
img_006654.jpg,1782802419.1451547,30,0.03643950030830615,0,0,0,1
img_006655.jpg,1782802419.225445,30,0.02401660136784529,0,0,0,1
img_006656.jpg,1782802419.3087351,30,0.015828898211606685,0,0,0,1
img_006657.jpg,1782802419.3940084,30,0.010432534343883491,0,0,0,1
img_006658.jpg,1782802419.466471,30,0.0,0,0,0,1
img_006659.jpg,1782802419.558389,30,0.08,0,0,0,1
img_006660.jpg,1782802419.638368,30,0.07163929600000002,0,0,0,1
img_006661.jpg,1782802419.7245862,30,0.0472161363286557,0,0,0,1
img_006662.jpg,1782802419.824466,30,0.03111928305110926,0,0,0,1
img_006663.jpg,1782802419.8884518,30,0.020510144474217038,0,0,0,1
img_006664.jpg,1782802419.973461,30,0.013517857261119032,0,0,0,1
img_006665.jpg,1782802420.054994,30,0.0,0,0,0,1
img_006666.jpg,1782802420.1545174,30,0.0,0,0,0,1
img_006667.jpg,1782802420.2458372,30,0.1,0,0,0,1
img_006668.jpg,1782802420.3125405,30,0.06590815232000002,0,0,0,1
img_006669.jpg,1782802420.4056866,30,0.043438845422363245,0,0,0,1
img_006670.jpg,1782802420.4886923,30,0.028629740407020522,0,0,0,1
img_006671.jpg,1782802420.565858,30,0.018869332916279676,0,0,0,1
img_006672.jpg,1782802420.6309378,30,0.01243642868022951,0,0,0,1
img_006673.jpg,1782802420.7280695,30,0.0,0,0,0,1
img_006674.jpg,1782802420.8131263,30,0.04,0,0,0,1
img_006675.jpg,1782802420.893061,30,0.14,0,0,0,1
img_006676.jpg,1782802420.957302,30,0.09227141324800003,0,0,0,1
img_006677.jpg,1782802421.0687003,30,0.06081438359130853,0,0,0,1
img_006678.jpg,1782802421.1599007,30,0.04008163656982872,0,0,0,1
img_006679.jpg,1782802421.2214987,30,0.08470909719270303,0,0,0,1
img_006680.jpg,1782802421.296041,30,0.05583020080666358,0,0,0,1
img_006681.jpg,1782802421.3860893,30,0.05999636281328012,0,0,0,1
img_006682.jpg,1782802421.4715178,30,0.05730883114503969,0,0,0,1
img_006683.jpg,1782802421.5467346,30,0.03777119172388437,0,0,0,1
img_006684.jpg,1782802421.6139386,30,0.02489429457445695,0,0,0,1
img_006685.jpg,1782802421.7233224,30,0.016407369587122585,0,0,0,1
img_006686.jpg,1782802421.790657,30,0.03175412406433273,0,0,0,1
img_006687.jpg,1782802421.8706388,30,0.10281379413918613,0,0,0,1
img_006688.jpg,1782802421.9547968,30,0.06776267204722605,0,0,0,1
img_006689.jpg,1782802422.0509026,30,0.11255432562077215,0,0,0,1
img_006690.jpg,1782802422.1334605,30,0.0741824763728873,0,0,0,1
img_006691.jpg,1782802422.212829,30,0.12278804800201183,0,0,0,1
img_006692.jpg,1782802422.3069496,30,0.1267610995225906,0,0,0,1
img_006693.jpg,1782802422.3805456,30,0.08354589855585583,0,0,0,1
img_006694.jpg,1782802422.4633338,30,0.055063558077306146,0,0,0,1
img_006695.jpg,1782802422.5429654,30,0.0362913737304026,0,0,0,1
img_006696.jpg,1782802422.6404417,30,0.10698806383197042,0,0,0,1
img_006697.jpg,1782802422.7225213,30,0.0705138560745939,0,0,0,1
img_006698.jpg,1782802422.8069224,30,0.04647437966834893,0,0,0,1
img_006699.jpg,1782802422.8864686,30,0.030630404941590528,0,0,0,1
img_006700.jpg,1782802422.9844725,30,0.020187933945136294,0,0,0,1
img_006701.jpg,1782802423.049692,30,0.013305494254821417,0,0,0,1
img_006702.jpg,1782802423.1327882,30,0.09224105471443571,0,0,0,1
img_006703.jpg,1782802423.220717,30,0.060794374842764856,0,0,0,1
img_006704.jpg,1782802423.3058832,30,0.06355266214495786,0,0,0,1
img_006705.jpg,1782802423.3869982,30,0.10457497323949236,0,0,0,1
img_006706.jpg,1782802423.4645875,30,0.06892343265128388,0,0,0,1
img_006707.jpg,1782802423.551545,30,0.09366984992436296,0,0,0,1
img_006708.jpg,1782802423.6170876,30,0.06173606736606456,0,0,0,1
img_006709.jpg,1782802423.6965334,30,0.040689101316003645,0,0,0,1
img_006710.jpg,1782802423.7856216,30,0.0896392553538655,0,0,0,1
img_006711.jpg,1782802423.8860393,30,0.05907957695713944,0,0,0,1
img_006712.jpg,1782802423.9666038,30,0.11000495393652283,0,0,0,1
img_006713.jpg,1782802424.047914,30,0.11680705757092312,0,0,0,1
img_006714.jpg,1782802424.135547,30,0.07698537342435412,0,0,0,1
img_006715.jpg,1782802424.2256324,30,0.11594442006637333,0,0,0,1
img_006716.jpg,1782802424.3058794,30,0.07641682498388601,0,0,0,1
img_006717.jpg,1782802424.369404,30,0.07474447544400804,0,0,0,1
img_006718.jpg,1782802424.4627957,30,0.11404772401580843,0,0,0,1
img_006719.jpg,1782802424.543227,30,0.07516674766183226,0,0,0,1
img_006720.jpg,1782802424.6298358,30,0.14915340784888567,0,0,0,1
img_006721.jpg,1782802424.708906,30,0.12118031054295046,0,0,0,1
img_006722.jpg,1782802424.8045254,30,0.10681272136358351,0,0,0,1
img_006723.jpg,1782802424.8825896,30,0.1411902873621371,0,0,0,1
img_006724.jpg,1782802424.9636874,30,0.09305590965568306,0,0,0,1
img_006725.jpg,1782802425.024881,30,0.06133143067862919,0,0,0,1
img_006726.jpg,1782802425.1358068,30,0.04042241275170614,0,0,0,1
img_006727.jpg,1782802425.2149343,30,0.026641665367813594,0,0,0,1
img_006728.jpg,1782802425.2965348,30,0.1266416653678136,0,0,0,1
img_006729.jpg,1782802425.3705869,30,0.08346718171120328,0,0,0,1
img_006730.jpg,1782802425.4560318,30,0.10499489279233347,0,0,0,1
img_006731.jpg,1782802425.5335867,30,0.20499489279233343,0,0,0,1
img_006732.jpg,1782802425.6185687,30,0.13510834618979187,0,0,0,1
img_006733.jpg,1782802425.7173486,30,0.14520724787783665,0,0,0,1
img_006734.jpg,1782802425.7962635,30,0.11835330932065712,0,0,0,1
img_006735.jpg,1782802425.8762186,30,0.10478747759002116,0,0,0,1
img_006736.jpg,1782802425.9549809,30,0.20478747759002114,0,0,0,1
img_006737.jpg,1782802426.0489,30,0.13497164266231704,0,0,0,1
img_006738.jpg,1782802426.1379452,30,0.08895731583468604,0,0,0,1
img_006739.jpg,1782802426.2007706,30,0.05863012322010837,0,0,0,1
img_006740.jpg,1782802426.2952247,30,0.03864203091731272,0,0,0,1
img_006741.jpg,1782802426.3808875,30,0.13864203091731273,0,0,0,1
img_006742.jpg,1782802426.4585838,30,0.1136500341092652,0,0,0,1
img_006743.jpg,1782802426.517803,30,0.1284979177604755,0,0,0,1
img_006744.jpg,1782802426.612642,30,0.15954463759246645,0,0,0,1
img_006745.jpg,1782802426.689911,30,0.1051529227628348,0,0,1,0
img_006746.jpg,1782802426.7736309,30,0.06930434850346114,0,0,1,0
img_006747.jpg,1782802426.8357043,30,0.04567721557604482,0,0,1,0
img_006748.jpg,1782802426.9270806,30,0.030105008817394387,0,0,1,0
img_006749.jpg,1782802427.0073137,30,0.0634424091059992,0,0,1,0
img_006750.jpg,1782802427.098606,30,0.10448165506731774,0,0,1,0
img_006751.jpg,1782802427.1750007,30,0.06886192836822479,0,0,1,0
img_006752.jpg,1782802427.2653627,30,0.16886192836822478,0,0,1,0
img_006753.jpg,1782802427.3533564,30,0.26886192836822476,0,0,1,0
img_006754.jpg,1782802427.4215605,30,0.32095297409876683,0,0,1,0
img_006755.jpg,1782802427.4996297,30,0.21153417504458544,0,0,1,0
img_006756.jpg,1782802427.5907955,30,0.1715415938013487,0,0,1,0
img_006757.jpg,1782802427.6728783,30,0.16472490059398462,0,0,1,0
img_006758.jpg,1782802427.7524593,30,0.108567138392452,0,0,1,0
img_006759.jpg,1782802427.8388608,30,0.20856713839245195,0,0,1,0
img_006760.jpg,1782802427.93018,30,0.13746274726116245,0,0,1,0
img_006761.jpg,1782802428.000971,30,0.14704059173930006,0,0,1,0
img_006762.jpg,1782802428.0915706,30,0.24704059173930001,0,0,1,0
img_006763.jpg,1782802428.1840587,30,0.3470405917393001,0,0,1,0
img_006764.jpg,1782802428.2596738,30,0.44704059173930016,0,0,1,0
img_006765.jpg,1782802428.3387465,30,0.5470405917393002,0,0,1,0
img_006766.jpg,1782802428.4106529,30,0.6470405917393003,0,0,1,0
img_006767.jpg,1782802428.4998786,30,0.6688773444001563,0,0,1,0
img_006768.jpg,1782802428.58565,30,0.4408446989812261,0,0,1,0
img_006769.jpg,1782802428.650792,30,0.29055259569919206,0,0,1,0
img_006770.jpg,1782802428.7576442,30,0.19149784734313727,0,0,1,0
img_006771.jpg,1782802428.8489566,30,0.25617801955568625,0,0,1,0
img_006772.jpg,1782802428.9267194,30,0.35617801955568634,0,0,1,0
img_006773.jpg,1782802429.0121124,30,0.2347503516591212,0,0,1,0
img_006774.jpg,1782802429.1094878,30,0.25869269764428016,0,0,1,0
img_006775.jpg,1782802429.169714,30,0.17049957720410927,0,0,1,0
img_006776.jpg,1782802429.2429125,30,0.11237312104864035,0,0,1,0
img_006777.jpg,1782802429.3295238,30,0.07406304778747587,0,0,1,0
img_006778.jpg,1782802429.4185953,30,0.048813586348604,0,0,1,0
img_006779.jpg,1782802429.5074537,30,0.032172132843492664,0,0,1,0
img_006780.jpg,1782802429.5947862,30,0.021204058319081894,0,0,1,0
img_006781.jpg,1782802429.6571515,30,0.01397520305496213,0,0,0,1
img_006782.jpg,1782802429.7547264,30,0.0,0,0,0,1
img_006783.jpg,1782802429.8340037,30,0.0,0,0,0,1
img_006784.jpg,1782802429.9136376,30,0.0,0,0,0,1
img_006785.jpg,1782802429.9925847,30,0.0,0,0,0,1
img_006786.jpg,1782802430.0810251,30,0.04,0,0,0,1
img_006787.jpg,1782802430.1620224,30,0.14,0,0,0,1
img_006788.jpg,1782802430.2535868,30,0.09227141324800003,0,0,0,1
img_006789.jpg,1782802430.3437455,30,0.06081438359130853,0,0,0,1
img_006790.jpg,1782802430.4242997,30,0.04008163656982872,0,0,0,1
img_006791.jpg,1782802430.4810894,30,0.026417066082791544,0,0,0,1
img_006792.jpg,1782802430.5648031,30,0.01741100015232131,0,0,0,1
img_006793.jpg,1782802430.6591885,30,0.011475268500827364,0,0,0,1
img_006794.jpg,1782802430.7420857,30,0.0,0,0,0,1
img_006795.jpg,1782802430.8211136,30,0.0,0,0,0,1
img_006796.jpg,1782802430.8800588,30,0.0,0,0,0,1
img_006797.jpg,1782802430.9765217,30,0.0,0,0,0,1
img_006798.jpg,1782802431.062048,30,0.0,0,0,0,1
img_006799.jpg,1782802431.1410835,30,-0.0552,0,0,0,1
img_006800.jpg,1782802431.2260716,30,-0.03638130008064001,0,0,0,1
img_006801.jpg,1782802431.3215644,30,-0.023978242673144502,0,0,0,1
img_006802.jpg,1782802431.3988068,30,-0.01580361670467532,0,0,0,1
img_006803.jpg,1782802431.4750183,30,-0.010415871769786377,0,0,0,1
img_006804.jpg,1782802431.537609,30,0.0,0,0,0,1
img_006805.jpg,1782802431.6328654,30,0.0,0,0,0,1
img_006806.jpg,1782802431.7386768,30,0.0,0,0,0,1
img_006807.jpg,1782802431.820593,30,0.0,0,0,0,1
img_006808.jpg,1782802431.906687,30,0.0,0,0,0,1
img_006809.jpg,1782802431.9787714,30,0.0,0,0,0,1
img_006810.jpg,1782802432.0606713,30,0.0,0,0,0,1
img_006811.jpg,1782802432.1429417,30,0.0,0,0,0,1
img_006812.jpg,1782802432.2300997,30,0.0,0,0,0,1
img_006813.jpg,1782802432.2938483,30,0.0,0,0,0,1
img_006814.jpg,1782802432.377074,30,0.0,0,0,0,1
img_006815.jpg,1782802432.4498193,30,0.0,0,0,0,1
img_006816.jpg,1782802432.5390937,30,0.0,0,0,0,1
img_006817.jpg,1782802432.6125114,30,-0.0552,0,0,0,1
img_006818.jpg,1782802432.7028701,30,-0.03638130008064001,0,0,0,1
img_006819.jpg,1782802432.7913456,30,-0.023978242673144502,0,0,0,1
img_006820.jpg,1782802432.8679495,30,-0.07549518459854952,0,0,0,1
img_006821.jpg,1782802432.9449012,30,-0.04975748125947721,0,0,0,1
img_006822.jpg,1782802433.0287178,30,-0.0327942365390917,0,0,0,1
img_006823.jpg,1782802433.1227825,30,-0.021614075370365658,0,0,0,1
img_006824.jpg,1782802433.2147846,30,-0.0782941533934775,0,0,0,1
img_006825.jpg,1782802433.2886145,30,-0.0704172395002474,0,0,0,1
img_006826.jpg,1782802433.3660834,30,-0.046410701469362284,0,0,0,1
img_006827.jpg,1782802433.4498367,30,-0.03058843581720778,0,0,0,1
img_006828.jpg,1782802433.5423026,30,-0.020160272870710746,0,0,0,1
img_006829.jpg,1782802433.626176,30,-0.013287263351755679,0,0,0,1
img_006830.jpg,1782802433.7168577,30,0.0,0,0,0,1
img_006831.jpg,1782802433.8061256,30,0.0,0,0,0,1
img_006832.jpg,1782802433.8810036,30,-0.06,0,0,0,1
img_006833.jpg,1782802433.9571831,30,-0.07786880000000002,0,0,0,1
img_006834.jpg,1782802434.0465844,30,-0.05132188731375619,0,0,0,1
img_006835.jpg,1782802434.1309962,30,-0.10343884542236326,0,0,0,1
img_006836.jpg,1782802434.1956766,30,-0.08843071985110927,0,0,0,1
img_006837.jpg,1782802434.2758484,30,-0.05828305353714158,0,0,0,1
img_006838.jpg,1782802434.3689287,30,-0.03841328370200643,0,0,0,1
img_006839.jpg,1782802434.4542828,30,-0.025317485533432136,0,0,0,1
img_006840.jpg,1782802434.5406322,30,-0.01668628692896842,0,0,0,1
img_006841.jpg,1782802434.6126928,30,-0.01099762340569676,0,0,0,1
img_006842.jpg,1782802434.7024238,30,0.0,0,0,0,1
img_006843.jpg,1782802434.7810094,30,-0.06,0,0,0,1
img_006844.jpg,1782802434.8446949,30,-0.05731143680000001,0,0,0,1
img_006845.jpg,1782802434.9348476,30,-0.03777290906292455,0,0,0,1
img_006846.jpg,1782802435.0202987,30,-0.024895426440887398,0,0,0,1
img_006847.jpg,1782802435.1128905,30,-0.0810714889395671,0,0,0,1
img_006848.jpg,1782802435.1971729,30,-0.053432720418381846,0,0,0,1
img_006849.jpg,1782802435.2657115,30,-0.035216518762066856,0,0,0,1
img_006850.jpg,1782802435.3449829,30,-0.11239919726110152,0,0,0,1
img_006851.jpg,1782802435.4261494,30,-0.07408023413730408,0,0,0,1
img_006852.jpg,1782802435.5087323,30,-0.04882491355422703,0,0,0,1
img_006853.jpg,1782802435.5975497,30,-0.03217959839542828,0,0,0,1
img_006854.jpg,1782802435.6670685,30,-0.06505786711533926,0,0,0,1
img_006855.jpg,1782802435.752474,30,-0.10584897872642315,0,0,0,1
img_006856.jpg,1782802435.8323183,30,-0.06976310612817539,0,0,0,1
img_006857.jpg,1782802435.9232898,30,-0.04597957425012111,0,0,0,1
img_006858.jpg,1782802435.9936469,30,-0.12230120831011143,0,0,0,1
img_006859.jpg,1782802436.0823045,30,-0.08060646666222876,0,0,0,1
img_006860.jpg,1782802436.1865723,30,-0.05312623282751176,0,0,0,1
img_006861.jpg,1782802436.254429,30,-0.0813687599879895,0,0,0,1
img_006862.jpg,1782802436.3328023,30,-0.11965451845383432,0,0,0,1
img_006863.jpg,1782802436.423649,30,-0.07886208228031565,0,0,0,1
img_006864.jpg,1782802436.5164928,30,-0.0734242405565589,0,0,0,1
img_006865.jpg,1782802436.5967293,30,-0.04839256030582006,0,0,0,1
img_006866.jpg,1782802436.6800494,30,-0.03189464235790775,0,0,0,1
img_006867.jpg,1782802436.7780714,30,-0.021021169467169087,0,0,0,1
img_006868.jpg,1782802436.8578508,30,-0.03505941781724689,0,0,0,1
img_006869.jpg,1782802436.9348533,30,-0.05844786794127637,0,0,0,1
img_006870.jpg,1782802436.9973412,30,-0.03852190983052889,0,0,0,1
img_006871.jpg,1782802437.104309,30,-0.025389079007678044,0,0,0,1
img_006872.jpg,1782802437.18697,30,-0.016733472865025596,0,0,0,1
img_006873.jpg,1782802437.2705774,30,-0.11673347286502561,0,0,0,1
img_006874.jpg,1782802437.336693,30,-0.07693687510430697,0,0,0,1
img_006875.jpg,1782802437.4219763,30,-0.05070767283399481,0,0,0,1
img_006876.jpg,1782802437.4976192,30,-0.09811897428669322,0,0,0,1
img_006877.jpg,1782802437.5863857,30,-0.06466840302769543,0,0,0,1
img_006878.jpg,1782802437.676123,30,-0.04262174957040501,0,0,0,1
img_006879.jpg,1782802437.7648003,30,-0.028091207628311486,0,0,0,1
img_006880.jpg,1782802437.8390799,30,-0.018514395912195,0,0,0,1
img_006881.jpg,1782802437.9140801,30,-0.0544169379240753,0,0,0,1
img_006882.jpg,1782802437.9907339,30,-0.07352133655822236,0,0,0,1
img_006883.jpg,1782802438.093967,30,-0.04845655448649305,0,0,0,1
img_006884.jpg,1782802438.1791005,30,-0.11818003012757362,0,0,0,1
img_006885.jpg,1782802438.2708266,30,-0.07789027426830313,0,0,0,1
img_006886.jpg,1782802438.3640964,30,-0.10065222188943644,0,0,0,1
img_006887.jpg,1782802438.4389913,30,-0.1095241973586415,0,0,0,1
img_006888.jpg,1782802438.5070262,30,-0.07218537482239086,0,0,0,1
img_006889.jpg,1782802438.5907013,30,-0.09620988514969792,0,0,0,1
img_006890.jpg,1782802438.6800525,30,-0.08325194360365215,0,0,0,1
img_006891.jpg,1782802438.7608092,30,-0.07964110630397345,0,0,0,1
img_006892.jpg,1782802438.8399644,30,-0.09316309378562848,0,0,0,1
img_006893.jpg,1782802438.9211664,30,-0.0614020737582565,0,0,0,1
img_006894.jpg,1782802439.0198288,30,-0.11197071522898831,0,0,0,1
img_006895.jpg,1782802439.1070628,30,-0.07379782954691508,0,0,0,1
img_006896.jpg,1782802439.1808264,30,-0.04863878590663476,0,0,0,1
img_006897.jpg,1782802439.273169,30,-0.03205692510194354,0,0,0,1
img_006898.jpg,1782802439.3360445,30,-0.13205692510194356,0,0,0,1
img_006899.jpg,1782802439.4190679,30,-0.0870362793452973,0,0,0,1
img_006900.jpg,1782802439.509969,30,-0.05736400356455926,0,0,0,1
img_006901.jpg,1782802439.6028514,30,-0.08466866120767953,0,0,0,1
img_006902.jpg,1782802439.6803148,30,-0.07498389202180672,0,0,0,1
img_006903.jpg,1782802439.7542,30,-0.04942049776919671,0,0,0,1
img_006904.jpg,1782802439.834737,30,-0.03257213694702438,0,0,0,1
img_006905.jpg,1782802439.9322398,30,-0.02146769363292383,0,0,0,1
img_006906.jpg,1782802440.0163188,30,-0.014148960219178386,0,0,0,1
img_006907.jpg,1782802440.0891786,30,0.0,0,0,0,1
img_006908.jpg,1782802440.1658235,30,-0.06,0,0,0,1
img_006909.jpg,1782802440.257571,30,-0.03954489139200001,0,0,0,1
img_006910.jpg,1782802440.3358536,30,-0.026063307253417937,0,0,0,1
img_006911.jpg,1782802440.4128525,30,-0.017177844244212304,0,0,0,1
img_006912.jpg,1782802440.5011406,30,-0.05337618117883719,0,0,0,1
img_006913.jpg,1782802440.5950017,30,-0.05256617962820347,0,0,0,1
img_006914.jpg,1782802440.6869252,30,-0.034645397738161166,0,0,0,1
img_006915.jpg,1782802440.7622507,30,-0.058125475473933264,0,0,0,1
img_006916.jpg,1782802440.851854,30,-0.038309426912084193,0,0,0,1
img_006917.jpg,1782802440.913308,30,-0.02524903544213553,0,0,0,1
img_006918.jpg,1782802440.9925783,30,-0.07215478359822353,0,0,0,1
img_006919.jpg,1782802441.0762036,30,-0.04755588468008355,0,0,0,1
img_006920.jpg,1782802441.1732302,30,-0.10025130079322273,0,0,0,1
img_006921.jpg,1782802441.2575867,30,-0.06607378002957863,0,0,0,1
img_006922.jpg,1782802441.3318481,30,-0.04354800758547643,0,0,0,1
img_006923.jpg,1782802441.424839,30,-0.09685903362034727,0,0,0,1
img_006924.jpg,1782802441.485034,30,-0.0638379994141785,0,0,0,1
img_006925.jpg,1782802441.563367,30,-0.042074445891937484,0,0,0,1
img_006926.jpg,1782802441.6477306,30,-0.09561181100293589,0,0,0,1
img_006927.jpg,1782802441.743253,30,-0.06301597803172554,0,0,0,1
img_006928.jpg,1782802441.8267288,30,-0.06514420302944285,0,0,0,1
img_006929.jpg,1782802441.9059145,30,-0.08187452916859081,0,0,0,1
img_006930.jpg,1782802441.998133,30,-0.05396198939571767,0,0,0,1
img_006931.jpg,1782802442.0867846,30,-0.12964503024406027,0,0,0,1
img_006932.jpg,1782802442.176565,30,-0.08544664400856532,0,0,0,1
img_006933.jpg,1782802442.255986,30,-0.05631630428549339,0,0,0,1
img_006934.jpg,1782802442.3471572,30,-0.08385283035146229,0,0,0,1
img_006935.jpg,1782802442.4274504,30,-0.09644271276071949,0,0,0,1
img_006936.jpg,1782802442.4888952,30,-0.0635636100278751,0,0,0,1
img_006937.jpg,1782802442.5753093,30,-0.04189360091726273,0,0,0,1
img_006938.jpg,1782802442.662321,30,-0.027611298304882438,0,0,0,1
img_006939.jpg,1782802442.742102,30,-0.0181980965443115,0,0,0,1
img_006940.jpg,1782802442.80769,30,-0.011994029189765484,0,0,0,1
img_006941.jpg,1782802442.9126923,30,0.0,0,0,0,1
img_006942.jpg,1782802442.999862,30,0.0,0,0,0,1
img_006943.jpg,1782802443.0661118,30,0.0,0,0,0,1
img_006944.jpg,1782802443.1429856,30,0.0,0,0,0,1
img_006945.jpg,1782802443.225551,30,0.0,0,0,0,1
img_006946.jpg,1782802443.3372393,30,0.0,0,0,0,1
img_006947.jpg,1782802443.4225018,30,0.0,0,0,0,1
img_006948.jpg,1782802443.4823167,30,0.0,0,0,0,1
img_006949.jpg,1782802443.552665,30,0.0,0,0,0,1
img_006950.jpg,1782802443.646823,30,0.0,0,0,0,1
img_006951.jpg,1782802443.73104,30,0.0,0,0,0,1
img_006952.jpg,1782802443.8177173,30,0.0,0,0,0,1
img_006953.jpg,1782802443.8969734,30,-0.1,0,0,0,1
img_006954.jpg,1782802443.9792366,30,-0.08596715520000002,0,0,0,1
img_006955.jpg,1782802444.0609772,30,-0.056659363594386815,0,0,0,1
img_006956.jpg,1782802444.1412847,30,-0.0373431396613311,0,0,0,1
img_006957.jpg,1782802444.2287967,30,-0.024612173369060436,0,0,0,1
img_006958.jpg,1782802444.3124337,30,-0.016221428713342832,0,0,0,1
img_006959.jpg,1782802444.3945796,30,-0.010691243944870211,0,0,0,1
img_006960.jpg,1782802444.489102,30,0.0,0,0,0,1
img_006961.jpg,1782802444.5717838,30,0.06,0,0,0,1
img_006962.jpg,1782802444.6501896,30,0.12880000000000003,0,0,0,1
img_006963.jpg,1782802444.708174,30,0.08488970018816004,0,0,0,1
img_006964.jpg,1782802444.8146405,30,0.05594923290400385,0,0,0,1
img_006965.jpg,1782802444.9063091,30,0.03687510564424243,0,0,0,1
img_006966.jpg,1782802444.9922998,30,0.024303700796168223,0,0,0,1
img_006967.jpg,1782802445.0799193,30,0.016018120140135608,0,0,0,1
img_006968.jpg,1782802445.1582263,30,0.010557247020761176,0,0,0,1
img_006969.jpg,1782802445.2401958,30,0.0,1,0,0,0
img_006970.jpg,1782802445.3273857,30,0.0,1,0,0,0
img_006971.jpg,1782802445.414333,30,0.0,1,0,0,0
img_006972.jpg,1782802445.4756134,30,0.0,1,0,0,0
img_006973.jpg,1782802445.5472698,30,0.0,1,0,0,0
img_006974.jpg,1782802445.626011,30,-0.06,1,0,0,0
img_006975.jpg,1782802445.7190104,30,-0.10156800000000002,1,0,0,0
img_006976.jpg,1782802445.7864947,30,-0.06694159214837761,1,0,0,0
img_006977.jpg,1782802445.8639703,30,-0.044119966518585886,1,0,0,0
img_006978.jpg,1782802445.95169,30,-0.12059036919709903,1,0,0,0
img_006979.jpg,1782802446.0393794,30,-0.07947888421367441,1,0,0,0
img_006980.jpg,1782802446.0962472,30,-0.05238306406978498,1,0,0,0
img_006981.jpg,1782802446.1781561,30,-0.03452470965699708,1,0,0,0
img_006982.jpg,1782802446.286032,30,-0.02275459822877139,1,0,0,0
img_006983.jpg,1782802446.3823547,30,-0.014997135260422671,1,0,0,0
img_006984.jpg,1782802446.46724,30,0.0,1,0,0,0
img_006985.jpg,1782802446.5450373,30,0.0,1,0,0,0
img_006986.jpg,1782802446.6326568,30,0.0,1,0,0,0
img_006987.jpg,1782802446.7139835,30,0.0,1,0,0,0
img_006988.jpg,1782802446.7830925,30,-0.04,1,0,0,0
img_006989.jpg,1782802446.866671,30,-0.0429835776,1,0,0,0
img_006990.jpg,1782802446.9629788,30,-0.028329681797193407,1,0,0,0
img_006991.jpg,1782802447.0458977,30,-0.01867156983066555,1,0,0,0
img_006992.jpg,1782802447.1313746,30,-0.07100361670467534,1,0,0,0
img_006993.jpg,1782802447.2160351,30,-0.046797171850426394,1,0,0,0
img_006994.jpg,1782802447.3067675,30,-0.07644039615386483,1,0,0,0
img_006995.jpg,1782802447.3812063,30,-0.09067073920026071,1,0,0,0
img_006996.jpg,1782802447.4600174,30,-0.059759408901777784,1,0,0,0
img_006997.jpg,1782802447.5302522,30,-0.06281121983099494,1,0,0,0
img_006998.jpg,1782802447.6122944,30,-0.10394741646495415,1,0,0,0
img_006999.jpg,1782802447.699259,30,-0.06850982157642677,1,0,0,0
img_007000.jpg,1782802447.7778482,30,-0.045153557558751584,1,0,0,0
img_007001.jpg,1782802447.8621886,30,-0.1451535575587516,1,0,0,0
img_007002.jpg,1782802447.9637434,30,-0.09566802781372089,1,0,0,0
img_007003.jpg,1782802448.0488613,30,-0.1680145855886232,1,0,0,0
img_007004.jpg,1782802448.130961,30,-0.11073530898956659,1,0,0,0
img_007005.jpg,1782802448.2239149,30,-0.0729835961208662,1,0,0,0
img_007006.jpg,1782802448.3070095,30,-0.1471449084311969,1,0,0,0
img_007007.jpg,1782802448.3900635,30,-0.0969804903799578,1,0,0,0
img_007008.jpg,1782802448.4690633,30,-0.1420842870575963,1,0,0,0
img_007009.jpg,1782802448.5640967,30,-0.1710441405655495,1,0,0,0
img_007010.jpg,1782802448.6470656,30,-0.11273203269837728,1,0,0,0
img_007011.jpg,1782802448.7340221,30,-0.15541639247590652,1,0,0,0
img_007012.jpg,1782802448.8255026,30,-0.2554163924759065,1,0,0,0
img_007013.jpg,1782802448.8838701,30,-0.1683402250032695,1,0,0,0
img_007014.jpg,1782802448.965285,30,-0.14059775207715827,1,0,0,0
img_007015.jpg,1782802449.0447044,30,-0.24059775207715822,1,0,0,0
img_007016.jpg,1782802449.1374726,30,-0.3405977520771583,1,0,0,0
img_007017.jpg,1782802449.2192364,30,-0.29636690236945834,1,0,0,0
img_007018.jpg,1782802449.2829409,30,-0.19532994943972834,1,0,0,0
img_007019.jpg,1782802449.3658433,30,-0.15993300065577734,1,0,0,0
img_007020.jpg,1782802449.4772375,30,-0.18615129175504994,1,0,0,0
img_007021.jpg,1782802449.536255,30,-0.12268887691556596,1,0,0,0
img_007022.jpg,1782802449.6207163,30,-0.08086197187720856,1,0,0,0
img_007023.jpg,1782802449.71598,30,-0.053294631593786196,1,0,0,0
img_007024.jpg,1782802449.7976153,30,-0.10510857618098064,1,0,0,0
img_007025.jpg,1782802449.8735826,30,-0.11299430696921547,1,0,0,0
img_007026.jpg,1782802449.9361496,30,-0.07447245995019892,1,0,0,0
img_007027.jpg,1782802450.0245137,30,-0.04908342234042811,1,0,0,0
img_007028.jpg,1782802450.1076722,30,-0.09674420866893838,1,0,0,0
img_007029.jpg,1782802450.184015,30,-0.06376232041030257,1,0,0,0
img_007030.jpg,1782802450.2691324,30,-0.04202456725878867,1,0,0,0
img_007031.jpg,1782802450.361541,30,-0.08635359372783875,1,0,0,0
img_007032.jpg,1782802450.4192796,30,-0.056914058087937945,1,0,0,0
img_007033.jpg,1782802450.4949322,30,-0.060772830539229813,1,0,0,0
img_007034.jpg,1782802450.573147,30,-0.07847059386693181,1,0,0,0
img_007035.jpg,1782802450.643023,30,-0.051718518532226004,1,0,0,0
img_007036.jpg,1782802450.729809,30,-0.12758103704964793,1,0,0,0
img_007037.jpg,1782802450.8093262,30,-0.10572601597186695,1,0,0,0
img_007038.jpg,1782802450.8888638,30,-0.0696820636486056,1,0,0,0
img_007039.jpg,1782802450.9841754,30,-0.14410749855671717,1,0,0,0
img_007040.jpg,1782802451.063665,30,-0.09497858965330298,1,0,0,0
img_007041.jpg,1782802451.1382523,30,-0.06259863354008671,1,0,0,0
img_007042.jpg,1782802451.2291596,30,-0.041257602743838974,1,0,0,0
img_007043.jpg,1782802451.3215756,30,-0.11155699452433186,1,0,0,0
img_007044.jpg,1782802451.3840506,30,-0.07352515387471073,1,0,0,0
img_007045.jpg,1782802451.4666717,30,-0.0726729026187595,1,0,0,0
img_007046.jpg,1782802451.5659602,30,-0.11229434477651805,1,0,0,0
img_007047.jpg,1782802451.6589556,30,-0.07401112780205349,1,0,0,0
img_007048.jpg,1782802451.7374434,30,-0.11784301857165808,1,0,0,0
img_007049.jpg,1782802451.8139865,30,-0.07766815617869431,1,0,0,0
img_007050.jpg,1782802451.9024835,30,-0.07564092030259711,1,0,0,0
img_007051.jpg,1782802451.9844694,30,-0.1756409203025971,1,0,0,0
img_007052.jpg,1782802452.0682752,30,-0.11576168528928552,1,0,0,0
img_007053.jpg,1782802452.1449635,30,-0.07629638786866134,1,0,0,0
img_007054.jpg,1782802452.22864,30,-0.050285539531135334,1,0,0,0
img_007055.jpg,1782802452.3100045,30,-0.0331422699891145,1,0,0,0
img_007056.jpg,1782802452.4043303,30,-0.02184345778673124,1,0,0,0
img_007057.jpg,1782802452.494172,30,-0.01439661943003373,1,0,0,0
img_007058.jpg,1782802452.5695243,30,0.0,1,0,0,0
img_007059.jpg,1782802452.6400754,30,0.0,1,0,0,0
img_007060.jpg,1782802452.7043178,30,0.0,1,0,0,0
img_007061.jpg,1782802452.7834442,30,0.0,1,0,0,0
img_007062.jpg,1782802452.879931,30,0.0,1,0,0,0
img_007063.jpg,1782802452.962425,30,0.0,1,0,0,0
img_007064.jpg,1782802453.047032,30,0.0,1,0,0,0
img_007065.jpg,1782802453.1323457,30,0.0,1,0,0,0
img_007066.jpg,1782802453.2162197,30,0.0,1,0,0,0
img_007067.jpg,1782802453.2991452,30,0.0,0,0,0,1
img_007068.jpg,1782802453.381099,30,0.0,0,0,0,1
img_007069.jpg,1782802453.4573705,30,0.0,0,0,0,1
img_007070.jpg,1782802453.5343194,30,0.0,0,0,0,1
img_007071.jpg,1782802453.6132052,30,0.0,0,0,0,1
img_007072.jpg,1782802453.6842973,30,0.0,0,0,0,1
img_007073.jpg,1782802453.7781436,30,0.0,0,0,0,1
img_007074.jpg,1782802453.8592308,30,0.0,0,0,0,1
img_007075.jpg,1782802453.9335144,30,0.0,0,0,0,1
img_007076.jpg,1782802454.0173306,30,0.0,0,0,0,1
img_007077.jpg,1782802454.111091,30,0.0,0,0,0,1
img_007078.jpg,1782802454.1763272,30,0.0,0,0,0,1
img_007079.jpg,1782802454.2662303,30,0.0,0,0,0,1
img_007080.jpg,1782802454.3555648,30,0.0,0,0,0,1
img_007081.jpg,1782802454.4292083,30,0.0,0,0,0,1
img_007082.jpg,1782802454.5150108,30,0.0,0,0,0,1
img_007083.jpg,1782802454.6074483,30,0.0,0,0,0,1
img_007084.jpg,1782802454.6938295,30,0.0,0,0,0,1
img_007085.jpg,1782802454.7735348,30,0.0,0,0,0,1
img_007086.jpg,1782802454.8622153,30,0.0,0,0,0,1
img_007087.jpg,1782802454.9427361,30,-0.031147520000000005,0,0,0,1
img_007088.jpg,1782802455.0292284,30,-0.02052875492550247,0,0,0,1
img_007089.jpg,1782802455.1174123,30,-0.013530123065699671,0,0,0,1
img_007090.jpg,1782802455.1955695,30,0.0,0,0,0,1
img_007091.jpg,1782802455.2739148,30,-0.06,0,0,0,1
img_007092.jpg,1782802455.3591912,30,-0.03954489139200001,0,0,0,1
img_007093.jpg,1782802455.4455214,30,-0.026063307253417937,0,0,0,1
img_007094.jpg,1782802455.5316484,30,-0.051442704598549514,0,0,0,1
img_007095.jpg,1782802455.6226373,30,-0.033904936104339665,0,0,0,1
img_007096.jpg,1782802455.7104833,30,-0.022346116931646863,0,0,0,1
img_007097.jpg,1782802455.774283,30,-0.014727912784915129,0,0,0,1
img_007098.jpg,1782802455.8562522,30,-0.030550973034607194,0,0,0,1
img_007099.jpg,1782802455.9494028,30,-0.036214361203142434,0,0,0,1
img_007100.jpg,1782802456.027285,30,-0.0238682163434821,0,0,0,1
img_007101.jpg,1782802456.1072094,30,-0.0585858936480734,0,0,0,1
img_007102.jpg,1782802456.1904461,30,-0.038612880023605425,0,0,0,1
img_007103.jpg,1782802456.2878509,30,-0.02544903578109672,0,0,0,1
img_007104.jpg,1782802456.3608832,30,-0.07232406388512028,0,0,0,1
img_007105.jpg,1782802456.4406564,30,-0.04766745418941919,0,0,0,1
img_007106.jpg,1782802456.5272405,30,-0.05414862860242242,0,0,0,1
img_007107.jpg,1782802456.6069014,30,-0.07331240730916312,0,0,0,1
img_007108.jpg,1782802456.6875315,30,-0.048318853078782045,0,0,0,1
img_007109.jpg,1782802456.7726595,30,-0.03184606328644069,0,0,0,1
img_007110.jpg,1782802456.8657098,30,-0.020989151898750932,0,0,0,1
img_007111.jpg,1782802456.9477358,30,-0.01383356220410494,0,0,0,1
img_007112.jpg,1782802457.015578,30,-0.062492727049554435,0,0,0,1
img_007113.jpg,1782802457.0974267,30,-0.04118780173274218,0,0,0,1
img_007114.jpg,1782802457.1945133,30,-0.07207244695566555,0,0,0,1
img_007115.jpg,1782802457.2949843,30,-0.047501618120291265,0,0,0,1
img_007116.jpg,1782802457.3753407,30,-0.031307438825186294,0,0,0,1
img_007117.jpg,1782802457.4708014,30,-0.020634154468394606,0,0,0,1
img_007118.jpg,1782802457.5555727,30,-0.013599589956973605,0,0,0,1
img_007119.jpg,1782802457.637995,30,-0.07151069293958247,0,0,0,1
img_007120.jpg,1782802457.7212873,30,-0.047131376427707504,0,0,0,1
img_007121.jpg,1782802457.8139317,30,-0.031063419366486034,0,0,0,1
img_007122.jpg,1782802457.8794954,30,-0.10857834581716716,0,0,0,1
img_007123.jpg,1782802457.962854,30,-0.09211262175186401,0,0,0,1
img_007124.jpg,1782802458.0443943,30,-0.06070972705016399,0,0,0,1
img_007125.jpg,1782802458.1437614,30,-0.059065781062259064,0,0,0,1
img_007126.jpg,1782802458.2290926,30,-0.03892916495151143,0,0,0,1
img_007127.jpg,1782802458.2927485,30,-0.025657493333146212,0,0,0,1
img_007128.jpg,1782802458.386554,30,-0.01691037978750385,0,0,0,1
img_007129.jpg,1782802458.4631972,30,-0.011145318868238531,0,0,0,1
img_007130.jpg,1782802458.54722,30,-0.06,0,0,0,1
img_007131.jpg,1782802458.6124618,30,-0.03954489139200001,0,0,0,1
img_007132.jpg,1782802458.7101598,30,-0.026063307253417937,0,0,0,1
img_007133.jpg,1782802458.7977805,30,-0.09757824267314452,0,0,0,1
img_007134.jpg,1782802458.8777194,30,-0.06431201681219534,0,0,0,1
img_007135.jpg,1782802458.9470894,30,-0.09007899574745477,0,0,0,1
img_007136.jpg,1782802459.0420907,30,-0.10129095304059407,0,0,0,1
img_007137.jpg,1782802459.1315467,30,-0.06675899561637444,0,0,0,1
img_007138.jpg,1782802459.2157068,30,-0.1414182759670645,0,0,0,1
img_007139.jpg,1782802459.3009505,30,-0.09320617273269083,0,0,0,1
img_007140.jpg,1782802459.3892,30,-0.08677224597424368,0,0,0,1
img_007141.jpg,1782802459.459375,30,-0.12422802899259987,0,0,0,1
img_007142.jpg,1782802459.5429978,30,-0.0818763985725765,0,0,0,1
img_007143.jpg,1782802459.6321225,30,-0.10375616905168246,0,0,0,1
img_007144.jpg,1782802459.7267656,30,-0.06838377393997959,0,0,0,1
img_007145.jpg,1782802459.7955253,30,-0.04507048189052622,0,0,0,1
img_007146.jpg,1782802459.8777492,30,-0.07509584340237009,0,0,0,1
img_007147.jpg,1782802459.9778903,30,-0.06812599273872039,0,0,0,1
img_007148.jpg,1782802460.0595002,30,-0.04490058306374798,0,0,0,1
img_007149.jpg,1782802460.1272438,30,-0.02959314467822315,0,0,0,1
img_007150.jpg,1782802460.2121363,30,-0.01950429487080129,0,0,0,1
img_007151.jpg,1782802460.3114395,30,-0.012854920372389667,0,0,0,1
img_007152.jpg,1782802460.3970428,30,-0.0918265267425985,0,0,0,1
img_007153.jpg,1782802460.470175,30,-0.06052116711567738,0,0,0,1
img_007154.jpg,1782802460.5693753,30,-0.06335693805265478,0,0,0,1
img_007155.jpg,1782802460.6493666,30,-0.10440931236776703,0,0,0,1
img_007156.jpg,1782802460.7327626,30,-0.06881424863161249,0,0,0,1
img_007157.jpg,1782802460.8053448,30,-0.09358482963845309,0,0,0,1
img_007158.jpg,1782802460.9058323,30,-0.08137137231578717,0,0,0,1
img_007159.jpg,1782802460.987493,30,-0.05363036801076333,0,0,0,1
img_007160.jpg,1782802461.0562904,30,-0.1053927434843101,0,0,0,1
img_007161.jpg,1782802461.1419635,30,-0.08983047866724563,0,0,0,1
img_007162.jpg,1782802461.2468956,30,-0.08435392251064497,0,0,0,1
img_007163.jpg,1782802461.3340144,30,-0.0747584154350116,0,0,0,1
img_007164.jpg,1782802461.418241,30,-0.04927189031692586,0,0,0,1
img_007165.jpg,1782802461.5094552,30,-0.07836742972710636,0,0,0,1
img_007166.jpg,1782802461.5851002,30,-0.051650524953810235,0,0,0,1
img_007167.jpg,1782802461.669288,30,-0.03404190666063687,0,0,0,1
img_007168.jpg,1782802461.7582064,30,-0.10491855412778593,0,0,0,1
img_007169.jpg,1782802461.8395278,30,-0.06914988046648281,0,0,0,1
img_007170.jpg,1782802461.9313855,30,-0.0695384875510298,0,0,0,1
img_007171.jpg,1782802462.016698,30,-0.08529630579413632,0,0,0,1
img_007172.jpg,1782802462.0993924,30,-0.056217219146132355,0,0,0,1
img_007173.jpg,1782802462.1850445,30,-0.10278225428528644,0,0,0,1
img_007174.jpg,1782802462.2743645,30,-0.06774188471227632,0,0,0,1
img_007175.jpg,1782802462.3477376,30,-0.044647424560605886,0,0,0,1
img_007176.jpg,1782802462.4453275,30,-0.08857358014809684,0,0,0,1
img_007177.jpg,1782802462.5395873,30,-0.058377210119284956,0,0,0,1
img_007178.jpg,1782802462.611219,30,-0.03847534056558479,0,0,0,1
img_007179.jpg,1782802462.7094946,30,-0.02535838606560438,0,0,0,1
img_007180.jpg,1782802462.7947228,30,-0.03816656925436108,0,0,0,1
img_007181.jpg,1782802462.8825762,30,-0.060867369479539926,0,0,0,1
img_007182.jpg,1782802462.9593208,30,-0.04011655858975237,0,0,0,1
img_007183.jpg,1782802463.0591881,30,-0.07123828277513711,0,0,0,1
img_007184.jpg,1782802463.1437666,30,-0.08661991593760598,0,0,0,1
img_007185.jpg,1782802463.2307677,30,-0.057089586135613324,0,0,0,1
img_007186.jpg,1782802463.321052,30,-0.08445497564876847,0,0,0,1
img_007187.jpg,1782802463.4066195,30,-0.05566271399240925,0,0,0,1
img_007188.jpg,1782802463.4926298,30,-0.03668626632356305,0,0,0,1
img_007189.jpg,1782802463.5621684,30,-0.06856715535096268,0,0,0,1
img_007190.jpg,1782802463.6595738,30,-0.063448886580656,0,0,0,1
img_007191.jpg,1782802463.7355711,30,-0.04181798881292281,0,0,0,1
img_007192.jpg,1782802463.7995408,30,-0.07256316607275724,0,0,0,1
img_007193.jpg,1782802463.8807957,30,-0.06631160052983415,0,0,0,1
img_007194.jpg,1782802463.9734201,30,-0.043704750683033027,0,0,0,1
img_007195.jpg,1782802464.0523753,30,-0.09699170097811917,0,0,0,1
img_007196.jpg,1782802464.1232352,30,-0.06392543801841774,0,0,0,1
img_007197.jpg,1782802464.207937,30,-0.04213207506040596,0,0,0,1
img_007198.jpg,1782802464.301436,30,-0.08644458833112763,0,0,0,1
img_007199.jpg,1782802464.3799312,30,-0.056974030949676555,0,0,0,1
img_007200.jpg,1782802464.443817,30,-0.06081579467517041,0,0,0,1
img_007201.jpg,1782802464.5278683,30,-0.07850404952401911,0,0,0,1
img_007202.jpg,1782802464.6271176,30,-0.05174056853765876,0,0,0,1
img_007203.jpg,1782802464.6940458,30,-0.03410125272303413,0,0,0,1
img_007204.jpg,1782802464.7803967,30,-0.10497315250519142,0,0,0,1
img_007205.jpg,1782802464.870613,30,-0.06918586524822747,0,0,0,1
img_007206.jpg,1782802464.9552999,30,-0.04559912545171171,0,0,0,1
img_007207.jpg,1782802465.0383651,30,-0.030053541059302046,0,0,0,1
img_007208.jpg,1782802465.114497,30,-0.01980773361891854,0,0,0,1
img_007209.jpg,1782802465.202933,30,-0.013054911244696682,0,0,0,1
img_007210.jpg,1782802465.2725914,30,0.0,0,0,0,1
img_007211.jpg,1782802465.351807,30,0.0,0,0,0,1
img_007212.jpg,1782802465.4314256,30,0.0,0,0,0,1
img_007213.jpg,1782802465.5307515,30,0.0,0,0,0,1
img_007214.jpg,1782802465.6100674,30,0.0,0,0,0,1
img_007215.jpg,1782802465.6893427,30,0.0,0,0,0,1
img_007216.jpg,1782802465.755403,30,0.0,0,0,0,1
img_007217.jpg,1782802465.869962,30,0.0,0,0,0,1
img_007218.jpg,1782802465.9348025,30,0.0,0,0,0,1
img_007219.jpg,1782802466.0150666,30,0.0,0,0,0,1
img_007220.jpg,1782802466.1086087,30,0.0,0,0,0,1
img_007221.jpg,1782802466.1736174,30,0.0,0,0,0,1
img_007222.jpg,1782802466.2610338,30,0.0,0,0,0,1
img_007223.jpg,1782802466.3464708,30,0.0,0,0,0,1
img_007224.jpg,1782802466.4414442,30,0.0,0,0,0,1
img_007225.jpg,1782802466.5174184,30,0.0,0,0,0,1
img_007226.jpg,1782802466.5822818,30,0.0,0,0,0,1
img_007227.jpg,1782802466.6603763,30,0.0,0,0,0,1
img_007228.jpg,1782802466.762345,30,-0.04,0,0,0,1
img_007229.jpg,1782802466.8401413,30,-0.0429835776,0,0,0,1
img_007230.jpg,1782802466.9235125,30,-0.028329681797193407,0,0,0,1
img_007231.jpg,1782802467.0068147,30,-0.01867156983066555,0,0,0,1
img_007232.jpg,1782802467.100406,30,-0.012306086684530218,0,0,0,1
img_007233.jpg,1782802467.162365,30,0.0,0,0,0,1
img_007234.jpg,1782802467.240456,30,0.0,0,0,0,1
img_007235.jpg,1782802467.3372726,30,0.0,0,0,0,1
img_007236.jpg,1782802467.4232342,30,0.0,0,0,0,1
img_007237.jpg,1782802467.506808,30,0.0,0,0,0,1
img_007238.jpg,1782802467.5753624,30,0.0,0,0,0,1
img_007239.jpg,1782802467.6742282,30,0.0,0,0,0,1
img_007240.jpg,1782802467.756843,30,0.0,0,0,0,1
img_007241.jpg,1782802467.840598,30,0.0,0,0,0,1
img_007242.jpg,1782802467.914971,30,0.0,0,0,0,1
img_007243.jpg,1782802468.0181813,30,0.0,0,0,0,1
img_007244.jpg,1782802468.0973942,30,0.0,0,0,0,1
img_007245.jpg,1782802468.177994,30,0.0,0,0,0,1
img_007246.jpg,1782802468.2582333,30,0.0,0,0,0,1
img_007247.jpg,1782802468.357439,30,0.0,0,0,0,1
img_007248.jpg,1782802468.4354532,30,0.0,0,0,0,1
img_007249.jpg,1782802468.5158796,30,0.0,0,0,0,1
img_007250.jpg,1782802468.6095414,30,0.0,0,0,0,1
img_007251.jpg,1782802468.674508,30,0.0,0,0,0,1
img_007252.jpg,1782802468.7618937,30,0.0,0,0,0,1
img_007253.jpg,1782802468.8523715,30,0.0,1,0,0,0
img_007254.jpg,1782802468.9517465,30,0.0,1,0,0,0
img_007255.jpg,1782802469.029558,30,0.0,1,0,0,0
img_007256.jpg,1782802469.1109512,30,0.0,1,0,0,0
img_007257.jpg,1782802469.1818616,30,-0.1,1,0,0,0
img_007258.jpg,1782802469.283753,30,-0.06590815232000002,1,0,0,0
img_007259.jpg,1782802469.363271,30,-0.043438845422363245,1,0,0,0
img_007260.jpg,1782802469.4414117,30,-0.09676663876548826,1,0,0,0
img_007261.jpg,1782802469.5309448,30,-0.10649854040702053,1,0,0,0
img_007262.jpg,1782802469.615913,30,-0.07019122023003585,1,0,0,0
img_007263.jpg,1782802469.6941202,30,-0.13817592261163297,1,0,0,0
img_007264.jpg,1782802469.7819562,30,-0.0910691975444404,1,0,0,0
img_007265.jpg,1782802469.8604293,30,-0.13708096880161436,1,0,0,0
img_007266.jpg,1782802469.9407408,30,-0.11253170019945617,1,0,0,0
img_007267.jpg,1782802470.0243208,30,-0.07416756437574333,1,0,0,0
img_007268.jpg,1782802470.0965362,30,-0.17416756437574332,1,0,0,0
img_007269.jpg,1782802470.1866746,30,-0.13910027617912932,1,0,0,0
img_007270.jpg,1782802470.270389,30,-0.11965045858878397,1,0,0,0
img_007271.jpg,1782802470.354453,30,-0.15205614814954674,1,0,0,0
img_007272.jpg,1782802470.443073,30,-0.10021739773432817,1,0,0,0
img_007273.jpg,1782802470.5182433,30,-0.1722000059155819,1,0,0,0
img_007274.jpg,1782802470.6003463,30,-0.19653408500694852,1,0,0,0
img_007275.jpg,1782802470.684162,30,-0.12953198410709796,1,0,0,0
img_007276.jpg,1782802470.777882,30,-0.1376650016403879,1,0,0,0
img_007277.jpg,1782802470.8516552,30,-0.09073245897247736,1,0,0,0
img_007278.jpg,1782802470.9327178,30,-0.11065227701236047,1,0,0,0
img_007279.jpg,1782802470.99243,30,-0.1444400872632619,1,0,0,0
img_007280.jpg,1782802471.0857382,30,-0.0951977927246116,1,0,0,0
img_007281.jpg,1782802471.1630938,30,-0.13577541176211125,1,0,0,0
img_007282.jpg,1782802471.241382,30,-0.08948706519727949,1,0,0,0
img_007283.jpg,1782802471.327967,30,-0.058979271236920684,1,0,0,0
img_007284.jpg,1782802471.4196382,30,-0.05782609470006048,1,0,0,0
img_007285.jpg,1782802471.4828832,30,-0.03811211057562332,1,0,0,0
img_007286.jpg,1782802471.5671687,30,-0.06967744315991098,1,0,0,0
img_007287.jpg,1782802471.6622627,30,-0.06424428895056039,1,0,0,0
img_007288.jpg,1782802471.7405374,30,-0.06602415632438727,1,0,0,0
img_007289.jpg,1782802471.8164742,30,-0.16602415632438725,1,0,0,0
img_007290.jpg,1782802471.9013667,30,-0.10942345383827208,1,0,0,0
img_007291.jpg,1782802471.9975202,30,-0.12200673042241643,1,0,0,0
img_007292.jpg,1782802472.0726924,30,-0.08041238172745802,1,0,0,0
img_007293.jpg,1782802472.1453571,30,-0.07760686416638356,1,0,0,0
img_007294.jpg,1782802472.217453,30,-0.17760686416638355,1,0,0,0
img_007295.jpg,1782802472.3120158,30,-0.2776068641663835,1,0,0,0
img_007296.jpg,1782802472.3908222,30,-0.3776068641663836,1,0,0,0
img_007297.jpg,1782802472.4754784,30,-0.4776068641663837,1,0,0,0
img_007298.jpg,1782802472.537793,30,-0.45503044983042723,1,0,0,0
img_007299.jpg,1782802472.6296375,30,-0.29990216197661923,1,0,0,0
img_007300.jpg,1782802472.7131782,30,-0.19765997372652336,1,0,0,0
img_007301.jpg,1782802472.7939482,30,-0.130274036559349,1,0,0,0
img_007302.jpg,1782802472.8781471,30,-0.08586121044894825,1,0,0,0
img_007303.jpg,1782802472.968811,30,-0.05658953736648858,1,0,0,0
img_007304.jpg,1782802473.0308864,30,-0.03729711848468861,1,0,0,0
img_007305.jpg,1782802473.1314607,30,-0.024581841661859453,1,0,0,0
img_007306.jpg,1782802473.232761,30,-0.016201437645559553,1,0,0,0
img_007307.jpg,1782802473.3127735,30,-0.010678068201465213,1,0,0,0
img_007308.jpg,1782802473.3895056,30,0.0,1,0,0,0
img_007309.jpg,1782802473.4533782,30,0.0,1,0,0,0
img_007310.jpg,1782802473.5390038,30,0.0,1,0,0,0
img_007311.jpg,1782802473.6407459,30,0.0,1,0,0,0
img_007312.jpg,1782802473.6968145,30,0.0,1,0,0,0
img_007313.jpg,1782802473.7977908,30,0.0,1,0,0,0
img_007314.jpg,1782802473.8934464,30,0.0,1,0,0,0
img_007315.jpg,1782802473.975536,30,0.0,1,0,0,0
img_007316.jpg,1782802474.0568714,30,-0.1,1,0,0,0
img_007317.jpg,1782802474.15277,30,-0.06590815232000002,1,0,0,0
img_007318.jpg,1782802474.2348309,30,-0.11578466012364803,1,0,0,0
img_007319.jpg,1782802474.295596,30,-0.07631153015748826,1,0,0,0
img_007320.jpg,1782802474.375173,30,-0.0502955195339201,1,0,0,0
img_007321.jpg,1782802474.4567006,30,-0.07596451751482919,1,0,0,0
img_007322.jpg,1782802474.5397089,30,-0.050066809912826714,1,0,0,0
img_007323.jpg,1782802474.627142,30,-0.032998109339110696,1,0,0,0
img_007324.jpg,1782802474.7051623,30,-0.021748444165941225,1,0,0,0
img_007325.jpg,1782802474.7939322,30,-0.0143339977081187,0,0,0,1
img_007326.jpg,1782802474.8812964,30,0.0,0,0,0,1
img_007327.jpg,1782802474.9647334,30,0.0,0,0,0,1
img_007328.jpg,1782802475.0519788,30,0.0,0,0,0,1
img_007329.jpg,1782802475.146563,30,0.0,0,0,0,1
img_007330.jpg,1782802475.2076256,30,0.0,0,0,0,1
img_007331.jpg,1782802475.2863128,30,0.0,0,0,0,1
img_007332.jpg,1782802475.3680315,30,0.0,0,0,0,1
img_007333.jpg,1782802475.4573898,30,0.0,0,0,0,1
img_007334.jpg,1782802475.54757,30,0.0,0,0,0,1
img_007335.jpg,1782802475.6217792,30,0.0,0,0,0,1
img_007336.jpg,1782802475.6951592,30,0.0,0,0,0,1
img_007337.jpg,1782802475.7715764,30,0.0,0,0,0,1
img_007338.jpg,1782802475.86463,30,0.0,0,0,0,1
img_007339.jpg,1782802475.9416938,30,0.0,0,0,0,1
img_007340.jpg,1782802476.0375109,30,0.0,0,0,0,1
img_007341.jpg,1782802476.1207337,30,0.0,0,0,0,1
img_007342.jpg,1782802476.2039087,30,0.0,0,0,0,1
img_007343.jpg,1782802476.2850475,30,0.0,0,0,0,1
img_007344.jpg,1782802476.3795004,30,-0.02,0,0,0,1
img_007345.jpg,1782802476.4507751,30,-0.09200000000000001,0,0,0,1
img_007346.jpg,1782802476.5258799,30,-0.06063550013440003,0,0,0,1
img_007347.jpg,1782802476.5896518,30,-0.039963737788574184,0,0,0,1
img_007348.jpg,1782802476.6961887,30,-0.02633936117445888,0,0,0,1
img_007349.jpg,1782802476.7720559,30,-0.017359786282977303,0,0,0,1
img_007350.jpg,1782802476.849863,30,-0.011441514385811149,0,0,0,1
img_007351.jpg,1782802476.9403112,30,0.0,0,0,0,1
img_007352.jpg,1782802477.0205402,30,0.0,0,0,0,1
img_007353.jpg,1782802477.1000855,30,0.0,0,0,0,1
img_007354.jpg,1782802477.1672425,30,0.0,0,0,0,1
img_007355.jpg,1782802477.2544365,30,0.0,0,0,0,1
img_007356.jpg,1782802477.3349261,30,0.0,0,0,0,1
img_007357.jpg,1782802477.4170027,30,0.0,0,0,0,1
img_007358.jpg,1782802477.5124,30,0.0,0,0,0,1
img_007359.jpg,1782802477.6097875,30,0.0,0,0,0,1
img_007360.jpg,1782802477.6934497,30,0.0,0,0,0,1
img_007361.jpg,1782802477.7818596,30,0.0,0,0,0,1
img_007362.jpg,1782802477.8713467,30,-0.04,0,0,0,1
img_007363.jpg,1782802477.9496355,30,-0.11040000000000001,0,0,0,1
img_007364.jpg,1782802478.0180314,30,-0.07276260016128001,0,0,0,1
img_007365.jpg,1782802478.0995953,30,-0.12158626477650741,0,0,0,1
img_007366.jpg,1782802478.2086184,30,-0.08013526058909903,0,0,0,1
img_007367.jpg,1782802478.2669084,30,-0.052815669611092325,0,0,0,1
img_007368.jpg,1782802478.3463576,30,-0.03480983197610669,0,0,0,1
img_007369.jpg,1782802478.428096,30,-0.022942517081148465,0,0,0,1
img_007370.jpg,1782802478.5413206,30,-0.05786506274088535,0,0,0,1
img_007371.jpg,1782802478.6055615,30,-0.07620634997557454,0,0,0,1
img_007372.jpg,1782802478.6897507,30,-0.05022619721941396,0,0,0,1
img_007373.jpg,1782802478.7757843,30,-0.10251145332651199,0,0,0,1
img_007374.jpg,1782802478.868211,30,-0.06756340480388323,0,0,0,1
img_007375.jpg,1782802478.951656,30,-0.044529791750721574,0,0,0,1
img_007376.jpg,1782802479.0132058,30,-0.029348762974844372,0,0,0,1
img_007377.jpg,1782802479.101805,30,-0.019343227405496197,0,0,0,1
img_007378.jpg,1782802479.1857512,30,-0.067156107676012,0,0,0,1
img_007379.jpg,1782802479.2570372,30,-0.04426134973928921,0,0,0,1
img_007380.jpg,1782802479.3378315,30,-0.02917183780505866,0,0,0,1
img_007381.jpg,1782802479.4322495,30,-0.019226619295101416,0,0,0,1
img_007382.jpg,1782802479.5176954,30,-0.012671909531001955,0,0,0,1
img_007383.jpg,1782802479.5983658,30,-0.04101498388887685,0,0,0,1
img_007384.jpg,1782802479.6851537,30,-0.02703221805550442,0,0,0,1
img_007385.jpg,1782802479.7662644,30,-0.06104966381320463,0,0,0,1
img_007386.jpg,1782802479.851344,30,-0.07868616061537671,0,0,0,1
img_007387.jpg,1782802479.9406707,30,-0.05186059459314235,0,0,0,1
img_007388.jpg,1782802480.0381722,30,-0.0946788072636357,0,0,0,1
img_007389.jpg,1782802480.1115515,30,-0.06240105250607626,0,0,0,1
img_007390.jpg,1782802480.1786978,30,-0.08859095077385153,0,0,0,1
img_007391.jpg,1782802480.255761,30,-0.07779379265409381,0,0,0,1
img_007392.jpg,1782802480.3506923,30,-0.051272451357965126,0,0,0,1
img_007393.jpg,1782802480.4354389,30,-0.033792725339205576,0,0,0,1
img_007394.jpg,1782802480.5150633,30,-0.02227216088964285,0,0,0,1
img_007395.jpg,1782802480.6059237,30,-0.03435561926532748,0,0,0,1
img_007396.jpg,1782802480.6683006,30,-0.022643153875871305,0,0,0,1
img_007397.jpg,1782802480.7451627,30,-0.014923684346561246,0,0,0,1
img_007398.jpg,1782802480.828949,30,0.0,0,0,0,1
img_007399.jpg,1782802480.912476,30,0.0,0,0,0,1
img_007400.jpg,1782802480.9966075,30,-0.06,0,0,0,1
img_007401.jpg,1782802481.06997,30,-0.16,0,0,0,1
img_007402.jpg,1782802481.1722395,30,-0.10545304371200002,0,0,0,1
img_007403.jpg,1782802481.2437663,30,-0.06950215267578116,0,0,0,1
img_007404.jpg,1782802481.3198242,30,-0.045807584651232816,0,0,0,1
img_007405.jpg,1782802481.4016,30,-0.11574297787913419,0,0,0,1
img_007406.jpg,1782802481.4972336,30,-0.07628405816028368,0,0,0,1
img_007407.jpg,1782802481.5921583,30,-0.09620148068071499,0,0,0,1
img_007408.jpg,1782802481.66769,30,-0.06340461842114103,0,0,0,1
img_007409.jpg,1782802481.7589211,30,-0.04178881248692042,0,0,0,1
img_007410.jpg,1782802481.8499837,30,-0.09537005088892946,0,0,0,1
img_007411.jpg,1782802481.9311564,30,-0.06285663840753716,0,0,0,1
img_007412.jpg,1782802482.012342,30,-0.041427648984871224,0,0,0,1
img_007413.jpg,1782802482.070667,30,-0.07225921313273141,0,0,0,1
img_007414.jpg,1782802482.1558228,30,-0.06609385078342835,0,0,0,1
img_007415.jpg,1782802482.2395647,30,-0.04356123584849547,0,0,0,1
img_007416.jpg,1782802482.3243692,30,-0.12007633698061584,0,0,0,1
img_007417.jpg,1782802482.4131937,30,-0.0791400950774608,0,0,0,1
img_007418.jpg,1782802482.5045724,30,-0.05215977440984569,0,0,0,1
img_007419.jpg,1782802482.5828252,30,-0.05169475438240162,0,0,0,1
img_007420.jpg,1782802482.6643503,30,-0.03407105745980314,0,0,0,1
img_007421.jpg,1782802482.758878,30,-0.08883774303397739,0,0,0,1
img_007422.jpg,1782802482.8416066,30,-0.058551314996484013,0,0,0,1
img_007423.jpg,1782802482.9159207,30,-0.03859008987324569,0,0,0,1
img_007424.jpg,1782802482.9784207,30,-0.10910288268338605,0,0,0,1
img_007425.jpg,1782802483.0554085,30,-0.07190769410447702,0,0,0,1
img_007426.jpg,1782802483.1483755,30,-0.04739303256017838,0,0,0,1
img_007427.jpg,1782802483.2342417,30,-0.090897462758935,0,0,0,1
img_007428.jpg,1782802483.3099866,30,-0.05990883821017416,0,0,0,1
img_007429.jpg,1782802483.3927274,30,-0.06291826993554778,0,0,0,1
img_007430.jpg,1782802483.4859607,30,-0.08014122177957185,0,0,0,1
img_007431.jpg,1782802483.5788262,30,-0.05281959852158924,0,0,0,1
img_007432.jpg,1782802483.6697903,30,-0.12219403063986212,0,0,0,1
img_007433.jpg,1782802483.7478244,30,-0.08053582784006781,0,0,0,1
img_007434.jpg,1782802483.824356,30,-0.053079676085004864,0,0,0,1
img_007435.jpg,1782802483.9082468,30,-0.034983833765067626,0,0,0,1
img_007436.jpg,1782802483.9934533,30,-0.023057198445256364,0,0,0,1
img_007437.jpg,1782802484.0696397,30,-0.01519657347202424,0,0,0,1
img_007438.jpg,1782802484.1617565,30,-0.06364637978672133,0,0,0,1
img_007439.jpg,1782802484.246317,30,-0.041948152935998,0,0,0,1
img_007440.jpg,1782802484.3483455,30,-0.09550491664502872,0,0,0,1
img_007441.jpg,1782802484.4187036,30,-0.06294552593549457,0,0,0,1
img_007442.jpg,1782802484.5039306,30,-0.04148623311219088,0,0,0,1
img_007443.jpg,1782802484.5876374,30,-0.0723048318896657,0,0,0,1
img_007444.jpg,1782802484.6681302,30,-0.04765477873656082,0,0,0,1
img_007445.jpg,1782802484.763888,30,-0.03140838415745148,0,0,0,1
img_007446.jpg,1782802484.8455331,30,-0.06445733184279759,0,0,0,1
img_007447.jpg,1782802484.9349961,30,-0.060504637952564035,0,0,0,1
img_007448.jpg,1782802485.009964,30,-0.03987748894244045,0,0,0,1
img_007449.jpg,1782802485.0938478,30,-0.0937523066408816,0,0,0,1
img_007450.jpg,1782802485.1747665,30,-0.06179041306438574,0,0,0,1
img_007451.jpg,1782802485.2655385,30,-0.04072491956163255,0,0,0,1
img_007452.jpg,1782802485.3263233,30,-0.07171200616360854,0,0,0,1
img_007453.jpg,1782802485.4069297,30,-0.06570183556308577,0,0,0,1
img_007454.jpg,1782802485.5074682,30,-0.043302865859954506,0,0,0,1
img_007455.jpg,1782802485.5861335,30,-0.11343863659115816,0,0,0,1
img_007456.jpg,1782802485.6496558,30,-0.07476530939423179,0,0,0,1
img_007457.jpg,1782802485.7331095,30,-0.04927643399806956,0,0,0,1
img_007458.jpg,1782802485.831438,30,-0.11893431927822401,0,0,0,1
img_007459.jpg,1782802485.913696,30,-0.07838741231064703,0,0,0,1
img_007460.jpg,1782802485.9943771,30,-0.10103933731735312,0,0,0,1
img_007461.jpg,1782802486.073083,30,-0.06659316034223971,0,0,0,1
img_007462.jpg,1782802486.1685793,30,-0.04389032155306519,0,0,0,1
img_007463.jpg,1782802486.2523968,30,-0.09234876816251439,0,0,0,1
img_007464.jpg,1782802486.3340137,30,-0.06086536678619365,0,0,0,1
img_007465.jpg,1782802486.4170053,30,-0.040115238651571204,0,0,0,1
img_007466.jpg,1782802486.50166,30,-0.062384774955114686,0,0,0,1
img_007467.jpg,1782802486.588419,30,-0.04111665250190621,0,0,0,1
img_007468.jpg,1782802486.6679978,30,-0.07201704390340434,0,0,0,1
img_007469.jpg,1782802486.7566173,30,-0.0659203624524098,0,0,0,1
img_007470.jpg,1782802486.8365333,30,-0.04344689289503035,0,0,0,1
img_007471.jpg,1782802486.917851,30,-0.0738315741346454,0,0,0,1
img_007472.jpg,1782802487.0019748,30,-0.04866102634091582,0,0,0,1
img_007473.jpg,1782802487.09612,30,-0.032071583361246124,0,0,0,1
img_007474.jpg,1782802487.159938,30,-0.13207158336124614,0,0,0,1
img_007475.jpg,1782802487.2443788,30,-0.08704594033316589,0,0,0,1
img_007476.jpg,1782802487.320675,30,-0.0573703709431593,0,0,0,1
img_007477.jpg,1782802487.4116542,30,-0.03781175146776646,0,0,0,1
img_007478.jpg,1782802487.4766436,30,-0.02492102675223536,0,0,0,1
img_007479.jpg,1782802487.555832,30,-0.016424988271571232,0,0,0,1
img_007480.jpg,1782802487.6568582,30,-0.010825406288569307,0,0,0,1
img_007481.jpg,1782802487.7364628,30,0.0,0,0,0,1
img_007482.jpg,1782802487.8181736,30,0.0,0,0,0,1
img_007483.jpg,1782802487.901891,30,0.0,0,0,0,1
img_007484.jpg,1782802487.9955018,30,0.0,0,0,0,1
img_007485.jpg,1782802488.0610294,30,0.0,0,0,0,1
img_007486.jpg,1782802488.1419814,30,0.0,0,0,0,1
img_007487.jpg,1782802488.2172456,30,0.0,0,0,0,1
img_007488.jpg,1782802488.3100784,30,0.0,0,0,0,1
img_007489.jpg,1782802488.3935661,30,-0.0184,0,0,0,1
img_007490.jpg,1782802488.4786286,30,-0.012127100026880003,0,0,0,1
img_007491.jpg,1782802488.5675108,30,0.0,0,0,0,1
img_007492.jpg,1782802488.661767,30,0.0,0,0,0,1
img_007493.jpg,1782802488.7387412,30,0.0,0,0,0,1
img_007494.jpg,1782802488.829818,30,0.0,0,1,0,0
img_007495.jpg,1782802488.9221294,30,0.0,0,1,0,0
img_007496.jpg,1782802489.0129983,30,0.0,0,1,0,0
img_007497.jpg,1782802489.098225,30,0.0,0,1,0,0
img_007498.jpg,1782802489.1613567,30,0.0,0,1,0,0
img_007499.jpg,1782802489.25711,30,0.0,0,1,0,0
img_007500.jpg,1782802489.3372028,30,0.0,0,1,0,0
img_007501.jpg,1782802489.421785,30,0.0,0,1,0,0
img_007502.jpg,1782802489.4872866,30,0.0,0,1,0,0
img_007503.jpg,1782802489.5765295,30,0.0,0,1,0,0
img_007504.jpg,1782802489.659866,30,0.0,0,1,0,0
img_007505.jpg,1782802489.739819,30,0.0,0,1,0,0
img_007506.jpg,1782802489.8365757,30,0.0,0,1,0,0
img_007507.jpg,1782802489.9221094,30,0.0,0,1,0,0
img_007508.jpg,1782802489.9997377,30,0.0,0,1,0,0
img_007509.jpg,1782802490.0677626,30,0.0,0,1,0,0
img_007510.jpg,1782802490.1647522,30,0.0,0,1,0,0
img_007511.jpg,1782802490.2445984,30,0.0,0,1,0,0
img_007512.jpg,1782802490.327221,30,0.0,0,1,0,0
img_007513.jpg,1782802490.411392,30,0.0,0,1,0,0
img_007514.jpg,1782802490.509982,30,0.0,0,1,0,0
img_007515.jpg,1782802490.596043,30,0.0,0,1,0,0
img_007516.jpg,1782802490.6609335,30,0.0,0,1,0,0
img_007517.jpg,1782802490.7559936,30,0.0,0,1,0,0
img_007518.jpg,1782802490.849979,30,0.0,0,1,0,0
img_007519.jpg,1782802490.9318314,30,0.0,0,1,0,0
img_007520.jpg,1782802490.9870267,30,0.0,0,1,0,0
img_007521.jpg,1782802491.0785933,30,0.0,0,1,0,0
img_007522.jpg,1782802491.1622703,30,0.0,0,1,0,0
img_007523.jpg,1782802491.2442074,30,0.0,0,1,0,0
img_007524.jpg,1782802491.323834,30,0.0,0,1,0,0
img_007525.jpg,1782802491.4161236,30,0.0,0,1,0,0
img_007526.jpg,1782802491.483497,30,0.0,0,1,0,0
img_007527.jpg,1782802491.5617933,30,0.0,0,1,0,0
img_007528.jpg,1782802491.6513035,30,0.0,0,1,0,0
img_007529.jpg,1782802491.7467144,30,0.0,0,1,0,0
img_007530.jpg,1782802491.8267958,30,0.0,0,1,0,0
img_007531.jpg,1782802491.90854,30,0.0,0,1,0,0
img_007532.jpg,1782802491.9941387,30,0.0,0,1,0,0
img_007533.jpg,1782802492.0851214,30,0.0,0,1,0,0
img_007534.jpg,1782802492.141941,30,0.0,0,1,0,0
img_007535.jpg,1782802492.2228446,30,0.0,0,1,0,0
img_007536.jpg,1782802492.3090823,30,0.0,0,1,0,0
img_007537.jpg,1782802492.403786,30,0.0,0,1,0,0
img_007538.jpg,1782802492.4663436,30,0.0,0,1,0,0
img_007539.jpg,1782802492.5519693,30,0.0,0,1,0,0
img_007540.jpg,1782802492.647774,30,0.0,0,1,0,0
img_007541.jpg,1782802492.7290447,30,0.0,0,1,0,0
img_007542.jpg,1782802492.8053944,30,0.0,0,1,0,0
img_007543.jpg,1782802492.8847864,30,0.0,0,1,0,0
img_007544.jpg,1782802492.9800425,30,0.0,0,1,0,0
img_007545.jpg,1782802493.0579655,30,0.0,0,1,0,0
img_007546.jpg,1782802493.1170595,30,0.0,0,1,0,0
img_007547.jpg,1782802493.198977,30,0.0,0,1,0,0
img_007548.jpg,1782802493.2956316,30,0.0,0,1,0,0
img_007549.jpg,1782802493.3815749,30,0.0,0,1,0,0
img_007550.jpg,1782802493.4609132,30,0.0,0,1,0,0
img_007551.jpg,1782802493.541049,30,0.0,0,1,0,0
img_007552.jpg,1782802493.6318948,30,0.0,0,1,0,0
img_007553.jpg,1782802493.7079406,30,0.0,0,1,0,0
img_007554.jpg,1782802493.7887208,30,0.0,0,1,0,0
img_007555.jpg,1782802493.8828855,30,0.0,0,1,0,0
img_007556.jpg,1782802493.9619207,30,0.0,0,1,0,0
img_007557.jpg,1782802494.0370622,30,0.0,0,1,0,0
img_007558.jpg,1782802494.1198251,30,0.0,0,1,0,0
img_007559.jpg,1782802494.2142406,30,0.0,0,1,0,0
img_007560.jpg,1782802494.2923384,30,0.0,0,1,0,0
img_007561.jpg,1782802494.3699818,30,0.0,0,1,0,0
img_007562.jpg,1782802494.4528062,30,0.0,0,0,0,1
img_007563.jpg,1782802494.5537853,30,0.0,0,0,0,1
img_007564.jpg,1782802494.6352482,30,0.0,0,0,0,1
img_007565.jpg,1782802494.7121873,30,0.0,0,0,0,1
img_007566.jpg,1782802494.7812433,30,0.0,0,0,0,1
img_007567.jpg,1782802494.8727086,30,0.0,0,0,0,1
img_007568.jpg,1782802494.9521375,30,0.0,0,0,0,1
img_007569.jpg,1782802495.0290549,30,0.0,0,0,0,1
img_007570.jpg,1782802495.1118646,30,0.0,0,0,0,1
img_007571.jpg,1782802495.2051027,30,-0.0552,0,0,0,1
img_007572.jpg,1782802495.2834496,30,-0.03638130008064001,0,0,0,1
img_007573.jpg,1782802495.3669076,30,-0.023978242673144502,0,0,0,1
img_007574.jpg,1782802495.4553964,30,-0.01580361670467532,0,0,0,1
img_007575.jpg,1782802495.5436409,30,-0.010415871769786377,0,0,0,1
img_007576.jpg,1782802495.6282527,30,0.0,0,0,0,1
img_007577.jpg,1782802495.7118862,30,-0.08,0,0,0,1
img_007578.jpg,1782802495.8017323,30,-0.05272652185600001,0,0,0,1
img_007579.jpg,1782802495.8811517,30,-0.03475107633789058,0,0,0,1
img_007580.jpg,1782802495.9611204,30,-0.022903792325616408,0,0,0,1
img_007581.jpg,1782802496.0449755,30,-0.054634908238449596,0,0,0,1
img_007582.jpg,1782802496.1362982,30,-0.036008858541689594,0,0,0,1
img_007583.jpg,1782802496.2098985,30,-0.023732773336350113,0,0,0,1
img_007584.jpg,1782802496.2964299,30,-0.07087141935188675,0,0,0,1
img_007585.jpg,1782802496.3756905,30,-0.046710043017787486,0,0,0,1
img_007586.jpg,1782802496.471835,30,-0.07637254997743491,0,0,0,1
img_007587.jpg,1782802496.555839,30,-0.06904061634108254,0,0,0,1
img_007588.jpg,1782802496.634344,30,-0.045503394580747494,0,0,0,1
img_007589.jpg,1782802496.7326438,30,-0.0892980731731447,0,0,0,1
img_007590.jpg,1782802496.8151426,30,-0.058854710085781275,0,0,0,1
img_007591.jpg,1782802496.8908615,30,-0.13414633327891878,0,0,0,1
img_007592.jpg,1782802496.9728189,30,-0.08841336966916466,0,0,0,1
img_007593.jpg,1782802497.0857124,30,-0.10884643000094252,0,0,0,1
img_007594.jpg,1782802497.167046,30,-0.07173867087990339,0,0,0,1
img_007595.jpg,1782802497.2488015,30,-0.047281632475870215,0,0,0,1
img_007596.jpg,1782802497.3221867,30,-0.05227222864302081,0,0,0,1
img_007597.jpg,1782802497.4073617,30,-0.03445166007510083,0,0,0,1
img_007598.jpg,1782802497.4852622,30,-0.022706452599066083,0,0,0,1
img_007599.jpg,1782802497.5713267,30,-0.014965403365461075,0,0,0,1
img_007600.jpg,1782802497.66651,30,0.0,0,0,0,1
img_007601.jpg,1782802497.74894,30,0.0,0,0,0,1
img_007602.jpg,1782802497.8331692,30,0.0,0,0,0,1
img_007603.jpg,1782802497.9156487,30,-0.0552,0,0,0,1
img_007604.jpg,1782802498.0302787,30,-0.03638130008064001,0,0,0,1
img_007605.jpg,1782802498.0820625,30,-0.023978242673144502,0,0,0,1
img_007606.jpg,1782802498.1685865,30,-0.01580361670467532,0,0,0,1
img_007607.jpg,1782802498.287364,30,-0.052306086684530226,0,0,0,1
img_007608.jpg,1782802498.3600683,30,-0.03447397528467143,0,0,0,1
img_007609.jpg,1782802498.440331,30,-0.022721160141380408,0,0,0,1
img_007610.jpg,1782802498.5268655,30,-0.10090346733006998,0,0,0,1
img_007611.jpg,1782802498.6215138,30,-0.06650361094406398,0,0,0,1
img_007612.jpg,1782802498.6999397,30,-0.0676427186949064,0,0,0,1
img_007613.jpg,1782802498.779854,30,-0.06278662666829135,0,0,0,1
img_007614.jpg,1782802498.8628032,30,-0.04138150554112722,0,0,0,1
img_007615.jpg,1782802498.970318,30,-0.06607928178680929,0,0,0,1
img_007616.jpg,1782802499.059982,30,-0.043551633692012294,0,0,0,1
img_007617.jpg,1782802499.1429906,30,-0.07391313453636568,0,0,0,1
img_007618.jpg,1782802499.2381465,30,-0.048714781294714425,0,0,0,1
img_007619.jpg,1782802499.314678,30,-0.05489892636747311,0,0,0,1
img_007620.jpg,1782802499.4029896,30,-0.05365706356121611,0,0,0,1
img_007621.jpg,1782802499.5090377,30,-0.035364379182365534,0,0,0,1
img_007622.jpg,1782802499.6199658,30,-0.058685337696757864,0,0,0,1
img_007623.jpg,1782802499.7099187,30,-0.062041762781179954,0,0,0,1
img_007624.jpg,1782802499.7937796,30,-0.13067842175868558,0,0,0,1
img_007625.jpg,1782802499.9100523,30,-0.08612773326208654,0,0,0,1
img_007626.jpg,1782802499.9903395,30,-0.12809851343303008,0,0,0,1
img_007627.jpg,1782802500.1000383,30,-0.08442736335309714,0,0,0,1
img_007628.jpg,1782802500.1900072,30,-0.13145932034206143,0,0,0,1
img_007629.jpg,1782802500.280278,30,-0.08664240908988262,0,0,0,1
img_007630.jpg,1782802500.3813794,30,-0.08207001190943193,0,0,0,1
img_007631.jpg,1782802500.4802384,30,-0.09505445343373176,0,0,0,1
img_007632.jpg,1782802500.5901787,30,-0.06264863395604742,0,0,0,1
img_007633.jpg,1782802500.683728,30,-0.07993125947796667,0,0,0,1
img_007634.jpg,1782802500.8069627,30,-0.05268121624803272,0,0,0,1
img_007635.jpg,1782802500.890398,30,-0.03472121624878201,0,0,0,1
img_007636.jpg,1782802501.0024652,30,-0.022884112092603846,0,0,0,1
img_007637.jpg,1782802501.090036,30,-0.03639401679899226,0,0,0,1
img_007638.jpg,1782802501.2110229,30,-0.0404002766209198,0,0,0,1
img_007639.jpg,1782802501.303464,30,-0.026627075853017174,0,0,0,1
img_007640.jpg,1782802501.4201021,30,-0.07332115700199375,0,0,0,1
img_007641.jpg,1782802501.5439599,30,-0.048324619839660396,0,0,0,1
img_007642.jpg,1782802501.6383517,30,-0.06877732157370549,0,0,0,1
img_007643.jpg,1782802501.7700946,30,-0.06927158898305875,0,0,0,1
img_007644.jpg,1782802501.8602867,30,-0.08508847508204008,0,0,0,1
img_007645.jpg,1782802501.969971,30,-0.05608024176383623,0,0,0,1
img_007646.jpg,1782802502.1103635,30,-0.05450334959471027,0,0,0,1
img_007647.jpg,1782802502.227849,30,-0.08244110428920576,0,0,0,1
img_007648.jpg,1782802502.3501177,30,-0.0543354085892198,0,0,0,1
img_007649.jpg,1782802502.455232,30,-0.0791103306435224,0,0,0,1
img_007650.jpg,1782802502.5791876,30,-0.05214015722138838,0,0,0,1
img_007651.jpg,1782802502.7141883,30,-0.07445691474640849,0,0,0,1
img_007652.jpg,1782802502.8378646,30,-0.07334040954764723,0,0,0,1
img_007653.jpg,1782802502.960025,30,-0.06686841228345128,0,0,0,1
img_007654.jpg,1782802503.1721609,30,-0.08592563022417612,0,0,0,1
img_007655.jpg,1782802503.3201137,30,-0.10370925714800328,0,0,0,1
img_007656.jpg,1782802503.530131,30,-0.12075715403006439,0,0,0,1
img_007657.jpg,1782802503.7003624,30,-0.13403214675736277,0,0,0,1
img_007658.jpg,1782802503.8945196,30,-0.08833811144260861,0,0,0,1
img_007659.jpg,1782802504.1001518,30,-0.08168480113718027,0,0,0,1
img_007660.jpg,1782802504.2958152,30,-0.05383694315578188,0,0,0,1
img_007661.jpg,1782802504.5001452,30,-0.08192218159208949,0,0,0,1
img_007662.jpg,1782802504.710013,30,-0.05399339622758135,0,0,0,1
img_007663.jpg,1782802504.900049,30,-0.035586049828415456,0,0,0,1
img_007664.jpg,1782802505.1003532,30,-0.042421595571286046,0,0,0,1
img_007665.jpg,1782802505.3138487,30,-0.02795928982569759,0,0,0,1
img_007666.jpg,1782802505.5066473,30,-0.018427451325911032,0,0,0,1
img_007667.jpg,1782802505.713331,30,-0.027529155600625334,0,0,0,1
img_007668.jpg,1782802505.9092197,30,-0.03529545326703257,0,0,0,1
img_007669.jpg,1782802506.1135347,30,-0.06428414591359907,0,0,0,1
img_007670.jpg,1782802506.3227005,30,-0.06605270957211515,0,0,0,1
img_007671.jpg,1782802506.514705,30,-0.043534120436276885,0,0,0,1
img_007672.jpg,1782802506.7235765,30,-0.0455153966003409,0,0,0,1
img_007673.jpg,1782802506.9315522,30,-0.048180669696092165,0,0,0,1
img_007674.jpg,1782802507.133603,30,-0.07137370932431063,0,0,0,1
img_007675.jpg,1782802507.3462045,30,-0.0923778509663288,0,0,0,1
img_007676.jpg,1782802507.5402741,30,-0.08457884209220717,0,0,0,1
img_007677.jpg,1782802507.7411985,30,-0.10586052939109664,0,0,0,1
img_007678.jpg,1782802507.9209104,30,-0.06977071895784236,0,0,0,1
img_007679.jpg,1782802508.1201837,30,-0.06431111107553682,0,0,0,1
img_007680.jpg,1782802508.322523,30,-0.08122581046118763,0,0,0,1
img_007681.jpg,1782802508.5192895,30,-0.09710556389640128,0,0,0,1
img_007682.jpg,1782802508.7225597,30,-0.08649374235221206,0,0,0,1
img_007683.jpg,1782802508.9295137,30,-0.08036350810517857,0,0,0,1
img_007684.jpg,1782802509.080128,30,-0.07757185144745288,0,0,0,1
img_007685.jpg,1782802509.2503085,30,-0.06989978747112108,0,0,0,1
img_007686.jpg,1782802509.4111757,30,-0.06564947564980735,0,0,0,1
img_007687.jpg,1782802509.552631,30,-0.04326835640855634,0,0,0,1
img_007688.jpg,1782802509.6803346,30,-0.028517374248111797,0,0,0,1
img_007689.jpg,1782802509.8105898,30,-0.06220613711851368,0,0,0,1
img_007690.jpg,1782802509.9401093,30,-0.04099891560445806,0,0,0,1
img_007691.jpg,1782802510.0622833,30,-0.02702162774613447,0,0,0,1
img_007692.jpg,1782802510.1770961,30,-0.057841417266381964,0,0,0,1
img_007693.jpg,1782802510.2960615,30,-0.03812220939597381,0,0,0,1
img_007694.jpg,1782802510.390465,30,-0.02512564383644778,0,0,0,1
img_007695.jpg,1782802510.5252337,30,-0.0165598476111067,0,0,0,1
img_007696.jpg,1782802510.6435878,30,-0.010914289587488087,0,0,0,1
img_007697.jpg,1782802510.7530887,30,0.0,0,0,0,1
img_007698.jpg,1782802510.8704937,30,0.0,0,0,0,1
img_007699.jpg,1782802510.9605484,30,0.0,0,0,0,1
img_007700.jpg,1782802511.0901234,30,0.0,0,0,0,1
img_007701.jpg,1782802511.1902347,30,0.0,0,0,0,1
img_007702.jpg,1782802511.3107243,30,0.0,0,0,0,1
img_007703.jpg,1782802511.4401665,30,0.0,0,0,0,1
img_007704.jpg,1782802511.5604875,30,0.0,0,0,0,1
img_007705.jpg,1782802511.6503963,30,0.0,0,0,0,1
img_007706.jpg,1782802511.7800832,30,0.0,0,0,0,1
img_007707.jpg,1782802511.9034975,30,0.0,0,0,0,1
img_007708.jpg,1782802512.0122454,30,0.0,0,0,0,1
img_007709.jpg,1782802512.1303465,30,0.0,0,0,0,1
img_007710.jpg,1782802512.2204373,30,0.0,0,0,0,1
img_007711.jpg,1782802512.360425,30,0.0,0,0,0,1
img_007712.jpg,1782802512.4802983,30,0.0,0,0,0,1
img_007713.jpg,1782802512.57232,30,0.0,0,0,0,1
img_007714.jpg,1782802512.7104905,30,0.0,0,0,0,1
img_007715.jpg,1782802512.830177,30,0.0,0,0,0,1
img_007716.jpg,1782802512.9409833,30,0.0,0,0,0,1
img_007717.jpg,1782802513.060266,30,0.0,0,0,0,1
img_007718.jpg,1782802513.1904202,30,0.0,0,0,0,1
img_007719.jpg,1782802513.330647,30,0.0,0,0,0,1
img_007720.jpg,1782802513.4541605,30,0.0,0,0,0,1
img_007721.jpg,1782802513.5904243,30,0.0,0,0,0,1
img_007722.jpg,1782802513.7113047,30,0.0,0,0,0,1
img_007723.jpg,1782802513.8365479,30,0.0,0,0,0,1
img_007724.jpg,1782802513.970214,30,0.0,0,0,0,1
img_007725.jpg,1782802514.090581,30,0.0,0,0,0,1
img_007726.jpg,1782802514.230276,30,0.0,0,0,0,1
img_007727.jpg,1782802514.35056,30,-0.04,0,0,0,1
img_007728.jpg,1782802514.450454,30,-0.026363260928000006,0,0,0,1
img_007729.jpg,1782802514.5802763,30,-0.01737553816894529,0,0,0,1
img_007730.jpg,1782802514.701599,30,-0.011451896162808204,0,0,0,1
img_007731.jpg,1782802514.8002622,30,0.0,0,0,0,1
img_007732.jpg,1782802514.9305513,30,0.0,0,0,0,1
img_007733.jpg,1782802515.0206048,30,0.0,0,0,0,1
img_007734.jpg,1782802515.151297,30,0.0,0,0,0,1
img_007735.jpg,1782802515.2733579,30,0.0,0,0,0,1
img_007736.jpg,1782802515.3705065,30,0.0,0,0,0,1
img_007737.jpg,1782802515.4963732,30,0.0,0,0,0,1
img_007738.jpg,1782802515.5902169,30,0.0,0,0,0,1
img_007739.jpg,1782802515.7205148,30,0.0,0,0,0,1
img_007740.jpg,1782802515.8148947,30,0.0,0,0,0,1
img_007741.jpg,1782802515.9302282,30,0.0,0,0,0,1
img_007742.jpg,1782802516.0361671,30,0.0,0,0,0,1
img_007743.jpg,1782802521.867648,30,0.0,0,0,0,1
img_007744.jpg,1782802521.9805374,30,0.0,0,0,0,1
img_007745.jpg,1782802522.100507,30,0.0,0,0,0,1
img_007746.jpg,1782802522.1929533,30,0.0,1,0,0,0
img_007747.jpg,1782802522.316277,30,0.0,1,0,0,0
img_007748.jpg,1782802522.400454,30,0.0,1,0,0,0
img_007749.jpg,1782802522.5143611,30,0.0,1,0,0,0
img_007750.jpg,1782802522.602299,30,0.0,1,0,0,0
img_007751.jpg,1782802522.7204883,30,-0.04,1,0,0,0
img_007752.jpg,1782802522.800588,30,-0.06229504000000001,1,0,0,0
img_007753.jpg,1782802522.9106443,30,-0.04105750985100494,1,0,0,0
img_007754.jpg,1782802523.0153909,30,-0.027060246131399342,1,0,0,0
img_007755.jpg,1782802523.1306992,30,-0.0549274889395671,1,0,0,0
img_007756.jpg,1782802523.2105625,30,-0.03620169307584105,1,0,0,0
img_007757.jpg,1782802523.3404176,30,-0.04593463805961328,1,0,0,0
img_007758.jpg,1782802523.4430954,30,-0.030274671219970614,1,0,0,0
img_007759.jpg,1782802523.5306547,30,-0.08562448172058314,1,0,0,0
img_007760.jpg,1782802523.628746,30,-0.07566863510827446,1,0,0,0
img_007761.jpg,1782802523.7355042,30,-0.09892225813519204,1,0,0,0
img_007762.jpg,1782802523.8107424,30,-0.08519506851535431,1,0,0,0
img_007763.jpg,1782802523.935505,30,-0.10634037751208424,1,0,0,0
img_007764.jpg,1782802524.0142994,30,-0.11395349588412987,1,0,0,0
img_007765.jpg,1782802524.093908,30,-0.07510464364127727,1,0,0,0
img_007766.jpg,1782802524.1905582,30,-0.1426962721499751,1,0,0,0
img_007767.jpg,1782802524.2688348,30,-0.09404847640356735,1,0,0,0
img_007768.jpg,1782802524.3243916,30,-0.11323441999374106,1,0,0,0
img_007769.jpg,1782802524.4006698,30,-0.17777566639424175,1,0,0,0
img_007770.jpg,1782802524.4926474,30,-0.11716865699501194,1,0,0,0
img_007771.jpg,1782802524.568799,30,-0.2171686569950119,1,0,0,0
img_007772.jpg,1782802524.6226895,30,-0.1699059562038813,1,0,0,0
img_007773.jpg,1782802524.7044203,30,-0.1119818764156066,1,0,0,0
img_007774.jpg,1782802524.797395,30,-0.17662332630235805,1,0,0,0
img_007775.jpg,1782802524.8752222,30,-0.11640917093200881,1,0,0,0
img_007776.jpg,1782802524.9326746,30,-0.07672313369231754,1,0,0,0
img_007777.jpg,1782802525.0178492,30,-0.05056679981860989,1,0,0,0
img_007778.jpg,1782802525.1094792,30,-0.0333276434477989,1,0,0,0
img_007779.jpg,1782802525.188578,30,-0.021965634008241804,1,0,0,0
img_007780.jpg,1782802525.2724867,30,-0.014477143520205734,1,0,0,0
img_007781.jpg,1782802525.3381941,30,-0.09331897203858928,1,0,0,0
img_007782.jpg,1782802525.4363308,30,-0.10381388369878503,1,0,0,0
img_007783.jpg,1782802525.5268273,30,-0.06842181259750289,1,0,0,0
img_007784.jpg,1782802525.6289718,30,-0.09327924440792433,1,0,0,0
img_007785.jpg,1782802525.7276862,30,-0.10378294826951778,1,0,0,0
img_007786.jpg,1782802525.7905633,30,-0.06840142362766059,1,0,0,0
img_007787.jpg,1782802525.8724585,30,-0.11789496495845193,1,0,0,0
img_007788.jpg,1782802525.9538,30,-0.12295091447356703,1,0,0,0
img_007789.jpg,1782802526.0506697,30,-0.0810346759900715,1,0,0,0
img_007790.jpg,1782802526.1239295,30,-0.11937174975799651,1,0,0,0
img_007791.jpg,1782802526.206099,30,-0.07867571465754959,1,0,0,0
img_007792.jpg,1782802526.2935703,30,-0.051853709855346354,1,0,0,0
img_007793.jpg,1782802526.3754232,30,-0.07152538161983994,1,0,0,0
img_007794.jpg,1782802526.4600818,30,-0.07124027985376674,1,0,0,0
img_007795.jpg,1782802526.5414145,30,-0.17124027985376672,1,0,0,0
img_007796.jpg,1782802526.6137502,30,-0.11286130447921489,1,0,0,0
img_007797.jpg,1782802526.7093556,30,-0.15552580811120748,1,0,0,0
img_007798.jpg,1782802526.7937613,30,-0.12574545322917993,1,0,0,0
img_007799.jpg,1782802526.8759394,30,-0.08287650484976229,1,0,0,0
img_007800.jpg,1782802526.9735677,30,-0.1498463844617813,1,0,0,0
img_007801.jpg,1782802527.0406687,30,-0.09876098331708366,1,0,0,0
img_007802.jpg,1782802527.1258373,30,-0.0650915393173533,1,0,0,0
img_007803.jpg,1782802527.2163768,30,-0.04290063088071391,1,0,0,0
img_007804.jpg,1782802527.2985353,30,-0.07340620645924135,1,0,0,0
img_007805.jpg,1782802527.372271,30,-0.08830805209533375,1,0,0,0
img_007806.jpg,1782802527.460689,30,-0.05820220548581753,1,0,0,0
img_007807.jpg,1782802527.5355344,30,-0.15820220548581754,1,0,0,0
img_007808.jpg,1782802527.6390998,30,-0.2582022054858175,1,0,0,0
img_007809.jpg,1782802527.7205656,30,-0.1993021014665131,1,0,0,0
img_007810.jpg,1782802527.807745,30,-0.13135633261151042,1,0,0,0
img_007811.jpg,1782802527.9063256,30,-0.14228559992859183,1,0,0,0
img_007812.jpg,1782802527.9707718,30,-0.1162602612982197,1,0,0,0
img_007813.jpg,1782802528.061875,30,-0.07662499010406067,1,0,0,0
img_007814.jpg,1782802528.1567864,30,-0.15049499089573581,1,0,0,0
img_007815.jpg,1782802528.252277,30,-0.09918846783353173,1,0,0,0
img_007816.jpg,1782802528.3208787,30,-0.0910579200691286,1,0,0,0
img_007817.jpg,1782802528.4126644,30,-0.07956111208976646,1,0,0,0
img_007818.jpg,1782802528.5184646,30,-0.05243725894360921,1,0,0,0
img_007819.jpg,1782802528.5858493,30,-0.07763226429228119,1,0,0,0
img_007820.jpg,1782802528.670892,30,-0.051165990999221665,1,0,0,0
img_007821.jpg,1782802528.765103,30,-0.033722559283804514,1,0,0,0
img_007822.jpg,1782802528.8584714,30,-0.022225915738972184,1,0,0,0
img_007823.jpg,1782802528.9409754,30,-0.014648690399756642,1,0,0,0
img_007824.jpg,1782802529.03324,30,-0.05140675943000571,1,0,0,0
img_007825.jpg,1782802529.1290045,30,-0.0711773466870323,1,0,0,0
img_007826.jpg,1782802529.200503,30,-0.046911674071823735,1,0,0,0
img_007827.jpg,1782802529.280591,30,-0.03091861760311954,0,0,0,1
img_007828.jpg,1782802529.3731842,30,-0.020377889585102366,0,0,0,1
img_007829.jpg,1782802529.455331,30,-0.013430690507350684,0,0,0,1
img_007830.jpg,1782802529.5408943,30,0.0,0,0,0,1
img_007831.jpg,1782802529.6268384,30,0.0,0,0,0,1
img_007832.jpg,1782802529.7124822,30,0.0,0,0,0,1
img_007833.jpg,1782802529.8078194,30,0.0736,0,0,0,1
img_007834.jpg,1782802529.8710346,30,0.048508400107520014,0,0,0,1
img_007835.jpg,1782802529.9620094,30,0.054751076337890586,0,0,0,1
img_007836.jpg,1782802530.063559,30,0.07378152613139936,0,0,0,1
img_007837.jpg,1782802530.147609,30,0.048628040626703305,0,0,0,1
img_007838.jpg,1782802530.2228413,30,0.1011587735864417,0,0,0,1
img_007839.jpg,1782802530.311551,30,0.06667187858039594,0,0,0,1
img_007840.jpg,1782802530.4108548,30,0.11643107803044714,0,0,0,1
img_007841.jpg,1782802530.5024137,30,0.07673757225612518,0,0,0,1
img_007842.jpg,1782802530.5770779,30,0.05057631600923705,0,0,0,1
img_007843.jpg,1782802530.6757512,30,0.09359179387021825,0,0,0,1
img_007844.jpg,1782802530.7604399,30,0.06168462206300389,0,0,0,1
img_007845.jpg,1782802530.8327951,30,0.13674985229796358,0,0,0,1
img_007846.jpg,1782802530.9227679,30,0.11229449066730093,0,0,0,1
img_007847.jpg,1782802531.0107582,30,0.12744237234873923,0,0,0,1
img_007848.jpg,1782802531.084174,30,0.08399491288782863,0,0,0,1
img_007849.jpg,1782802531.1753962,30,0.05535949512716143,0,0,0,1
img_007850.jpg,1782802531.2733629,30,0.10205627667562944,0,0,0,1
img_007851.jpg,1782802531.3516247,30,0.0672634062834945,0,0,0,1
img_007852.jpg,1782802531.430681,30,0.04433206826894603,0,0,0,1
img_007853.jpg,1782802531.5172567,30,0.02921844708130334,0,0,0,1
img_007854.jpg,1782802531.6043975,30,0.12921844708130334,0,0,0,1
img_007855.jpg,1782802531.680558,30,0.08516549092788402,0,0,0,1
img_007856.jpg,1782802531.77078,30,0.13208407152136104,0,0,0,1
img_007857.jpg,1782802531.8418112,30,0.1339998014848256,0,0,0,1
img_007858.jpg,1782802531.940809,30,0.0883167932711165,0,0,0,1
img_007859.jpg,1782802532.0234678,30,0.07884328894920324,0,0,0,1
img_007860.jpg,1782802532.1041026,30,0.0519641549747386,0,0,0,1
img_007861.jpg,1782802532.2035606,30,0.08046386390896926,0,0,0,1
img_007862.jpg,1782802532.2707415,30,0.05303224598768098,0,0,0,1
img_007863.jpg,1782802532.3543017,30,0.03495257346427788,0,0,0,1
img_007864.jpg,1782802532.4359627,30,0.1349525734642779,0,0,0,1
img_007865.jpg,1782802532.536031,30,0.0889447476785962,0,0,0,1
img_007866.jpg,1782802532.6053963,30,0.18894474767859618,0,0,0,1
img_007867.jpg,1782802532.6888907,30,0.1496865462659227,0,0,0,1
img_007868.jpg,1782802532.7754388,30,0.1272343879516213,0,0,0,1
img_007869.jpg,1782802532.868488,30,0.15847518596225227,0,0,0,1
img_007870.jpg,1782802532.935783,30,0.10444806695340453,0,0,0,1
img_007871.jpg,1782802533.0205836,30,0.06883979106294545,0,0,0,1
img_007872.jpg,1782802533.11426,30,0.04537103435053584,0,0,0,1
img_007873.jpg,1782802533.2039073,30,0.09840204347429354,0,0,0,1
img_007874.jpg,1782802533.2697692,30,0.1077720104289107,0,0,0,1
img_007875.jpg,1782802533.3504686,30,0.07103054079181277,0,0,0,1
img_007876.jpg,1782802533.4478624,30,0.11532024972619034,0,0,0,1
img_007877.jpg,1782802533.5304644,30,0.07600544584534191,0,0,0,1
img_007878.jpg,1782802533.5975695,30,0.05009378501924307,0,0,0,1
img_007879.jpg,1782802533.684391,30,0.07015494926906436,0,0,0,1
img_007880.jpg,1782802533.7781367,30,0.07025851176551487,0,0,0,1
img_007881.jpg,1782802533.8587182,30,0.17025851176551485,0,0,0,1
img_007882.jpg,1782802533.922873,30,0.11221423927218065,0,0,0,1
img_007883.jpg,1782802534.0058,30,0.1273798815503758,0,0,0,1
img_007884.jpg,1782802534.0931811,30,0.10558190958832313,0,0,0,1
img_007885.jpg,1782802534.1704762,30,0.0695870857938367,0,0,0,1
img_007886.jpg,1782802534.2449217,30,0.1695870857938367,0,0,0,1
img_007887.jpg,1782802534.3078814,30,0.11177171482005101,0,0,0,1
img_007888.jpg,1782802534.3929443,30,0.12703529306979588,0,0,0,1
img_007889.jpg,1782802534.4786825,30,0.15830667205427523,0,0,0,1
img_007890.jpg,1782802534.5608065,30,0.1043370025502546,0,0,0,1
img_007891.jpg,1782802534.6447392,30,0.1435108389585355,0,0,0,1
img_007892.jpg,1782802534.7192256,30,0.0945853423365015,0,0,0,1
img_007893.jpg,1782802534.80651,30,0.11365247105332568,0,0,0,1
img_007894.jpg,1782802534.902772,30,0.07490624373726981,0,0,0,1
img_007895.jpg,1782802534.9890199,30,0.04936932121955027,0,0,0,1
img_007896.jpg,1782802535.0679753,30,0.03253840742873128,0,0,0,1
img_007897.jpg,1782802535.1595998,30,0.02144546313063041,0,0,0,1
img_007898.jpg,1782802535.2387629,30,0.014134308505865336,0,0,0,1
img_007899.jpg,1782802535.328484,30,0.0,0,0,0,1
img_007900.jpg,1782802535.387816,30,0.0,0,0,0,1
img_007901.jpg,1782802535.4650047,30,0.0,0,0,0,1
img_007902.jpg,1782802535.541591,30,0.02,0,0,0,1
img_007903.jpg,1782802535.6326358,30,0.028655718400000006,0,0,0,1
img_007904.jpg,1782802535.6942835,30,0.018886454531462274,0,0,0,1
img_007905.jpg,1782802535.7768621,30,0.012447713220443699,0,0,0,1
img_007906.jpg,1782802535.8829782,30,0.0,0,0,0,1
img_007907.jpg,1782802535.9691105,30,0.0,0,0,0,1
img_007908.jpg,1782802536.0517573,30,0.0,0,0,0,1
img_007909.jpg,1782802536.1183035,30,0.0,0,0,0,1
img_007910.jpg,1782802536.2062523,30,0.0,0,0,0,1
img_007911.jpg,1782802536.297034,30,0.0,0,0,0,1
img_007912.jpg,1782802536.3755603,30,0.0,0,0,0,1
img_007913.jpg,1782802536.4573915,30,0.0,0,0,0,1
img_007914.jpg,1782802536.5515146,30,0.0,0,0,0,1
img_007915.jpg,1782802536.6347198,30,0.0,0,0,0,1
img_007916.jpg,1782802536.7248132,30,0.0,0,0,0,1
img_007917.jpg,1782802536.7952435,30,-0.06,0,0,0,1
img_007918.jpg,1782802536.8810387,30,-0.05731143680000001,0,0,0,1
img_007919.jpg,1782802536.9565248,30,-0.03777290906292455,0,0,0,1
img_007920.jpg,1782802537.038684,30,-0.024895426440887398,0,0,0,1
img_007921.jpg,1782802537.1364243,30,-0.037834908238449594,0,0,0,1
img_007922.jpg,1782802537.2120554,30,-0.024936288951929588,0,0,0,1
img_007923.jpg,1782802537.285975,30,-0.01643504730539309,0,0,0,1
img_007924.jpg,1782802537.3517883,30,-0.010832036011902534,0,0,0,1
img_007925.jpg,1782802537.4456568,30,-0.016928000000000002,0,0,0,1
img_007926.jpg,1782802537.5255697,30,-0.011156932024729603,0,0,0,1
img_007927.jpg,1782802537.6165073,30,-0.06,0,0,0,1
img_007928.jpg,1782802537.6945703,30,-0.03954489139200001,0,0,0,1
img_007929.jpg,1782802537.7563224,30,-0.026063307253417937,0,0,0,1
img_007930.jpg,1782802537.8316886,30,-0.09757824267314452,0,0,0,1
img_007931.jpg,1782802537.9128196,30,-0.06431201681219534,0,0,0,1
img_007932.jpg,1782802538.0058787,30,-0.06607267608765839,0,0,0,1
img_007933.jpg,1782802538.0888112,30,-0.06166185919755883,0,0,0,1
img_007934.jpg,1782802538.166425,30,-0.040640192083271014,0,0,0,1
img_007935.jpg,1782802538.2548978,30,-0.026785199701382843,0,0,0,1
img_007936.jpg,1782802538.3442357,30,-0.017653630218403594,0,0,0,1
img_007937.jpg,1782802538.420912,30,-0.05374667000750827,0,0,0,1
img_007938.jpg,1782802538.4921453,30,-0.07299940697480661,0,0,0,1
img_007939.jpg,1782802538.5851176,30,-0.04811256034165226,0,0,0,1
img_007940.jpg,1782802538.6791515,30,-0.09592247107317449,0,0,0,1
img_007941.jpg,1782802538.7593713,30,-0.06322072834401579,0,0,0,1
img_007942.jpg,1782802538.8358562,30,-0.06529088471172538,0,0,0,1
img_007943.jpg,1782802538.9092443,30,-0.04303201574687956,0,0,0,1
img_007944.jpg,1782802539.0006464,30,-0.028361606484819772,0,0,0,1
img_007945.jpg,1782802539.0878701,30,-0.0996926779660342,0,0,0,1
img_007946.jpg,1782802539.1658752,30,-0.06570560204574093,0,0,0,1
img_007947.jpg,1782802539.2497919,30,-0.04330534827907998,0,0,0,1
img_007948.jpg,1782802539.3328757,30,-0.0918536467834133,0,0,0,1
img_007949.jpg,1782802539.4092128,30,-0.06053904143348684,0,0,0,1
img_007950.jpg,1782802539.4979262,30,-0.03990016364105042,0,0,0,1
img_007951.jpg,1782802539.5910258,30,-0.02629746062847278,0,0,0,1
img_007952.jpg,1782802539.6619155,30,-0.01733217040730587,0,0,0,1
img_007953.jpg,1782802539.7405918,30,-0.01142331327240912,0,0,0,1
img_007954.jpg,1782802539.8345263,30,-0.06486869235376709,0,0,0,1
img_007955.jpg,1782802539.9155931,30,-0.04275375656451302,0,0,0,1
img_007956.jpg,1782802539.9939182,30,-0.07329183719170752,0,0,0,1
img_007957.jpg,1782802540.0868568,30,-0.08821899411913636,0,0,0,1
img_007958.jpg,1782802540.163881,30,-0.05814350901921226,0,0,0,1
img_007959.jpg,1782802540.2590933,30,-0.08207565275115238,0,0,0,1
img_007960.jpg,1782802540.3343976,30,-0.054094546232863784,0,0,0,1
img_007961.jpg,1782802540.4097078,30,-0.035652715927968696,0,0,0,1
img_007962.jpg,1782802540.4940147,30,-0.10640049865373122,0,0,0,1
img_007963.jpg,1782802540.5707483,30,-0.07012660272194074,0,0,0,1
img_007964.jpg,1782802540.6600294,30,-0.1445164745041855,0,0,0,1
img_007965.jpg,1782802540.749176,30,-0.11785844413881799,0,0,0,1
img_007966.jpg,1782802540.8588347,30,-0.0776783228849943,0,0,0,1
img_007967.jpg,1782802540.9420989,30,-0.051196347366663474,0,0,0,1
img_007968.jpg,1782802541.0066943,30,-0.03374256660469688,0,0,0,1
img_007969.jpg,1782802541.0907009,30,-0.06627493170427821,0,0,0,1
img_007970.jpg,1782802541.1863594,30,-0.08275501401894102,0,0,0,1
img_007971.jpg,1782802541.2681456,30,-0.05454230069204101,0,0,0,1
img_007972.jpg,1782802541.3374388,30,-0.08247143504128404,0,0,0,1
img_007973.jpg,1782802541.4234772,30,-0.07340981466467321,0,0,0,1
img_007974.jpg,1782802541.5161989,30,-0.09716334176160506,0,0,0,1
img_007975.jpg,1782802541.6050596,30,-0.10680744826966072,0,0,0,1
img_007976.jpg,1782802541.6740596,30,-0.07039481569467321,0,0,0,1
img_007977.jpg,1782802541.76671,30,-0.04639592235342851,0,0,0,1
img_007978.jpg,1782802541.8526084,30,-0.0305786951749666,0,0,0,1
img_007979.jpg,1782802541.9357648,30,-0.0638112629884044,0,0,0,1
img_007980.jpg,1782802542.0143142,30,-0.060041798773601496,0,0,0,1
img_007981.jpg,1782802542.1097484,30,-0.03957244019137318,0,0,0,1
img_007982.jpg,1782802542.1751084,30,-0.08427811337797828,0,0,0,1
img_007983.jpg,1782802542.252987,30,-0.05554614733758023,0,0,0,1
img_007984.jpg,1782802542.3330963,30,-0.03660943939514401,0,0,0,1
img_007985.jpg,1782802542.427214,30,-0.05965485114372591,0,0,0,1
img_007986.jpg,1782802542.5026848,30,-0.039317410158076146,0,0,0,1
img_007987.jpg,1782802542.580721,30,-0.08847825595779565,0,0,0,1
img_007988.jpg,1782802542.6637297,30,-0.058314383706743446,0,0,0,1
img_007989.jpg,1782802542.766028,30,-0.06177601395424971,0,0,0,1
img_007990.jpg,1782802542.8486638,30,-0.04071542937419136,0,0,0,1
img_007991.jpg,1782802542.9146638,30,-0.02683478720968407,0,0,0,1
img_007992.jpg,1782802543.0079632,30,-0.07791296389427661,0,0,0,1
img_007993.jpg,1782802543.0982997,30,-0.05135099492046645,0,0,0,1
img_007994.jpg,1782802543.1770215,30,-0.10346348210068282,0,0,0,1
img_007995.jpg,1782802543.2430677,30,-0.06819086937849399,0,0,0,1
img_007996.jpg,1782802543.3410118,30,-0.06885145875903267,0,0,0,1
img_007997.jpg,1782802543.4267116,30,-0.08476132471815365,0,0,0,1
img_007998.jpg,1782802543.507828,30,-0.05586462300369052,0,0,0,1
img_007999.jpg,1782802543.577294,30,-0.06002102263289795,0,0,0,1
img_008000.jpg,1782802543.6798544,30,-0.10158579355648485,0,0,0,1
img_008001.jpg,1782802543.7607708,30,-0.0669533195526888,0,0,0,1
img_008002.jpg,1782802543.8474252,30,-0.11666928966939581,0,0,0,1
img_008003.jpg,1782802543.9352143,30,-0.07689457314596744,0,0,0,1
img_008004.jpg,1782802544.0139987,30,-0.05067979239485804,0,0,0,1
img_008005.jpg,1782802544.0866103,30,-0.09367937628300786,0,0,0,1
img_008006.jpg,1782802544.171191,30,-0.061742346013030795,0,0,0,1
img_008007.jpg,1782802544.267492,30,-0.0406932394562098,0,0,0,1
img_008008.jpg,1782802544.332889,30,-0.0268201622447411,0,0,0,1
img_008009.jpg,1782802544.4160135,30,-0.03921377541819032,0,0,0,1
img_008010.jpg,1782802544.503034,30,-0.061682816352839794,0,0,0,1
img_008011.jpg,1782802544.6021614,30,-0.04065400455709554,0,0,0,1
img_008012.jpg,1782802544.6807818,30,-0.09440954945712567,0,0,0,1
img_008013.jpg,1782802544.75075,30,-0.08196219578785667,0,0,0,1
img_008014.jpg,1782802544.843709,30,-0.054019768844677206,0,0,0,1
img_008015.jpg,1782802544.948018,30,-0.07592054576212402,0,0,0,1
img_008016.jpg,1782802545.0310776,30,-0.05003782894307602,0,0,0,1
img_008017.jpg,1782802545.1131337,30,-0.078963856944026,0,0,0,1
img_008018.jpg,1782802545.2151716,30,-0.07089701040914734,0,0,0,1
img_008019.jpg,1782802545.2959864,30,-0.04672690961078709,0,0,0,1
img_008020.jpg,1782802545.3611314,30,-0.12298875684192413,0,0,0,1
img_008021.jpg,1782802545.448167,30,-0.10243613876070631,0,0,0,1
img_008022.jpg,1782802545.5490038,30,-0.0675137663651329,0,0,0,1
img_008023.jpg,1782802545.631024,30,-0.08642815970333262,0,0,0,1
img_008024.jpg,1782802545.7141895,30,-0.05696320314464534,0,0,0,1
img_008025.jpg,1782802545.7850537,30,-0.03754339469492388,0,0,0,1
img_008026.jpg,1782802545.8811233,30,-0.024744157761629238,0,0,0,1
img_008027.jpg,1782802545.9609122,30,-0.03772654042156055,0,0,0,1
img_008028.jpg,1782802546.045911,30,-0.06052472430778416,0,0,0,1
img_008029.jpg,1782802546.1412082,30,-0.039890727488034454,0,0,0,1
img_008030.jpg,1782802546.2008486,30,-0.026291241434369856,0,0,0,1
img_008031.jpg,1782802546.2780385,30,-0.07745290675005065,0,0,0,1
img_008032.jpg,1782802546.3563426,30,-0.05104777975709095,0,0,0,1
img_008033.jpg,1782802546.4511573,30,-0.03364464843828163,0,0,0,1
img_008034.jpg,1782802546.5364988,30,-0.10455307656321912,0,0,0,1
img_008035.jpg,1782802546.5995326,30,-0.06890900095653271,0,0,0,1
img_008036.jpg,1782802546.6837528,30,-0.04541664931262184,0,0,0,1
img_008037.jpg,1782802546.779235,30,-0.06651291981994689,0,0,0,1
img_008038.jpg,1782802546.8630614,30,-0.04383743650741007,0,0,0,1
img_008039.jpg,1782802546.9442286,30,-0.028892444426487127,0,0,0,1
img_008040.jpg,1782802547.0457869,30,-0.01904247628158049,0,0,0,1
img_008041.jpg,1782802547.1242368,30,-0.09111907817905407,0,0,0,1
img_008042.jpg,1782802547.2047808,30,-0.06005490083883085,0,0,0,1
img_008043.jpg,1782802547.2707562,30,-0.03958107552048161,0,0,0,1
img_008044.jpg,1782802547.3654563,30,-0.08428542232053565,0,0,0,1
img_008045.jpg,1782802547.4449966,30,-0.055550964526573925,0,0,0,1
img_008046.jpg,1782802547.525104,30,-0.05979631990804729,0,0,0,1
img_008047.jpg,1782802547.5981963,30,-0.057165521816032926,0,0,0,1
img_008048.jpg,1782802547.6907291,30,-0.03767673919303382,0,0,0,1
img_008049.jpg,1782802547.7730281,30,-0.08708959205298383,0,0,0,1
img_008050.jpg,1782802547.8578331,30,-0.057399140985147215,0,0,0,1
img_008051.jpg,1782802547.929851,30,-0.06112034051180694,0,0,0,1
img_008052.jpg,1782802548.0269244,30,-0.07874119571245793,0,0,0,1
img_008053.jpg,1782802548.11736,30,-0.05189686720875609,0,0,0,1
img_008054.jpg,1782802548.196606,30,-0.09912550840549116,0,0,0,1
img_008055.jpg,1782802548.2719383,30,-0.06533179106786553,0,0,0,1
img_008056.jpg,1782802548.3626926,30,-0.06680323518520975,0,0,0,1
img_008057.jpg,1782802548.429902,30,-0.10732625826076155,0,0,0,1
img_008058.jpg,1782802548.511176,30,-0.07073675377385932,0,0,0,1
img_008059.jpg,1782802548.611873,30,-0.09188186132265898,0,0,0,1
img_008060.jpg,1782802548.694907,30,-0.060557637114989266,0,0,0,1
img_008061.jpg,1782802548.7738554,30,-0.03991241971113999,0,0,0,1
img_008062.jpg,1782802548.8431435,30,-0.02630553837781585,0,0,0,1
img_008063.jpg,1782802548.9394107,30,-0.01733749430264693,0,0,0,1
img_008064.jpg,1782802549.017809,30,-0.03242045886245637,0,0,0,1
img_008065.jpg,1782802549.0992913,30,-0.07822467638118309,0,0,0,1
img_008066.jpg,1782802549.1855597,30,-0.051556438861137234,0,0,0,1
img_008067.jpg,1782802549.2609887,30,-0.08014638026390124,0,0,0,1
img_008068.jpg,1782802549.3383214,30,-0.11861989625536602,0,0,0,1
img_008069.jpg,1782802549.4252255,30,-0.07818018190581263,0,0,0,1
img_008070.jpg,1782802549.51914,30,-0.12617170596507982,0,0,0,1
img_008071.jpg,1782802549.611493,30,-0.10471638110457321,0,0,0,1
img_008072.jpg,1782802549.6775236,30,-0.06901663196239383,0,0,0,1
img_008073.jpg,1782802549.7624528,30,-0.04548758691990834,0,0,0,1
img_008074.jpg,1782802549.8529003,30,-0.029980028073865593,0,0,0,1
img_008075.jpg,1782802549.9363961,30,-0.019759282568502103,0,0,0,1
img_008076.jpg,1782802550.0121932,30,-0.05538631622470176,0,0,0,1
img_008077.jpg,1782802550.099383,30,-0.03650409766181331,0,0,0,1
img_008078.jpg,1782802550.1875832,30,-0.02405917628998948,0,0,0,1
img_008079.jpg,1782802550.2809663,30,-0.07114768681184712,0,0,0,1
img_008080.jpg,1782802550.3632562,30,-0.046892125796108755,0,0,0,1
img_008081.jpg,1782802550.4251184,30,-0.03090573369578538,0,0,0,1
img_008082.jpg,1782802550.520098,30,-0.04214065004329543,0,0,0,1
img_008083.jpg,1782802550.5991294,30,-0.044517124220840545,0,0,0,1
img_008084.jpg,1782802550.6828532,30,-0.029340414039955205,0,0,0,1
img_008085.jpg,1782802550.7609868,30,-0.06284702832794464,0,0,0,1
img_008086.jpg,1782802550.8527675,30,-0.05935102785106012,0,0,0,1
img_008087.jpg,1782802550.932177,30,-0.03911716583956233,0,0,0,1
img_008088.jpg,1782802551.0138874,30,-0.11598779257239736,0,0,0,1
img_008089.jpg,1782802551.0921798,30,-0.0764454110012213,0,0,0,1
img_008090.jpg,1782802551.1807842,30,-0.07476495426558151,0,0,0,1
img_008091.jpg,1782802551.2632694,30,-0.11406505729038821,0,0,0,1
img_008092.jpg,1782802551.3429797,30,-0.07517817170284434,0,0,0,1
img_008093.jpg,1782802551.4393141,30,-0.09854034016694446,0,0,0,1
img_008094.jpg,1782802551.5097759,30,-0.06494611749387591,0,0,0,1
img_008095.jpg,1782802551.591136,30,-0.04280478604378991,0,0,0,1
img_008096.jpg,1782802551.6646173,30,-0.09142997090746378,0,0,0,1
img_008097.jpg,1782802551.7613633,30,-0.060259804491822944,0,0,0,1
img_008098.jpg,1782802551.8451853,30,-0.08692358664012863,0,0,0,1
img_008099.jpg,1782802551.9068053,30,-0.09883387383362849,0,0,0,1
img_008100.jpg,1782802551.9978852,30,-0.06513958011002449,0,0,0,1
img_008101.jpg,1782802552.0884964,30,-0.08752340935671477,0,0,0,1
img_008102.jpg,1782802552.1737275,30,-0.057685061954480706,0,0,0,1
img_008103.jpg,1782802552.2572548,30,-0.061325172281353826,0,0,0,1
img_008104.jpg,1782802552.339979,30,-0.1026896258189379,0,0,0,1
img_008105.jpg,1782802552.4310029,30,-0.06768083500158364,0,0,0,1
img_008106.jpg,1782802552.5033383,30,-0.11728505874534041,0,0,0,1
img_008107.jpg,1782802552.5797153,30,-0.07730041516648047,0,0,0,1
img_008108.jpg,1782802552.658505,30,-0.05094727537191633,0,0,0,1
img_008109.jpg,1782802552.748851,30,-0.09832177387478999,0,0,0,1
img_008110.jpg,1782802552.835944,30,-0.06480206448912258,0,0,0,1
img_008111.jpg,1782802552.9232225,30,-0.04270984336999555,0,0,0,1
img_008112.jpg,1782802553.0147574,30,-0.08693361142836424,0,0,0,1
img_008113.jpg,1782802553.0946746,30,-0.05729633703748324,0,0,0,1
img_008114.jpg,1782802553.1596782,30,-0.10849561966852582,0,0,0,1
img_008115.jpg,1782802553.2338915,30,-0.09205335732136945,0,0,0,1
img_008116.jpg,1782802553.3273623,30,-0.060670666959042045,0,0,0,1
img_008117.jpg,1782802553.3991108,30,-0.1065516525141332,0,0,0,1
img_008118.jpg,1782802553.487292,30,-0.07022622543849204,0,0,0,1
img_008119.jpg,1782802553.5733364,30,-0.046284807630587926,0,0,0,1
img_008120.jpg,1782802553.6596591,30,-0.08995946117852964,0,0,0,1
img_008121.jpg,1782802553.731926,30,-0.05929061869979659,0,0,0,1
img_008122.jpg,1782802553.8063204,30,-0.062475381830578644,0,0,0,1
img_008123.jpg,1782802553.8889618,30,-0.07979635012688965,0,0,0,1
img_008124.jpg,1782802553.9658759,30,-0.05259229998743096,0,0,0,1
img_008125.jpg,1782802554.043899,30,-0.03466261318430734,0,0,0,1
img_008126.jpg,1782802554.1190715,30,-0.02284548789560569,0,0,0,1
img_008127.jpg,1782802554.2023737,30,-0.015057038960482964,0,0,0,1
img_008128.jpg,1782802554.3040173,30,-0.025114615909735714,0,0,0,1
img_008129.jpg,1782802554.3936656,30,-0.016552579308371573,0,0,0,1
img_008130.jpg,1782802554.4696329,30,-0.010909499183450341,0,0,0,1
img_008131.jpg,1782802554.5625463,30,0.0,0,0,0,1
img_008132.jpg,1782802554.6436234,30,-0.031147520000000005,0,0,0,1
img_008133.jpg,1782802554.7070878,30,-0.02052875492550247,0,0,0,1
img_008134.jpg,1782802554.7898297,30,-0.013530123065699671,0,0,0,1
img_008135.jpg,1782802554.9001293,30,-0.04439174446978355,0,0,0,1
img_008136.jpg,1782802554.9658587,30,-0.02925777856265012,0,0,0,1
img_008137.jpg,1782802555.0414226,30,-0.01928326126051975,0,0,0,1
img_008138.jpg,1782802555.1211116,30,-0.012709241203846913,0,0,0,1
img_008139.jpg,1782802562.2938578,30,0.0,0,0,0,1
img_008140.jpg,1782802562.3722641,30,0.0,0,0,0,1
img_008141.jpg,1782802562.4689128,30,0.0,0,0,0,1
img_008142.jpg,1782802562.5785935,30,0.0,0,0,0,1
img_008143.jpg,1782802562.6421595,30,0.0,1,0,0,0
img_008144.jpg,1782802562.7275982,30,0.0,1,0,0,0
img_008145.jpg,1782802562.8067076,30,0.0,1,0,0,0
img_008146.jpg,1782802562.8943157,30,0.0,1,0,0,0
img_008147.jpg,1782802562.9872744,30,0.0,1,0,0,0
img_008148.jpg,1782802563.0769384,30,0.0,1,0,0,0
img_008149.jpg,1782802563.1423452,30,0.0,1,0,0,0
img_008150.jpg,1782802563.2357483,30,0.0,1,0,0,0
img_008151.jpg,1782802563.311487,30,-0.08,1,0,0,0
img_008152.jpg,1782802563.3850682,30,-0.09344256000000002,1,0,0,0
img_008153.jpg,1782802563.4682329,30,-0.0615862647765074,1,0,0,0
img_008154.jpg,1782802563.568746,30,-0.04059036919709902,1,0,0,0
img_008155.jpg,1782802563.6422198,30,-0.026752362357674385,1,0,0,0
img_008156.jpg,1782802563.7274396,30,-0.017631987731894384,1,0,0,0
img_008157.jpg,1782802563.816411,30,-0.011620917331380664,1,0,0,0
img_008158.jpg,1782802563.8763163,30,-0.11162091733138067,1,0,0,0
img_008159.jpg,1782802563.9799104,30,-0.07356728421574767,1,0,0,0
img_008160.jpg,1782802564.0633378,30,-0.12226734936020883,1,0,0,0
img_008161.jpg,1782802564.1522956,30,-0.10191932751951412,1,0,0,0
img_008162.jpg,1782802564.2194235,30,-0.06717314562508106,1,0,0,0
img_008163.jpg,1782802564.2999394,30,-0.11205535045706862,1,0,0,0
img_008164.jpg,1782802564.3829193,30,-0.07385361106195461,1,0,0,0
img_008165.jpg,1782802564.4735425,30,-0.12250969640283839,1,0,0,0
img_008166.jpg,1782802564.5452456,30,-0.12654435047253343,1,0,0,0
img_008167.jpg,1782802564.6315205,30,-0.11065548180629564,1,0,0,0
img_008168.jpg,1782802564.72023,30,-0.2106554818062956,1,0,0,0
img_008169.jpg,1782802564.7995954,30,-0.13883913581932325,1,0,0,0
img_008170.jpg,1782802564.8781693,30,-0.09150630911557127,1,0,0,0
img_008171.jpg,1782802564.9380565,30,-0.19150630911557123,1,0,0,0
img_008172.jpg,1782802565.0297585,30,-0.12621826991430074,1,0,0,0
img_008173.jpg,1782802565.1114538,30,-0.13828465216302704,1,0,0,0
img_008174.jpg,1782802565.1932642,30,-0.16782812959078608,1,0,0,0
img_008175.jpg,1782802565.2667973,30,-0.1106124192865023,1,0,0,0
img_008176.jpg,1782802565.3535347,30,-0.1817634257435821,1,0,0,0
img_008177.jpg,1782802565.4355676,30,-0.11979691550113018,1,0,0,0
img_008178.jpg,1782802565.5147672,30,-0.07895593354314659,1,0,0,0
img_008179.jpg,1782802565.5855527,30,-0.11761230215091928,1,0,0,0
img_008180.jpg,1782802565.6977634,30,-0.07751609524868654,1,0,0,0
img_008181.jpg,1782802565.763261,30,-0.10036085317700924,1,0,0,0
img_008182.jpg,1782802565.8448186,30,-0.109297312038699,1,0,0,0
img_008183.jpg,1782802565.9301045,30,-0.18055352707560307,1,0,0,0
img_008184.jpg,1782802566.021056,30,-0.1717423848914472,1,0,0,0
img_008185.jpg,1782802566.0967069,30,-0.11319223263225572,1,0,0,0
img_008186.jpg,1782802566.1627712,30,-0.17773685402167524,1,0,0,0
img_008187.jpg,1782802566.2497156,30,-0.11714307647738179,1,0,0,0
img_008188.jpg,1782802566.3435402,30,-0.10392047530113793,1,0,0,0
img_008189.jpg,1782802566.4241621,30,-0.11206914707129252,1,0,0,0
img_008190.jpg,1782802566.4881065,30,-0.07386270415547232,1,0,0,0
img_008191.jpg,1782802566.5798485,30,-0.04868154356245967,1,0,0,0
img_008192.jpg,1782802566.6727214,30,-0.1183870200774629,1,0,0,0
img_008193.jpg,1782802566.7487395,30,-0.07802669751976324,1,0,0,0
img_008194.jpg,1782802566.8312867,30,-0.05142595465159122,1,0,0,0
img_008195.jpg,1782802566.9172504,30,-0.0711922937757383,1,0,0,0
img_008196.jpg,1782802567.0082738,30,-0.046921525421815484,1,0,0,0
img_008197.jpg,1782802567.066874,30,-0.07653722878766266,1,0,0,0
img_008198.jpg,1782802567.1499066,30,-0.06915859108139089,1,0,0,0
img_008199.jpg,1782802567.2423928,30,-0.04558114955228905,1,0,0,0
img_008200.jpg,1782802567.3183496,30,-0.11553465758810594,1,0,0,0
img_008201.jpg,1782802567.3946748,30,-0.0761467581055593,1,0,0,0
img_008202.jpg,1782802567.48128,30,-0.07455100143364564,1,0,0,0
img_008203.jpg,1782802567.5753927,30,-0.11388396761343769,1,0,0,0
img_008204.jpg,1782802567.6378033,30,-0.07505881884272399,1,0,0,0
img_008205.jpg,1782802567.7149417,30,-0.14905411333530608,1,0,0,0
img_008206.jpg,1782802567.7973084,30,-0.21072978426848157,1,0,0,0
img_008207.jpg,1782802567.884367,30,-0.13888810719927827,1,0,0,0
img_008208.jpg,1782802567.9766302,30,-0.17755489393346913,1,0,0,0
img_008209.jpg,1782802568.058891,30,-0.1694073852472652,1,0,0,0
img_008210.jpg,1782802568.135755,30,-0.11165327751009678,1,0,0,0
img_008211.jpg,1782802568.2291615,30,-0.15450333408454592,1,0,0,0
img_008212.jpg,1782802568.306113,30,-0.1514574122116269,1,0,0,0
img_008213.jpg,1782802568.3936117,30,-0.09982278194036935,1,0,0,0
img_008214.jpg,1782802568.488568,30,-0.0657913511713201,1,0,0,0
img_008215.jpg,1782802568.5777054,30,-0.11568579963140534,1,0,0,0
img_008216.jpg,1782802568.6621714,30,-0.07624637303367664,1,0,0,0
img_008217.jpg,1782802568.724281,30,-0.05025257567751101,1,0,0,0
img_008218.jpg,1782802568.819361,30,-0.033120544122257234,1,0,0,0
img_008219.jpg,1782802571.488666,30,0.0,1,0,0,0
img_008220.jpg,1782802571.577087,30,0.0,1,0,0,0
img_008221.jpg,1782802571.6612625,30,0.0,1,0,0,0
img_008222.jpg,1782802571.7484016,30,0.0,0,0,0,1
img_008223.jpg,1782802571.8247716,30,0.0,0,0,0,1
img_008224.jpg,1782802571.9188108,30,0.0,0,0,0,1
img_008225.jpg,1782802572.009428,30,0.0,0,0,0,1
img_008226.jpg,1782802572.0883126,30,0.06,0,0,0,1
img_008227.jpg,1782802572.1645305,30,0.12880000000000003,0,0,0,1
img_008228.jpg,1782802572.2611916,30,0.08488970018816004,0,0,0,1
img_008229.jpg,1782802572.3325028,30,0.18488970018816003,0,0,0,1
img_008230.jpg,1782802572.4127066,30,0.14678153879130854,0,0,0,1
img_008231.jpg,1782802572.4884207,30,0.09674100016421554,0,0,0,1
img_008232.jpg,1782802572.5632744,30,0.06376020574412264,0,0,0,1
img_008233.jpg,1782802572.6466727,30,0.04202317352138175,0,0,0,1
img_008234.jpg,1782802572.743539,30,0.027696697214170195,0,0,0,1
img_008235.jpg,1782802572.8312187,30,0.018254381387524495,0,0,0,1
img_008236.jpg,1782802572.9116457,30,0.012031125489963376,0,0,0,1
img_008237.jpg,1782802572.9912405,30,0.0,0,0,0,1
img_008238.jpg,1782802573.0992074,30,0.0,0,0,0,1
img_008239.jpg,1782802573.1815991,30,0.04,0,0,0,1
img_008240.jpg,1782802573.2583828,30,0.06229504000000001,0,0,0,1
img_008241.jpg,1782802573.319977,30,0.04105750985100494,0,0,0,1
img_008242.jpg,1782802573.414518,30,0.027060246131399342,0,0,0,1
img_008243.jpg,1782802573.489698,30,0.057871488939567096,0,0,0,1
img_008244.jpg,1782802573.576336,30,0.03814202908014184,0,0,0,1
img_008245.jpg,1782802573.6643574,30,0.047324681113128896,0,0,0,1
img_008246.jpg,1782802573.7557049,30,0.09083961009415231,0,0,0,1
img_008247.jpg,1782802573.8143651,30,0.05987070858774801,0,0,0,1
img_008248.jpg,1782802573.8929386,30,0.11067456774866993,0,0,0,1
img_008249.jpg,1782802573.977716,30,0.11732847781107629,0,0,0,1
img_008250.jpg,1782802574.0712802,30,0.10405329551137128,0,0,0,1
img_008251.jpg,1782802574.157266,30,0.1121725725751587,0,0,0,1
img_008252.jpg,1782802574.2384443,30,0.10035964129793279,0,0,0,1
img_008253.jpg,1782802574.3154902,30,0.20035964129793277,0,0,0,1
img_008254.jpg,1782802574.4087288,30,0.13205333757444715,0,0,0,1
img_008255.jpg,1782802574.4857206,30,0.17176994492301206,0,0,0,1
img_008256.jpg,1782802574.5450675,30,0.13738263848243357,0,0,0,1
img_008257.jpg,1782802574.623625,30,0.09054635863223728,0,0,0,1
img_008258.jpg,1782802574.7200766,30,0.13183843794632566,0,0,0,1
img_008259.jpg,1782802574.8015144,30,0.08689227849797301,0,0,0,1
img_008260.jpg,1782802574.8842542,30,0.08224901659430725,0,0,0,1
img_008261.jpg,1782802574.9704158,30,0.0732504756550849,0,0,0,1
img_008262.jpg,1782802575.0597818,30,0.048278035069877885,0,0,0,1
img_008263.jpg,1782802575.1376815,30,0.10086252888314465,0,0,0,1
img_008264.jpg,1782802575.2163255,30,0.08658506481968152,0,0,0,1
img_008265.jpg,1782802575.3033361,30,0.05706661640772644,0,0,0,1
img_008266.jpg,1782802575.3695781,30,0.09908518412749967,0,0,0,1
img_008267.jpg,1782802575.447313,30,0.06530521408130495,0,0,0,1
img_008268.jpg,1782802575.534965,30,0.0908523865425432,0,0,0,1
img_008269.jpg,1782802575.647163,30,0.0794138693182767,0,0,0,1
img_008270.jpg,1782802575.7125218,30,0.052340213953495564,0,0,0,1
img_008271.jpg,1782802575.7937827,30,0.034496467937083754,0,0,0,1
img_008272.jpg,1782802575.8840728,30,0.02273598463299313,0,0,0,1
img_008273.jpg,1782802575.9667702,30,0.09451710586235369,0,0,0,1
img_008274.jpg,1782802576.0499332,30,0.06229447810021574,0,0,0,1
img_008275.jpg,1782802576.1314087,30,0.13731091985219848,0,0,0,1
img_008276.jpg,1782802576.2248962,30,0.13806988555786873,0,0,0,1
img_008277.jpg,1782802576.3013387,30,0.11891229400166285,0,0,0,1
img_008278.jpg,1782802576.3895967,30,0.15143136564300744,0,0,0,1
img_008279.jpg,1782802576.4783313,30,0.09980561512824951,0,0,0,1
img_008280.jpg,1782802576.5746415,30,0.06578003684263967,0,0,0,1
img_008281.jpg,1782802576.6487892,30,0.04335440687839908,0,0,0,1
img_008282.jpg,1782802576.7325299,30,0.028574088522847825,0,0,0,1
img_008283.jpg,1782802576.8261533,30,0.018832653787690185,0,0,0,1
img_008284.jpg,1782802576.9056983,30,0.1188326537876902,0,0,0,1
img_008285.jpg,1782802576.9688048,30,0.07832040646428913,0,0,0,1
img_008286.jpg,1782802577.0487227,30,0.07610818781535524,0,0,0,1
img_008287.jpg,1782802577.1367598,30,0.14361953279012682,0,0,0,1
img_008288.jpg,1782802577.2173913,30,0.09465698043258915,0,0,0,1
img_008289.jpg,1782802577.2998896,30,0.113708254779092,0,0,0,1
img_008290.jpg,1782802577.3831127,30,0.09578765241762788,0,0,0,1
img_008291.jpg,1782802577.4704757,30,0.08862159984691562,0,0,0,1
img_008292.jpg,1782802577.5515122,30,0.10015609634159506,0,0,0,1
img_008293.jpg,1782802577.6154652,30,0.06601103253458443,0,0,0,1
img_008294.jpg,1782802577.7091477,30,0.11587173793727228,0,0,0,1
img_008295.jpg,1782802577.7933874,30,0.09733755652122679,0,0,0,1
img_008296.jpg,1782802577.8754454,30,0.06415338501657626,0,0,0,1
img_008297.jpg,1782802577.9564729,30,0.16415338501657625,0,0,0,1
img_008298.jpg,1782802578.0496047,30,0.10819046303516114,0,0,0,1
img_008299.jpg,1782802578.1351373,30,0.12104661527992358,0,0,0,1
img_008300.jpg,1782802578.2213833,30,0.07977958757689643,0,0,0,1
img_008301.jpg,1782802578.3002543,30,0.0525812521004487,0,0,0,1
img_008302.jpg,1782802578.3855531,30,0.03465533172612694,0,0,0,1
img_008303.jpg,1782802578.4636726,30,0.08933227277299385,0,0,0,1
img_008304.jpg,1782802578.551698,30,0.12639483567506202,0,0,0,1
img_008305.jpg,1782802578.641574,30,0.08330450082133359,0,0,0,1
img_008306.jpg,1782802578.7368746,30,0.054904457290740206,0,0,0,1
img_008307.jpg,1782802578.8121674,30,0.03618651334165041,0,0,0,1
img_008308.jpg,1782802578.8857012,30,0.02384986233251208,0,0,0,1
img_008309.jpg,1782802578.9720523,30,0.015719003594222368,0,0,0,1
img_008310.jpg,1782802579.045381,30,0.010360104832066357,0,0,0,1
img_008311.jpg,1782802579.129823,30,0.0,0,0,0,1
img_008312.jpg,1782802579.2116606,30,0.0,0,0,0,1
img_008313.jpg,1782802579.2999208,30,0.02,0,0,0,1
img_008314.jpg,1782802579.3799574,30,0.06771200000000001,0,0,0,1
img_008315.jpg,1782802579.466602,30,0.044627728098918414,0,0,0,1
img_008316.jpg,1782802579.5416076,30,0.02941331101239059,0,0,0,1
img_008317.jpg,1782802579.6347735,30,0.01938576982440173,0,0,0,1
img_008318.jpg,1782802579.7154493,30,0.012776802704271293,0,0,0,1
img_008319.jpg,1782802579.7914462,30,0.026081211508648918,0,0,0,1
img_008320.jpg,1782802579.8715067,30,0.017189644608021703,0,0,0,1
img_008321.jpg,1782802579.9675295,30,0.011329377151521615,0,0,0,1
img_008322.jpg,1782802580.0516868,30,0.0,0,0,0,1
img_008323.jpg,1782802580.131435,30,0.0,0,0,0,1
img_008324.jpg,1782802580.2276669,30,0.0,0,0,0,1
img_008325.jpg,1782802580.3083081,30,0.0,0,0,0,1
img_008326.jpg,1782802580.3832407,30,0.0,0,0,0,1
img_008327.jpg,1782802580.4457488,30,0.0,0,0,0,1
img_008328.jpg,1782802580.5558774,30,0.0,0,0,0,1
img_008329.jpg,1782802580.6197822,30,0.0,0,0,0,1
img_008330.jpg,1782802580.708099,30,0.0,0,0,0,1
img_008331.jpg,1782802580.785886,30,0.0,0,0,0,1
img_008332.jpg,1782802580.8765743,30,0.0,0,0,0,1
img_008333.jpg,1782802580.9397464,30,0.0,0,0,0,1
img_008334.jpg,1782802581.0191076,30,0.0,0,0,1,0
img_008335.jpg,1782802581.1105914,30,0.0,0,0,1,0
img_008336.jpg,1782802581.1999493,30,0.0,0,0,1,0
img_008337.jpg,1782802581.2752252,30,0.0,0,0,1,0
img_008338.jpg,1782802581.3608804,30,0.0,0,0,1,0
img_008339.jpg,1782802581.4551485,30,0.0,0,0,1,0
img_008340.jpg,1782802581.5441232,30,0.0,0,0,1,0
img_008341.jpg,1782802581.6205657,30,0.0,0,0,1,0
img_008342.jpg,1782802581.7014232,30,0.0,0,0,1,0
img_008343.jpg,1782802581.7964644,30,0.0,0,0,1,0
img_008344.jpg,1782802581.8666174,30,0.0,0,0,1,0
img_008345.jpg,1782802581.9324365,30,0.0,0,0,1,0
img_008346.jpg,1782802582.0162961,30,0.0736,0,0,1,0
img_008347.jpg,1782802582.103933,30,0.048508400107520014,0,0,1,0
img_008348.jpg,1782802582.187678,30,0.031970990230859336,0,0,1,0
img_008349.jpg,1782802582.2698874,30,0.021071488939567097,0,0,1,0
img_008350.jpg,1782802582.3598733,30,0.013887829026381839,0,0,1,0
img_008351.jpg,1782802582.4447017,30,0.0,0,0,1,0
img_008352.jpg,1782802582.5279078,30,0.0,0,0,1,0
img_008353.jpg,1782802582.610135,30,0.02,0,0,1,0
img_008354.jpg,1782802582.717917,30,0.12000000000000001,0,0,1,0
img_008355.jpg,1782802582.776482,30,0.07908978278400002,0,0,1,0
img_008356.jpg,1782802582.8603282,30,0.052126614506835874,0,0,1,0
img_008357.jpg,1782802582.9502769,30,0.0993199665185859,0,0,1,0
img_008358.jpg,1782802583.0377865,30,0.06545995481724261,0,0,1,0
img_008359.jpg,1782802583.1147258,30,0.11540530575731416,0,0,1,0
img_008360.jpg,1782802583.1970642,30,0.179772881296729,0,0,1,0
img_008361.jpg,1782802583.289463,30,0.11848498443510097,0,0,1,0
img_008362.jpg,1782802583.3674922,30,0.18900618568029287,0,0,1,0
img_008363.jpg,1782802583.4474068,30,0.28900618568029285,0,0,1,0
img_008364.jpg,1782802583.5321686,30,0.38900618568029294,0,0,1,0
img_008365.jpg,1782802583.6256058,30,0.489006185680293,0,0,1,0
img_008366.jpg,1782802583.7034285,30,0.5890061856802931,0,0,1,0
img_008367.jpg,1782802583.7885268,30,0.48979956871501606,0,0,1,0
img_008368.jpg,1782802583.8787117,30,0.32281784581139594,0,0,1,0
img_008369.jpg,1782802583.9695344,30,0.3769924181464844,0,0,1,0
img_008370.jpg,1782802584.0375564,30,0.47699241814648446,0,0,1,0
img_008371.jpg,1782802584.114668,30,0.5769924181464845,0,0,1,0
img_008372.jpg,1782802584.194709,30,0.4276811655335178,0,0,1,0
img_008373.jpg,1782802584.2843785,30,0.2818767540237823,0,0,1,0
img_008374.jpg,1782802584.357258,30,0.28936448460572944,0,0,1,0
img_008375.jpg,1782802584.4416301,30,0.19071478527392716,0,0,1,0
img_008376.jpg,1782802584.539409,30,0.12569659117510087,0,0,1,0
img_008377.jpg,1782802584.6145518,30,0.12902594718895696,0,0,1,0
img_008378.jpg,1782802584.6915882,30,0.08503861780562051,0,0,1,0
img_008379.jpg,1782802584.7600832,30,0.05604738175415102,0,0,1,0
img_008380.jpg,1782802584.8425124,30,0.156047381754151,0,0,1,0
img_008381.jpg,1782802584.9420033,30,0.10284794605789775,0,0,1,0
img_008382.jpg,1782802585.0218828,30,0.0677851809458307,0,0,1,0
img_008383.jpg,1782802585.099103,30,0.04467596030816572,0,0,1,0
img_008384.jpg,1782802585.1948042,30,0.029445099970328605,0,0,1,0
img_008385.jpg,1782802585.277461,30,0.10708949197270233,0,0,1,0
img_008386.jpg,1782802585.3404942,30,0.09104601733922048,0,0,1,0
img_008387.jpg,1782802585.4297442,30,0.06000674778922706,0,0,1,0
img_008388.jpg,1782802585.5228903,30,0.08058253442249765,0,0,1,0
img_008389.jpg,1782802585.6016955,30,0.053110459530496194,0,0,1,0
img_008390.jpg,1782802585.6825862,30,0.0350041225652114,0,0,1,0
img_008391.jpg,1782802585.7716198,30,0.023070570418559023,0,0,1,0
img_008392.jpg,1782802585.8657951,30,0.01520538669255675,0,0,1,0
img_008393.jpg,1782802585.9255981,30,0.010021589422175315,0,0,1,0
img_008394.jpg,1782802586.00416,30,0.0,0,0,1,0
img_008395.jpg,1782802586.089318,30,0.0,0,0,1,0
img_008396.jpg,1782802586.1850245,30,0.0,0,0,1,0
img_008397.jpg,1782802586.2475307,30,0.0,0,0,1,0
img_008398.jpg,1782802586.3303244,30,0.0,0,0,1,0
img_008399.jpg,1782802586.419311,30,0.0,0,0,1,0
img_008400.jpg,1782802586.510623,30,0.0,0,0,1,0
img_008401.jpg,1782802586.5908818,30,0.0,0,0,1,0
img_008402.jpg,1782802586.6785817,30,0.0,0,0,1,0
img_008403.jpg,1782802586.7686412,30,0.0,0,0,1,0
img_008404.jpg,1782802586.836881,30,0.0,0,0,1,0
img_008405.jpg,1782802586.9138637,30,0.0,0,0,1,0
img_008406.jpg,1782802587.0042524,30,0.08,0,0,1,0
img_008407.jpg,1782802587.0954452,30,0.05272652185600001,0,0,1,0
img_008408.jpg,1782802587.1755617,30,0.03475107633789058,0,0,0,1
img_008409.jpg,1782802587.25802,30,0.022903792325616408,0,0,0,1
img_008410.jpg,1782802587.3336709,30,0.015095466333023737,0,0,0,1
img_008411.jpg,1782802587.4116085,30,0.0,0,0,0,1
img_008412.jpg,1782802587.5004423,30,0.0,0,0,0,1
img_008413.jpg,1782802587.5857534,30,0.0,0,0,0,1
img_008414.jpg,1782802587.6778655,30,0.0,0,0,0,1
img_008415.jpg,1782802587.7644022,30,0.06,0,0,0,1
img_008416.jpg,1782802587.845486,30,0.03954489139200001,0,0,0,1
img_008417.jpg,1782802587.9157686,30,0.026063307253417937,0,0,0,1
img_008418.jpg,1782802588.0104086,30,0.017177844244212304,0,0,0,1
img_008419.jpg,1782802588.089146,30,0.011321599749767802,0,0,0,1
img_008420.jpg,1782802588.1776128,30,0.0,0,0,0,1
img_008421.jpg,1782802588.2616932,30,0.0,0,0,0,1
img_008422.jpg,1782802588.3539236,30,0.02,0,0,0,1
img_008423.jpg,1782802588.4086359,30,0.06771200000000001,0,0,0,1
img_008424.jpg,1782802588.4864495,30,0.044627728098918414,0,0,0,1
img_008425.jpg,1782802588.568674,30,0.02941331101239059,0,0,0,1
img_008426.jpg,1782802588.670917,30,0.01938576982440173,0,0,0,1
img_008427.jpg,1782802588.7468474,30,0.012776802704271293,0,0,0,1
img_008428.jpg,1782802588.8271613,30,0.0,0,0,0,1
img_008429.jpg,1782802588.9202905,30,0.0,0,0,0,1
img_008430.jpg,1782802588.9879456,30,0.0,0,0,0,1
img_008431.jpg,1782802589.0627985,30,0.0552,0,0,0,1
img_008432.jpg,1782802589.1409078,30,0.03638130008064001,0,0,0,1
img_008433.jpg,1782802589.2388368,30,0.04606330725341794,0,0,0,1
img_008434.jpg,1782802589.3068845,30,0.08977198325929296,0,0,0,1
img_008435.jpg,1782802589.3892186,30,0.05916705546721971,0,0,0,1
img_008436.jpg,1782802589.4740603,30,0.06238686200064572,0,0,0,1
img_008437.jpg,1782802589.5639522,30,0.05902136793375412,0,0,0,1
img_008438.jpg,1782802589.6439111,30,0.03889989307912631,0,0,0,1
img_008439.jpg,1782802589.7273066,30,0.09292486950217252,0,0,0,1
img_008440.jpg,1782802589.8135872,30,0.0612450645346531,0,0,0,1
img_008441.jpg,1782802589.9121182,30,0.11183782262213039,0,0,0,1
img_008442.jpg,1782802589.9992535,30,0.11823429042198148,0,0,0,1
img_008443.jpg,1782802590.0643291,30,0.07792603622579074,0,0,0,1
img_008444.jpg,1782802590.1429634,30,0.15169195332772747,0,0,0,1
img_008445.jpg,1782802590.2346334,30,0.09997736365642193,0,0,0,1
img_008446.jpg,1782802590.317377,30,0.09162307948282054,0,0,0,1
img_008447.jpg,1782802590.3970225,30,0.06038707878581205,0,0,0,1
img_008448.jpg,1782802590.4918826,30,0.03980000786775142,0,0,0,1
img_008449.jpg,1782802590.574411,30,0.026231449808849595,0,0,0,1
img_008450.jpg,1782802590.6417537,30,0.017288663895760944,0,0,0,1
img_008451.jpg,1782802590.7268753,30,0.0534624751116623,0,0,0,1
img_008452.jpg,1782802590.8202388,30,0.052627999994170095,0,0,0,1
img_008453.jpg,1782802590.9000757,30,0.0577023286947035,0,0,0,1
img_008454.jpg,1782802590.9844878,30,0.12668614239912723,0,0,0,1
img_008455.jpg,1782802591.071615,30,0.0834964957007489,0,0,0,1
img_008456.jpg,1782802591.1656208,30,0.05503099756831185,0,0,0,1
img_008457.jpg,1782802591.2317388,30,0.036269913700538475,0,0,0,1
img_008458.jpg,1782802591.3134072,30,0.09069885495613578,0,0,0,1
img_008459.jpg,1782802591.4056745,30,0.07930388037063679,0,0,0,1
img_008460.jpg,1782802591.5035553,30,0.10175297999805043,0,0,0,1
img_008461.jpg,1782802591.5970585,30,0.1103813444887219,0,0,0,1
img_008462.jpg,1782802591.667506,30,0.07275030465849078,0,0,0,1
img_008463.jpg,1782802591.761605,30,0.11235985786294661,0,0,0,1
img_008464.jpg,1782802591.847738,30,0.07405430626684636,0,0,0,1
img_008465.jpg,1782802591.9360743,30,0.12267956482425878,0,0,0,1
img_008466.jpg,1782802592.0098543,30,0.12667662497387241,0,0,0,1
img_008467.jpg,1782802592.1020155,30,0.1107502423278424,0,0,0,1
img_008468.jpg,1782802592.1920319,30,0.21075024232784237,0,0,0,1
img_008469.jpg,1782802592.2654946,30,0.1389015907282035,0,0,0,1
img_008470.jpg,1782802592.3677812,30,0.1775663063923514,0,0,0,1
img_008471.jpg,1782802592.4518914,30,0.16941627199204734,0,0,0,1
img_008472.jpg,1782802592.5245452,30,0.11165913459938408,0,0,0,1
img_008473.jpg,1782802592.6166735,30,0.14970829152491869,0,0,0,1
img_008474.jpg,1782802592.7115839,30,0.09866996881391309,0,0,0,1
img_008475.jpg,1782802592.781726,30,0.14351426160409606,0,0,0,1
img_008476.jpg,1782802592.8691206,30,0.11714046587277274,0,0,0,1
img_008477.jpg,1782802592.9563165,30,0.07720511667578468,0,0,0,1
img_008478.jpg,1782802593.0450025,30,0.050884465897509897,0,0,0,1
img_008479.jpg,1782802593.122866,30,0.0796231229808002,0,0,0,1
img_008480.jpg,1782802593.2102742,30,0.14685327314233618,0,0,0,1
img_008481.jpg,1782802593.309441,30,0.09678827894955659,0,0,0,1
img_008482.jpg,1782802593.3920174,30,0.1419215993029047,0,0,0,1
img_008483.jpg,1782802593.46056,30,0.11599949381254188,0,0,0,1
img_008484.jpg,1782802593.5464563,30,0.0764531230723991,0,0,0,1
img_008485.jpg,1782802593.6458638,30,0.05038884080795387,0,0,0,1
img_008486.jpg,1782802593.73205,30,0.033210353951988555,0,0,0,1
img_008487.jpg,1782802593.800976,30,0.021888330668687766,0,0,0,1
img_008488.jpg,1782802593.8983917,30,0.01442619431742401,0,0,0,1
img_008489.jpg,1782802593.9820368,30,0.0,0,0,0,1
img_008490.jpg,1782802594.062069,30,0.0,0,0,0,1
img_008491.jpg,1782802594.1356094,30,0.0,0,0,0,1
img_008492.jpg,1782802594.2346754,30,0.02,0,0,0,1
img_008493.jpg,1782802594.3226326,30,0.09200000000000001,0,0,0,1
img_008494.jpg,1782802594.4078562,30,0.06063550013440003,0,0,0,1
img_008495.jpg,1782802594.47536,30,0.039963737788574184,0,0,0,1
img_008496.jpg,1782802594.5719595,30,0.06497528305110926,0,0,0,1
img_008497.jpg,1782802594.6572042,30,0.042824008523676245,0,0,0,1
img_008498.jpg,1782802594.7419226,30,0.028224512767314327,0,0,0,1
img_008499.jpg,1782802594.8126903,30,0.01860225486625938,0,0,0,1
img_008500.jpg,1782802594.907738,30,0.012260402472208847,0,0,0,1
img_008501.jpg,1782802594.9819613,30,0.06557720465247757,0,0,0,1
img_008502.jpg,1782802595.0725932,30,0.04322072392955305,0,0,0,1
img_008503.jpg,1782802595.1650515,30,0.050963022349235346,0,0,0,1
img_008504.jpg,1782802595.2320724,30,0.050837409631314875,0,0,0,1
img_008505.jpg,1782802595.3124838,30,0.033505997375349365,0,0,0,1
img_008506.jpg,1782802595.4005632,30,0.022083183786480467,0,0,0,1
img_008507.jpg,1782802595.5003777,30,0.0571959102163269,0,0,0,1
img_008508.jpg,1782802595.5665505,30,0.07568528893453118,0,0,0,1
img_008509.jpg,1782802595.651756,30,0.04988277551480292,0,0,0,1
img_008510.jpg,1782802595.7379057,30,0.10222078119572921,0,0,0,1
img_008511.jpg,1782802595.8360732,30,0.08755810721432081,0,0,0,1
img_008512.jpg,1782802595.9002125,30,0.05770793067132347,0,0,0,1
img_008513.jpg,1782802595.9859445,30,0.03803423084757588,0,0,0,1
img_008514.jpg,1782802596.0850737,30,0.025067658800760746,0,0,0,1
img_008515.jpg,1782802596.1619132,30,0.0812172664089639,0,0,0,1
img_008516.jpg,1782802596.2418916,30,0.07251133708582623,0,0,0,1
img_008517.jpg,1782802596.3136985,30,0.04779088249579501,0,0,0,1
img_008518.jpg,1782802596.4062147,30,0.0314980876304008,0,0,0,1
img_008519.jpg,1782802596.4899442,30,0.020759807573331644,0,0,0,1
img_008520.jpg,1782802596.5689197,30,0.013682405596770319,0,0,0,1
img_008521.jpg,1782802596.633639,30,0.0,0,0,0,1
img_008522.jpg,1782802596.7239232,30,0.0,0,0,0,1
img_008523.jpg,1782802596.8057253,30,0.0,0,0,0,1
img_008524.jpg,1782802596.880742,30,0.0,0,0,0,1
img_008525.jpg,1782802596.961078,30,0.0,0,0,0,1
img_008526.jpg,1782802597.0503137,30,0.0,0,0,0,1
img_008527.jpg,1782802597.131808,30,0.0,0,0,0,1
img_008528.jpg,1782802597.2064085,30,0.0,0,0,0,1
img_008529.jpg,1782802597.2716687,30,0.0,0,0,0,1
img_008530.jpg,1782802597.365115,30,0.0,0,0,0,1
img_008531.jpg,1782802597.4488301,30,0.0,0,0,1,0
img_008532.jpg,1782802597.5404425,30,0.0,0,0,1,0
img_008533.jpg,1782802597.628756,30,0.0,0,0,1,0
img_008534.jpg,1782802597.706239,30,0.0,0,0,1,0
img_008535.jpg,1782802597.7812054,30,0.0,0,0,1,0
img_008536.jpg,1782802597.8521264,30,0.0,0,0,1,0
img_008537.jpg,1782802597.944818,30,0.0,0,0,1,0
img_008538.jpg,1782802598.021087,30,0.0,0,0,1,0
img_008539.jpg,1782802598.1040566,30,0.0,0,0,1,0
img_008540.jpg,1782802598.1918654,30,0.0,0,0,1,0
img_008541.jpg,1782802598.281964,30,0.0,0,0,1,0
img_008542.jpg,1782802598.3638296,30,0.0,0,0,1,0
img_008543.jpg,1782802598.4328966,30,0.0,0,0,1,0
img_008544.jpg,1782802598.5108058,30,0.0,0,0,1,0
img_008545.jpg,1782802598.5962617,30,0.0,0,0,1,0
img_008546.jpg,1782802598.6803954,30,0.0,0,0,1,0
img_008547.jpg,1782802598.7711954,30,0.0,0,0,1,0
img_008548.jpg,1782802598.8560004,30,0.08,0,0,1,0
img_008549.jpg,1782802598.9423072,30,0.07163929600000002,0,0,1,0
img_008550.jpg,1782802599.0167048,30,0.0472161363286557,0,0,1,0
img_008551.jpg,1782802599.081123,30,0.03111928305110926,0,0,1,0
img_008552.jpg,1782802599.1693146,30,0.020510144474217038,0,0,1,0
img_008553.jpg,1782802599.2507348,30,0.013517857261119032,0,0,1,0
img_008554.jpg,1782802599.3288164,30,0.0,0,0,1,0
img_008555.jpg,1782802599.4127777,30,0.0,0,0,1,0
img_008556.jpg,1782802599.5104206,30,0.08,0,0,1,0
img_008557.jpg,1782802599.585769,30,0.18,0,0,1,0
img_008558.jpg,1782802599.6652236,30,0.27999999999999997,0,0,1,0
img_008559.jpg,1782802599.7587628,30,0.24918016000000004,0,0,1,0
img_008560.jpg,1782802599.8448772,30,0.2709060874240001,0,0,1,0
img_008561.jpg,1782802599.9273326,30,0.37090608742400016,0,0,1,0
img_008562.jpg,1782802600.0209694,30,0.24445734906356245,0,0,1,0
img_008563.jpg,1782802600.10528,30,0.2621087002473993,0,0,1,0
img_008564.jpg,1782802600.1776202,30,0.17275100140302818,0,0,1,0
img_008565.jpg,1782802600.264089,30,0.1745191317805212,0,0,1,0
img_008566.jpg,1782802600.3296797,30,0.19849699313903316,0,0,1,0
img_008567.jpg,1782802600.4221687,30,0.13082570058869394,0,0,1,0
img_008568.jpg,1782802600.5071127,30,0.2308257005886939,0,0,1,0
img_008569.jpg,1782802600.5882406,30,0.330825700588694,0,0,1,0
img_008570.jpg,1782802600.6673017,30,0.43082570058869407,0,0,1,0
img_008571.jpg,1782802600.763026,30,0.5308257005886942,0,0,1,0
img_008572.jpg,1782802600.8333662,30,0.6308257005886942,0,0,1,0
img_008573.jpg,1782802600.9159112,30,0.5223639231400092,0,0,1,0
img_008574.jpg,1782802601.0146294,30,0.34428041012784505,0,0,1,0
img_008575.jpg,1782802601.0917923,30,0.44428041012784514,0,0,1,0
img_008576.jpg,1782802601.1633656,30,0.2928170094349809,0,0,1,0
img_008577.jpg,1782802601.2458303,30,0.19299028059727605,0,0,1,0
img_008578.jpg,1782802601.3480456,30,0.25115105814949396,0,0,1,0
img_008579.jpg,1782802601.4303114,30,0.1655290219584603,0,0,1,0
img_008580.jpg,1782802601.512979,30,0.1090971199261883,0,0,1,0
img_008581.jpg,1782802601.5922034,30,0.09815640867139704,0,0,1,0
img_008582.jpg,1782802601.684961,30,0.16390389597768526,0,0,1,0
img_008583.jpg,1782802601.7719226,30,0.10802602941938717,0,0,1,0
img_008584.jpg,1782802601.8378818,30,0.07119796001497772,0,0,1,0
img_008585.jpg,1782802601.9330964,30,0.04692525993540422,0,0,1,0
img_008586.jpg,1782802602.0153275,30,0.1231712391405719,0,0,1,0
img_008587.jpg,1782802602.092994,30,0.12705948586389365,0,0,1,0
img_008588.jpg,1782802602.1533833,30,0.08374255948018391,0,0,1,0
img_008589.jpg,1782802602.2476792,30,0.055193173658866224,0,0,1,0
img_008590.jpg,1782802602.3571167,30,0.03637680096532767,0,0,1,0
img_008591.jpg,1782802602.4441142,30,0.023975277389371396,0,0,1,0
img_008592.jpg,1782802602.510015,30,0.015801662340929425,0,0,1,0
img_008593.jpg,1782802602.5985482,30,0.010414583684751844,0,0,1,0
img_008594.jpg,1782802602.6805334,30,0.0,0,0,1,0
img_008595.jpg,1782802602.7608263,30,0.0,0,0,1,0
img_008596.jpg,1782802602.825326,30,0.0,0,0,1,0
img_008597.jpg,1782802602.914708,30,0.0,0,0,1,0
img_008598.jpg,1782802603.002152,30,0.0,0,0,1,0
img_008599.jpg,1782802603.0853317,30,0.0,0,0,1,0
img_008600.jpg,1782802603.1764038,30,0.0,0,0,1,0
img_008601.jpg,1782802603.2529173,30,0.0,0,0,1,0
img_008602.jpg,1782802603.3254294,30,0.0,0,0,1,0
img_008603.jpg,1782802603.3951087,30,0.0,0,0,1,0
img_008604.jpg,1782802603.5029624,30,0.0,0,0,1,0
img_008605.jpg,1782802603.5842347,30,0.0,0,0,1,0
img_008606.jpg,1782802603.6500573,30,0.0,0,0,1,0
img_008607.jpg,1782802603.7339702,30,0.0,0,0,1,0
img_008608.jpg,1782802603.8289127,30,-0.04,0,0,1,0
img_008609.jpg,1782802603.9020646,30,-0.14,0,0,1,0
img_008610.jpg,1782802603.9821005,30,-0.14016384,0,0,1,0
img_008611.jpg,1782802604.0630014,30,-0.09237939716476112,0,0,1,0
img_008612.jpg,1782802604.1524413,30,-0.06088555379564854,0,0,1,0
img_008613.jpg,1782802604.2400985,30,-0.040128543536511595,0,0,1,0
img_008614.jpg,1782802604.2979774,30,-0.02644798159784158,0,0,1,0
img_008615.jpg,1782802604.4062386,30,-0.017431375997071,0,0,1,0
img_008616.jpg,1782802604.4920542,30,-0.011488697843621477,0,0,1,0
img_008617.jpg,1782802604.5649786,30,0.0,0,0,1,0
img_008618.jpg,1782802604.64318,30,0.0,0,0,1,0
img_008619.jpg,1782802604.7499692,30,0.0736,0,0,1,0
img_008620.jpg,1782802604.8194723,30,0.048508400107520014,0,0,1,0
img_008621.jpg,1782802604.8975184,30,0.031970990230859336,0,0,1,0
img_008622.jpg,1782802604.9783685,30,0.021071488939567097,0,0,1,0
img_008623.jpg,1782802605.0479543,30,0.013887829026381839,0,0,1,0
img_008624.jpg,1782802605.1340985,30,0.0,0,0,0,1
img_008625.jpg,1782802605.220651,30,0.0,0,0,0,1
img_008626.jpg,1782802605.3122237,30,0.0,0,0,0,1
img_008627.jpg,1782802605.3940156,30,0.02,0,0,0,1
img_008628.jpg,1782802605.4702473,30,0.12000000000000001,0,0,0,1
img_008629.jpg,1782802605.54569,30,0.07908978278400002,0,0,0,1
img_008630.jpg,1782802605.6477778,30,0.052126614506835874,0,0,0,1
img_008631.jpg,1782802605.745486,30,0.0573431396613311,0,0,0,1
img_008632.jpg,1782802605.8342197,30,0.07579993473660261,0,0,0,1
img_008633.jpg,1782802605.9178998,30,0.049958336444660655,0,0,0,1
img_008634.jpg,1782802605.9969163,30,0.10228473596676078,0,0,0,1
img_008635.jpg,1782802606.0829992,30,0.11079541648048505,0,0,0,1
img_008636.jpg,1782802606.1461082,30,0.07302321185753648,0,0,0,1
img_008637.jpg,1782802606.2383509,30,0.04812824970002146,0,0,0,1
img_008638.jpg,1782802606.3218412,30,0.031720440121240104,0,0,0,1
img_008639.jpg,1782802606.408454,30,0.04272429999095796,0,0,0,1
img_008640.jpg,1782802606.4922597,30,0.11290635599168135,0,0,0,1
img_008641.jpg,1782802606.576156,30,0.07441449308595881,0,0,0,1
img_008642.jpg,1782802606.6532555,30,0.04904521745124961,0,0,0,1
img_008643.jpg,1782802606.7433157,30,0.03232479662344482,0,0,0,1
img_008644.jpg,1782802606.8299158,30,0.021304676195710234,0,0,0,1
img_008645.jpg,1782802606.9233167,30,0.09320030210005344,0,0,0,1
img_008646.jpg,1782802606.983232,30,0.0614265970708034,0,0,0,1
img_008647.jpg,1782802607.0652602,30,0.040485135162417765,0,0,0,1
img_008648.jpg,1782802607.1589646,30,0.07152528892935278,0,0,0,1
img_008649.jpg,1782802607.2393293,30,0.0655680726509543,0,0,0,1
img_008650.jpg,1782802607.3171442,30,0.043214705196079235,0,0,0,1
img_008651.jpg,1782802607.3776581,30,0.07365077235972456,0,0,0,1
img_008652.jpg,1782802607.4675627,30,0.06709075401706927,0,0,0,1
img_008653.jpg,1782802607.55492,30,0.04421827635020654,0,0,0,1
img_008654.jpg,1782802607.6351702,30,0.11428081424219003,0,0,0,1
img_008655.jpg,1782802607.7183318,30,0.07532037312327887,0,0,0,1
img_008656.jpg,1782802607.8071017,30,0.09865107070661978,0,0,0,1
img_008657.jpg,1782802607.8945115,30,0.08500079175068466,0,0,0,1
img_008658.jpg,1782802607.9771695,30,0.08089396880461658,0,0,0,1
img_008659.jpg,1782802608.0561013,30,0.11925265519622746,0,0,0,1
img_008660.jpg,1782802608.1322472,30,0.07859722163237401,0,0,0,1
img_008661.jpg,1782802608.2140343,30,0.15230944390178408,0,0,0,1
img_008662.jpg,1782802608.3006656,30,0.12344127255275304,0,0,0,1
img_008663.jpg,1782802608.3876715,30,0.08135786193981484,0,0,0,1
img_008664.jpg,1782802608.4790626,30,0.09449991079819056,0,0,0,1
img_008665.jpg,1782802608.5376198,30,0.062283145151135574,0,0,0,1
img_008666.jpg,1782802608.6147177,30,0.04104967017589714,0,0,0,1
img_008667.jpg,1782802608.7004724,30,0.09474444083687936,0,0,0,1
img_008668.jpg,1782802608.788522,30,0.06244431038150275,0,0,0,1
img_008669.jpg,1782802608.84761,30,0.04115589120141441,0,0,0,1
img_008670.jpg,1782802608.9310775,30,0.09003434631287717,0,0,0,1
img_008671.jpg,1782802609.014054,30,0.05933997410820739,0,0,0,1
img_008672.jpg,1782802609.10886,30,0.08620732575837181,0,0,0,1
img_008673.jpg,1782802609.1889656,30,0.07608618047372423,0,0,0,1
img_008674.jpg,1782802609.2762148,30,0.050146995721092276,0,0,0,1
img_008675.jpg,1782802609.3684034,30,0.15014699572109227,0,0,0,1
img_008676.jpg,1782802609.4321468,30,0.0989591106437614,0,0,0,1
img_008677.jpg,1782802609.5196812,30,0.17104238179226047,0,0,0,1
img_008678.jpg,1782802609.5990613,30,0.1368614173776076,0,0,0,1
img_008679.jpg,1782802609.6890264,30,0.14657234337493452,0,0,0,1
img_008680.jpg,1782802609.7685213,30,0.20844655590493974,0,0,0,1
img_008681.jpg,1782802609.8467522,30,0.13738327357162164,0,0,0,1
img_008682.jpg,1782802609.9112318,30,0.14697870653093892,0,0,0,1
img_008683.jpg,1782802609.999236,30,0.14559807503116376,0,0,0,1
img_008684.jpg,1782802610.0849934,30,0.09596100106652732,0,0,0,1
img_008685.jpg,1782802610.1669307,30,0.1618841209812051,0,0,0,1
img_008686.jpg,1782802610.2462642,30,0.10669483303818576,0,0,0,1
img_008687.jpg,1782802610.3400476,30,0.12308198614883882,0,0,0,1
img_008688.jpg,1782802610.4207394,30,0.12698998563026703,0,0,0,1
img_008689.jpg,1782802610.4996886,30,0.08369675316034253,0,0,0,1
img_008690.jpg,1782802610.5738268,30,0.10517365732492082,0,0,0,1
img_008691.jpg,1782802610.6608856,30,0.08967352688502572,0,0,0,1
img_008692.jpg,1782802610.743132,30,0.05910216469009892,0,0,0,1
img_008693.jpg,1782802610.8202841,30,0.10522407219369974,0,0,0,1
img_008694.jpg,1782802610.9136233,30,0.06935124177873041,0,0,0,1
img_008695.jpg,1782802610.999563,30,0.143803142436432,0,0,0,1
img_008696.jpg,1782802611.0859694,30,0.11734741806733713,0,0,0,1
img_008697.jpg,1782802611.163362,30,0.13137702628001863,0,0,0,1
img_008698.jpg,1782802611.2547693,30,0.16198151504340774,0,0,0,1
img_008699.jpg,1782802611.3130016,30,0.10675902366505292,0,0,0,1
img_008700.jpg,1782802611.3921962,30,0.07036289993250794,0,0,0,1
img_008701.jpg,1782802611.4721506,30,0.04637488726428652,0,0,0,1
img_008702.jpg,1782802611.566525,30,0.12266489628314362,0,0,0,1
img_008703.jpg,1782802611.647108,30,0.22266489628314357,0,0,0,1
img_008704.jpg,1782802611.7406723,30,0.14675431900546432,0,0,0,1
img_008705.jpg,1782802611.830518,30,0.154275827157727,0,0,0,1
img_008706.jpg,1782802611.9092329,30,0.25427582715772695,0,0,0,1
img_008707.jpg,1782802611.9745455,30,0.16758849947605464,0,0,0,1
img_008708.jpg,1782802612.053016,30,0.1104544835054805,0,0,0,1
img_008709.jpg,1782802612.1466124,30,0.07279850923306137,0,0,0,1
img_008710.jpg,1782802612.2324426,30,0.04798015235201536,0,0,0,1
img_008711.jpg,1782802612.3162315,30,0.031622831895534345,0,0,0,1
img_008712.jpg,1782802612.393144,30,-0.03323443508361973,0,0,0,1
img_008713.jpg,1782802612.4863832,30,-0.10417568027693017,0,0,0,1
img_008714.jpg,1782802612.5530686,30,-0.06866026603731534,0,0,0,1
img_008715.jpg,1782802612.633205,30,-0.04525271272319103,0,0,0,1
img_008716.jpg,1782802612.715402,30,-0.145252712723191,0,0,0,1
img_008717.jpg,1782802612.810927,30,-0.11838588001579647,0,0,0,1
img_008718.jpg,1782802612.8804252,30,-0.0780259461261836,0,0,0,1
img_008719.jpg,1782802612.9557235,30,-0.17802594612618358,0,0,0,1
img_008720.jpg,1782802613.056361,30,-0.11733361174196626,0,0,0,1
img_008721.jpg,1782802613.1434314,30,-0.07733241554945255,0,0,0,1
img_008722.jpg,1782802613.2181416,30,-0.15114582230549634,0,0,0,1
img_008723.jpg,1782802613.2744668,30,-0.12260766223306856,0,0,0,1
img_008724.jpg,1782802613.362378,30,-0.08080844478056196,0,0,0,1
img_008725.jpg,1782802613.4407244,30,-0.05325935287339587,0,0,0,1
img_008726.jpg,1782802613.5173876,30,-0.03510225541644406,0,0,0,1
img_008727.jpg,1782802613.6083555,30,-0.023135247967625405,0,0,0,1
img_008728.jpg,1782802613.706053,30,-0.015248014470112262,0,0,0,1
img_008729.jpg,1782802613.7847607,30,-0.010049684602737231,0,0,0,1
img_008730.jpg,1782802613.8609412,30,0.0,0,0,0,1
img_008731.jpg,1782802613.9252517,30,0.0,0,0,0,1
img_008732.jpg,1782802614.013134,30,0.0,0,0,0,1
img_008733.jpg,1782802614.097249,30,0.0,0,0,0,1
img_008734.jpg,1782802614.1801617,30,0.0,0,0,0,1
img_008735.jpg,1782802614.273902,30,0.0,0,1,0,0
img_008736.jpg,1782802614.351951,30,0.0,0,1,0,0
img_008737.jpg,1782802614.4281833,30,0.0,0,1,0,0
img_008738.jpg,1782802614.5087178,30,0.0,0,1,0,0
img_008739.jpg,1782802614.5973039,30,-0.06,0,1,0,0
img_008740.jpg,1782802614.6905265,30,-0.07786880000000002,0,1,0,0
img_008741.jpg,1782802614.768067,30,-0.05132188731375619,0,1,0,0
img_008742.jpg,1782802614.8455424,30,-0.033825307664249196,0,1,0,0
img_008743.jpg,1782802614.9443083,30,-0.022293635298061998,0,1,0,0
img_008744.jpg,1782802615.027063,30,-0.01469332310991199,0,1,0,0
img_008745.jpg,1782802615.0930471,30,0.0,0,1,0,0
img_008746.jpg,1782802615.1705465,30,0.0,0,1,0,0
img_008747.jpg,1782802615.27343,30,0.0,0,1,0,0
img_008748.jpg,1782802615.3332179,30,0.0,0,1,0,0
img_008749.jpg,1782802615.408187,30,0.04,0,1,0,0
img_008750.jpg,1782802615.4922223,30,0.06229504000000001,0,1,0,0
img_008751.jpg,1782802615.58623,30,0.04105750985100494,0,1,0,0
img_008752.jpg,1782802615.6791267,30,0.027060246131399342,0,1,0,0
img_008753.jpg,1782802615.7640133,30,0.017834908238449593,0,1,0,0
img_008754.jpg,1782802615.8528512,30,0.01175465848792959,0,1,0,0
img_008755.jpg,1782802615.9135094,30,0.0,0,1,0,0
img_008756.jpg,1782802615.9938345,30,0.016928000000000002,0,1,0,0
img_008757.jpg,1782802616.0778103,30,0.011156932024729603,0,1,0,0
img_008758.jpg,1782802616.198265,30,0.0,0,1,0,0
img_008759.jpg,1782802616.2811723,30,0.0,0,1,0,0
img_008760.jpg,1782802616.3460116,30,0.0,0,1,0,0
img_008761.jpg,1782802616.4298036,30,0.0,0,1,0,0
img_008762.jpg,1782802616.518774,30,0.0,0,1,0,0
img_008763.jpg,1782802616.6031308,30,0.0,0,1,0,0
img_008764.jpg,1782802616.689403,30,0.0,0,1,0,0
img_008765.jpg,1782802616.7795713,30,0.0736,0,1,0,0
img_008766.jpg,1782802616.842331,30,0.048508400107520014,0,1,0,0
img_008767.jpg,1782802616.9152305,30,0.031970990230859336,0,1,0,0
img_008768.jpg,1782802616.9944212,30,0.021071488939567097,0,1,0,0
img_008769.jpg,1782802617.0803611,30,0.013887829026381839,0,1,0,0
img_008770.jpg,1782802617.1710472,30,0.0,0,1,0,0
img_008771.jpg,1782802617.255363,30,0.0,0,1,0,0
img_008772.jpg,1782802617.325586,30,0.0,0,1,0,0
img_008773.jpg,1782802617.4165504,30,0.0,0,1,0,0
img_008774.jpg,1782802617.4973767,30,0.0,0,1,0,0
img_008775.jpg,1782802617.578913,30,0.0,0,1,0,0
img_008776.jpg,1782802617.653653,30,0.0,0,1,0,0
img_008777.jpg,1782802617.7422493,30,0.0,0,1,0,0
img_008778.jpg,1782802617.8323655,30,0.0,0,1,0,0
img_008779.jpg,1782802617.904253,30,0.0,0,1,0,0
img_008780.jpg,1782802617.9870467,30,0.0,0,1,0,0
img_008781.jpg,1782802618.0693018,30,0.0,0,1,0,0
img_008782.jpg,1782802618.1614866,30,0.0,0,1,0,0
img_008783.jpg,1782802618.224452,30,0.0736,0,1,0,0
img_008784.jpg,1782802618.3042648,30,0.048508400107520014,0,1,0,0
img_008785.jpg,1782802618.393451,30,0.031970990230859336,0,1,0,0
img_008786.jpg,1782802618.477337,30,0.021071488939567097,0,1,0,0
img_008787.jpg,1782802618.5542443,30,0.013887829026381839,0,1,0,0
img_008788.jpg,1782802618.629029,30,0.0,0,1,0,0
img_008789.jpg,1782802618.7359908,30,0.0,0,1,0,0
img_008790.jpg,1782802618.8222048,30,0.0,0,1,0,0
img_008791.jpg,1782802618.9188263,30,0.0,0,1,0,0
img_008792.jpg,1782802618.9945486,30,0.0,0,1,0,0
img_008793.jpg,1782802619.0681553,30,0.0,0,1,0,0
img_008794.jpg,1782802619.14916,30,0.0,0,1,0,0
img_008795.jpg,1782802619.2325122,30,0.0,0,1,0,0
img_008796.jpg,1782802619.2975385,30,0.0,0,0,0,1
img_008797.jpg,1782802619.3888495,30,0.0,0,0,0,1
img_008798.jpg,1782802619.478254,30,0.0,0,0,0,1
img_008799.jpg,1782802619.56685,30,0.0,0,0,0,1
img_008800.jpg,1782802619.6415172,30,0.0,0,0,0,1
img_008801.jpg,1782802619.7175205,30,0.06,0,0,0,1
img_008802.jpg,1782802619.797724,30,0.07786880000000002,0,0,0,1
img_008803.jpg,1782802619.8853452,30,0.05132188731375619,0,0,0,1
img_008804.jpg,1782802619.9589448,30,0.033825307664249196,0,0,0,1
img_008805.jpg,1782802620.042428,30,0.08382974040702053,0,0,0,1
img_008806.jpg,1782802620.145699,30,0.055250632996919694,0,0,0,1
img_008807.jpg,1782802620.2063594,30,0.08302300490710542,0,0,0,1
img_008808.jpg,1782802620.2876265,30,0.12105467135337404,0,0,0,1
img_008809.jpg,1782802620.3763585,30,0.07978489718605718,0,0,0,1
img_008810.jpg,1782802620.4576647,30,0.05258475156574197,0,0,0,1
img_008811.jpg,1782802620.5390584,30,0.034657638159042804,0,0,0,1
img_008812.jpg,1782802620.6310816,30,0.02284220894837638,0,0,0,1
img_008813.jpg,1782802620.7232125,30,0.07011764565390578,0,0,0,1
img_008814.jpg,1782802620.8093445,30,0.04621324470077409,0,0,0,1
img_008815.jpg,1782802620.8987935,30,0.03045829570940052,0,0,0,1
img_008816.jpg,1782802620.9707062,30,0.06371750936936169,0,0,0,1
img_008817.jpg,1782802621.0521798,30,0.04199503312966918,0,0,0,1
img_008818.jpg,1782802621.1365132,30,0.027678150401936833,0,0,0,1
img_008819.jpg,1782802621.2234075,30,0.08342678650019934,0,0,0,1
img_008820.jpg,1782802621.310296,30,0.054985053522232596,0,0,0,1
img_008821.jpg,1782802621.3981812,30,0.08281620135712026,0,0,0,1
img_008822.jpg,1782802621.482168,30,0.12087963282866658,0,0,0,1
img_008823.jpg,1782802621.5676749,30,0.07966953252857432,0,0,0,1
img_008824.jpg,1782802621.6550622,30,0.07707469222996165,0,0,0,1
img_008825.jpg,1782802621.737481,30,0.09116465794316439,0,0,0,1
img_008826.jpg,1782802621.8180003,30,0.06008494161918778,0,0,0,1
img_008827.jpg,1782802621.8707147,30,0.11085589458648056,0,0,0,1
img_008828.jpg,1782802621.9571478,30,0.0937442416562568,0,0,0,1
img_008829.jpg,1782802622.0390348,30,0.06178509758203465,0,0,0,1
img_008830.jpg,1782802622.1234741,30,0.04072141622542804,0,0,0,1
img_008831.jpg,1782802622.2107525,30,0.04917253590512643,0,0,0,1
img_008832.jpg,1782802622.3008049,30,0.09240363439009902,0,0,0,1
img_008833.jpg,1782802622.3776956,30,0.06090152810304238,0,0,0,1
img_008834.jpg,1782802622.4592032,30,0.136029405854799,0,0,0,1
img_008835.jpg,1782802622.5377395,30,0.1117783679073608,0,0,0,1
img_008836.jpg,1782802622.6207304,30,0.07367105698119338,0,0,0,1
img_008837.jpg,1782802622.6933577,30,0.1413773724226979,0,0,0,1
img_008838.jpg,1782802622.7823842,30,0.09317921396236543,0,0,0,1
img_008839.jpg,1782802622.8708668,30,0.1388668866977461,0,0,0,1
img_008840.jpg,1782802622.9526098,30,0.11381111920738297,0,0,0,1
img_008841.jpg,1782802623.02796,30,0.07501080580429875,0,0,0,1
img_008842.jpg,1782802623.1103082,30,0.17501080580429873,0,0,0,1
img_008843.jpg,1782802623.2034538,30,0.11534638846595661,0,0,0,1
img_008844.jpg,1782802623.279336,30,0.15762918319758568,0,0,0,1
img_008845.jpg,1782802623.3455608,30,0.12725229633330068,0,0,0,1
img_008846.jpg,1782802623.435135,30,0.11116264923701044,0,0,0,1
img_008847.jpg,1782802623.541374,30,0.14487206631420563,0,0,0,1
img_008848.jpg,1782802623.6057441,30,0.09548250213549808,0,0,0,1
img_008849.jpg,1782802623.6963038,30,0.16784390196465823,0,0,0,1
img_008850.jpg,1782802623.7891803,30,0.11062281456669845,0,0,0,1
img_008851.jpg,1782802623.8721764,30,0.09924940557096823,0,0,0,1
img_008852.jpg,1782802623.9588828,30,0.10843184112524613,0,0,0,1
img_008853.jpg,1782802624.0397573,30,0.07146542301220765,0,0,0,1
img_008854.jpg,1782802624.132228,30,0.04710153985501815,0,0,0,1
img_008855.jpg,1782802624.2070715,30,0.1169334166666167,0,0,0,1
img_008856.jpg,1782802624.2862616,30,0.07706865436961403,0,0,0,1
img_008857.jpg,1782802624.3722148,30,0.12523090905844134,0,0,0,1
img_008858.jpg,1782802624.4624739,30,0.1040424008238676,0,0,0,1
img_008859.jpg,1782802624.54015,30,0.06857242401237962,0,0,0,1
img_008860.jpg,1782802624.617809,30,0.04519481766759543,0,0,0,1
img_008861.jpg,1782802624.7010536,30,0.029787069269105074,0,0,0,1
img_008862.jpg,1782802624.7943418,30,0.08521177542937054,0,0,0,1
img_008863.jpg,1782802624.877364,30,0.056161506744565874,0,0,0,1
img_008864.jpg,1782802624.9587631,30,0.037015011410415556,0,0,0,1
img_008865.jpg,1782802625.0552697,30,0.11405381049758233,0,0,0,1
img_008866.jpg,1782802625.140188,30,0.07517075914951073,0,0,0,1
img_008867.jpg,1782802625.1984792,30,0.04954365844035987,0,0,0,1
img_008868.jpg,1782802625.2809634,30,0.0971337525039206,0,0,0,1
img_008869.jpg,1782802625.3954356,30,0.06401906155441582,0,0,0,1
img_008870.jpg,1782802625.4789867,30,0.11418573369965757,0,0,0,1
img_008871.jpg,1782802625.5354788,30,0.0752577072944799,0,0,0,1
img_008872.jpg,1782802625.6202805,30,0.04960096435618558,0,0,0,1
img_008873.jpg,1782802625.7131927,30,0.03269107914006371,0,0,0,1
img_008874.jpg,1782802625.7947404,30,0.021546086234684937,0,0,0,1
img_008875.jpg,1782802625.8765194,30,0.014200627334554704,0,0,0,1
img_008876.jpg,1782802625.9748957,30,0.0,0,0,0,1
img_008877.jpg,1782802626.0600722,30,0.0,0,0,0,1
img_008878.jpg,1782802626.146223,30,0.0,0,0,0,1
img_008879.jpg,1782802626.224934,30,0.0,0,0,0,1
img_008880.jpg,1782802626.3173184,30,0.0,0,0,0,1
img_008881.jpg,1782802626.3783245,30,0.08,0,0,0,1
img_008882.jpg,1782802626.4603684,30,0.07163929600000002,0,0,0,1
img_008883.jpg,1782802626.5562122,30,0.0472161363286557,0,0,0,1
img_008884.jpg,1782802626.6405282,30,0.03111928305110926,0,0,0,1
img_008885.jpg,1782802626.7206879,30,0.020510144474217038,0,0,0,1
img_008886.jpg,1782802626.8077428,30,0.013517857261119032,0,0,0,1
img_008887.jpg,1782802626.9039857,30,0.0,0,0,0,1
img_008888.jpg,1782802626.9867377,30,0.0,0,0,0,1
img_008889.jpg,1782802627.049837,30,0.0,0,0,0,1
img_008890.jpg,1782802627.1334295,30,0.0,0,0,0,1
img_008891.jpg,1782802627.2305272,30,0.0,0,0,0,1
img_008892.jpg,1782802627.3115904,30,0.0,0,0,0,1
img_008893.jpg,1782802627.39326,30,0.0,0,0,0,1
img_008894.jpg,1782802627.493707,30,0.0,0,0,0,1
img_008895.jpg,1782802627.578005,30,0.0,0,0,0,1
img_008896.jpg,1782802627.6615,30,0.0,0,0,0,1
img_008897.jpg,1782802627.7411904,30,0.0,0,0,0,1
img_008898.jpg,1782802627.8344874,30,0.0,0,0,0,1
img_008899.jpg,1782802627.9179633,30,0.02,0,0,0,1
img_008900.jpg,1782802628.0023332,30,0.09200000000000001,0,0,0,1
img_008901.jpg,1782802628.0864174,30,0.06063550013440003,0,0,0,1
img_008902.jpg,1782802628.1873202,30,0.039963737788574184,0,0,0,1
img_008903.jpg,1782802628.2679455,30,0.02633936117445888,0,0,0,1
img_008904.jpg,1782802628.351723,30,0.08229363529806201,0,0,0,1
img_008905.jpg,1782802628.4435833,30,0.07328244018033915,0,0,0,1
img_008906.jpg,1782802628.5222626,30,0.04829910229787083,0,0,0,1
img_008907.jpg,1782802628.6086774,30,0.07440993137012446,0,0,0,1
img_008908.jpg,1782802628.6898396,30,0.049042210908629105,0,0,0,1
img_008909.jpg,1782802628.7842302,30,0.0749885811280186,0,0,0,1
img_008910.jpg,1782802628.865767,30,0.04942358827246127,0,0,0,1
img_008911.jpg,1782802628.9466763,30,0.032574173840623444,0,0,0,1
img_008912.jpg,1782802629.0391362,30,0.056512638279607404,0,0,0,1
img_008913.jpg,1782802629.1161096,30,0.037246435717374286,0,0,0,1
img_008914.jpg,1782802629.200476,30,0.08672538319118561,0,0,0,1
img_008915.jpg,1782802629.2840292,30,0.0571590976537503,0,0,0,1
img_008916.jpg,1782802629.3724577,30,0.13258636984145028,0,0,0,1
img_008917.jpg,1782802629.4593968,30,0.1093118011463713,0,0,0,1
img_008918.jpg,1782802629.544511,30,0.09831020478618034,0,0,0,1
img_008919.jpg,1782802629.6273766,30,0.13399375733102306,0,0,0,1
img_008920.jpg,1782802629.7145512,30,0.08831280968102186,0,0,0,1
img_008921.jpg,1782802629.7923326,30,0.05820534112263961,0,0,0,1
img_008922.jpg,1782802629.8824525,30,0.038362064885484916,0,0,0,1
img_008923.jpg,1782802629.9988565,30,0.02528372815782264,0,0,0,1
img_008924.jpg,1782802630.0772333,30,0.08140014751278109,0,0,0,1
img_008925.jpg,1782802630.1377409,30,0.053649333211428465,0,0,0,1
img_008926.jpg,1782802630.2187145,30,0.03535928425165263,0,0,0,1
img_008927.jpg,1782802630.312734,30,0.023304650923840993,0,0,0,1
img_008928.jpg,1782802630.3978121,30,0.015359664828529414,0,0,0,1
img_008929.jpg,1782802630.4606032,30,0.010123271291028635,0,0,0,1
img_008930.jpg,1782802630.5561366,30,0.0,0,0,0,1
img_008931.jpg,1782802630.6390874,30,-0.08,0,0,0,1
img_008932.jpg,1782802630.720694,30,-0.07163929600000002,0,0,0,1
img_008933.jpg,1782802630.8045723,30,-0.0472161363286557,0,0,0,1
img_008934.jpg,1782802630.8993876,30,-0.03111928305110926,0,0,0,1
img_008935.jpg,1782802630.972315,30,-0.020510144474217038,0,0,0,1
img_008936.jpg,1782802631.0585167,30,-0.013517857261119032,0,0,0,1
img_008937.jpg,1782802631.140943,30,-0.050526193234946254,0,0,0,1
img_008938.jpg,1782802631.2405455,30,-0.050524468329115134,0,0,0,1
img_008939.jpg,1782802631.3237727,30,-0.033299743545223366,0,0,0,1
img_008940.jpg,1782802631.4057465,30,-0.02194724569795519,0,0,0,1
img_008941.jpg,1782802631.501556,30,-0.014465024124652958,0,0,0,1
img_008942.jpg,1782802631.5825422,30,0.0,0,0,0,1
img_008943.jpg,1782802631.6680562,30,0.0,0,0,0,1
img_008944.jpg,1782802631.7560647,30,-0.06,0,0,0,1
img_008945.jpg,1782802631.8525777,30,-0.05731143680000001,0,0,0,1
img_008946.jpg,1782802631.932537,30,-0.03777290906292455,0,0,0,1
img_008947.jpg,1782802632.0155892,30,-0.024895426440887398,0,0,0,1
img_008948.jpg,1782802632.132715,30,-0.016408115579373626,0,0,0,1
img_008949.jpg,1782802632.2168343,30,-0.010814285808895223,0,0,0,1
img_008950.jpg,1782802632.302333,30,0.0,0,0,0,1
img_008951.jpg,1782802632.3833218,30,0.0,0,0,0,1
img_008952.jpg,1782802632.4724858,30,0.0,0,0,0,1
img_008953.jpg,1782802632.5626976,30,0.0,0,0,0,1
img_008954.jpg,1782802632.6449,30,0.0,0,0,0,1
img_008955.jpg,1782802632.7626855,30,0.0,0,0,0,1
img_008956.jpg,1782802632.8528426,30,0.0,0,0,0,1
img_008957.jpg,1782802632.9528193,30,0.0,0,0,0,1
img_008958.jpg,1782802633.0525677,30,0.0,0,0,0,1
img_008959.jpg,1782802633.1399863,30,0.0,0,0,0,1
img_008960.jpg,1782802633.2245884,30,0.0,0,0,0,1
img_008961.jpg,1782802633.3463752,30,0.0,0,0,0,1
img_008962.jpg,1782802633.4280736,30,0.0,0,0,0,1
img_008963.jpg,1782802633.512911,30,0.0,0,0,0,1
img_008964.jpg,1782802633.5999644,30,0.0,0,0,0,1
img_008965.jpg,1782802633.6926365,30,0.0,0,0,0,1
img_008966.jpg,1782802633.8085701,30,0.0,0,0,0,1
img_008967.jpg,1782802633.8908176,30,0.0,0,0,0,1
img_008968.jpg,1782802633.9893668,30,0.0,0,0,0,1
img_008969.jpg,1782802634.0725937,30,0.0,0,0,0,1
img_008970.jpg,1782802634.1826513,30,0.0,0,0,0,1
img_008971.jpg,1782802634.3036375,30,0.0,0,0,0,1
img_008972.jpg,1782802634.392376,30,0.0,0,0,0,1
img_008973.jpg,1782802634.477342,30,0.0,0,0,0,1
img_008974.jpg,1782802634.6003654,30,0.0,0,0,0,1
img_008975.jpg,1782802634.6826513,30,0.0,0,0,0,1
img_008976.jpg,1782802634.7925982,30,0.0,0,0,0,1
img_008977.jpg,1782802634.878274,30,0.0,0,0,0,1
img_008978.jpg,1782802634.9924307,30,0.0,0,0,0,1
img_008979.jpg,1782802635.0834517,30,0.0,0,0,0,1
img_008980.jpg,1782802635.1945033,30,0.0,0,0,0,1
img_008981.jpg,1782802635.2919726,30,0.06,0,0,0,1
img_008982.jpg,1782802635.4046285,30,0.07786880000000002,0,0,0,1
img_008983.jpg,1782802635.4825234,30,0.05132188731375619,0,0,0,1
img_008984.jpg,1782802635.6128447,30,0.033825307664249196,0,0,0,1
img_008985.jpg,1782802635.7026536,30,0.022293635298061998,0,0,0,1
img_008986.jpg,1782802635.8126185,30,0.01469332310991199,0,0,0,1
img_008987.jpg,1782802635.9124117,30,0.042589034385811166,0,0,0,1
img_008988.jpg,1782802636.0225484,30,0.028069645654617604,0,0,0,1
img_008989.jpg,1782802636.1144483,30,0.018500184813729635,0,0,0,1
img_008990.jpg,1782802636.2362359,30,0.01219312998651444,0,0,0,1
img_008991.jpg,1782802636.3226707,30,0.0848176795875933,0,0,0,1
img_008992.jpg,1782802636.437146,30,0.05590176545688055,0,0,0,1
img_008993.jpg,1782802636.5625503,30,0.05697563122488042,0,0,0,1
img_008994.jpg,1782802636.6528075,30,0.03755158581297568,0,0,0,1
img_008995.jpg,1782802636.7669318,30,0.024749556376191525,0,0,0,1
img_008996.jpg,1782802636.8628187,30,0.10276959186609622,0,0,0,1
img_008997.jpg,1782802636.9725194,30,0.06773353914574905,0,0,0,1
img_008998.jpg,1782802637.0630014,30,0.117329667532962,0,0,0,1
img_008999.jpg,1782802637.1927395,30,0.09838200701975455,0,0,0,1
img_009000.jpg,1782802637.3152869,30,0.14327053074152027,0,0,0,1
img_009001.jpg,1782802637.4026852,30,0.09442695963079363,0,0,0,1
img_009002.jpg,1782802637.5235455,30,0.1604728028603301,0,0,0,1
img_009003.jpg,1782802637.616307,30,0.10576465934135972,0,0,0,1
img_009004.jpg,1782802637.7347908,30,0.14471920766652688,0,0,0,1
img_009005.jpg,1782802637.8535402,30,0.09538175582515167,0,0,0,1
img_009006.jpg,1782802637.9510374,30,0.06286435291473146,0,0,0,1
img_009007.jpg,1782802638.081515,30,0.04143273347402358,0,0,0,1
img_009008.jpg,1782802638.1677234,30,0.02730754908839909,0,0,0,1
img_009009.jpg,1782802638.2835908,30,0.083113109548421,0,0,0,1
img_009010.jpg,1782802638.3947906,30,0.05477831483906179,0,0,0,1
img_009011.jpg,1782802638.512767,30,0.03610337518245801,0,0,0,1
img_009012.jpg,1782802638.6026602,30,0.023795067507915504,0,0,0,1
img_009013.jpg,1782802638.732507,30,0.01568288933776378,0,0,0,1
img_009014.jpg,1782802638.8226275,30,0.010336302592910395,0,0,0,1
img_009015.jpg,1782802638.9330096,30,0.04,0,0,0,1
img_009016.jpg,1782802639.0426724,30,0.0429835776,0,0,0,1
img_009017.jpg,1782802639.1532514,30,0.07347079607418881,0,0,0,1
img_009018.jpg,1782802639.2528045,30,0.04842324418729295,0,0,0,1
img_009019.jpg,1782802639.3775847,30,0.12454938465230952,0,0,0,1
img_009020.jpg,1782802639.472797,30,0.08208819815026687,0,0,0,1
img_009021.jpg,1782802639.5993652,30,0.1555211422982455,0,0,0,1
img_009022.jpg,1782802639.6929119,30,0.10250111135573162,0,0,0,1
img_009023.jpg,1782802639.7834592,30,0.17430102244727308,0,0,0,1
img_009024.jpg,1782802639.916253,30,0.13919588460202842,0,0,0,1
img_009025.jpg,1782802640.0029464,30,0.23919588460202837,0,0,0,1
img_009026.jpg,1782802640.1228695,30,0.15764958796667633,0,0,0,1
img_009027.jpg,1782802640.232654,30,0.1886346112549948,0,0,0,1
img_009028.jpg,1782802640.35325,30,0.12432558691418188,0,0,0,1
img_009029.jpg,1782802640.453498,30,0.12795836262303045,0,0,0,1
img_009030.jpg,1782802640.5970473,30,0.13963964147420235,0,0,0,1
img_009031.jpg,1782802640.7229283,30,0.11436471528904261,0,0,0,1
img_009032.jpg,1782802640.8327303,30,0.17881553806591918,0,0,0,1
img_009033.jpg,1782802640.9818406,30,0.14810219260903654,0,0,0,1
img_009034.jpg,1782802641.0826707,30,0.1204272273456778,0,0,0,1
img_009035.jpg,1782802641.2313051,30,0.13057523680735117,0,0,0,1
img_009036.jpg,1782802641.3331034,30,0.08605972596718973,0,0,0,1
img_009037.jpg,1782802641.4560962,30,0.10086967589393905,0,0,0,1
img_009038.jpg,1782802641.5760562,30,0.09226232568789965,0,0,0,1
img_009039.jpg,1782802641.7027051,30,0.08042393979603848,0,0,0,1
img_009040.jpg,1782802641.8029943,30,0.07761514428534581,0,0,0,1
img_009041.jpg,1782802641.9329503,30,0.0511547075189735,0,0,0,1
img_009042.jpg,1782802642.0325646,30,0.05504687233745168,0,0,0,1
img_009043.jpg,1782802642.172838,30,0.03628037646756361,0,0,0,1
img_009044.jpg,1782802642.2727058,30,0.09070771064214585,0,0,0,1
img_009045.jpg,1782802642.392874,30,0.05978377609601035,0,0,0,1
img_009046.jpg,1782802642.5072396,30,0.08335290904065011,0,0,0,1
img_009047.jpg,1782802642.6252365,30,0.05493636225366273,0,0,0,1
img_009048.jpg,1782802642.722681,30,0.12414145327336971,0,0,0,1
img_009049.jpg,1782802642.8530648,30,0.08181933811567414,0,0,0,1
img_009050.jpg,1782802642.9529524,30,0.1488737910664202,0,0,0,1
img_009051.jpg,1782802643.0429482,30,0.0981199649806148,0,0,0,1
img_009052.jpg,1782802643.1530461,30,0.10755235929082499,0,0,0,1
img_009053.jpg,1782802643.2528763,30,0.07088577278515062,0,0,0,1
img_009054.jpg,1782802643.352573,30,0.13881491096233856,0,0,0,1
img_009055.jpg,1782802643.4588814,30,0.09149034295993048,0,0,0,1
img_009056.jpg,1782802643.5525818,30,0.10509843217878237,0,0,0,1
img_009057.jpg,1782802643.642565,30,0.06926843476632379,0,0,0,1
img_009058.jpg,1782802643.7481735,30,0.04565354549546853,0,0,0,1
img_009059.jpg,1782802643.8386664,30,0.11560126185583106,0,0,0,1
img_009060.jpg,1782802643.9126284,30,0.0761906557477832,0,0,0,1
img_009061.jpg,1782802644.000781,30,0.07458244939549544,0,0,0,1
img_009062.jpg,1782802644.1028118,30,0.08922397835487958,0,0,0,1
img_009063.jpg,1782802644.1925297,30,0.05880587556009788,0,0,0,1
img_009064.jpg,1782802644.2630112,30,0.038757866037258976,0,0,0,1
img_009065.jpg,1782802644.3629587,30,-0.037942763245721746,0,0,0,1
img_009066.jpg,1782802644.4492972,30,-0.025007374194407267,0,0,0,1
img_009067.jpg,1782802644.5395339,30,-0.01648189827528232,0,0,0,1
img_009068.jpg,1782802644.6100903,30,-0.04963425640418304,0,0,0,1
img_009069.jpg,1782802644.7041235,30,-0.032713021313768326,0,0,0,1
img_009070.jpg,1782802644.8028555,30,-0.021560547915952497,0,0,0,1
img_009071.jpg,1782802644.8940966,30,-0.014210158761472563,0,0,0,1
img_009072.jpg,1782802644.995161,30,-0.07202747837571039,0,0,0,1
img_009073.jpg,1782802645.0650527,30,-0.04747198016011827,0,0,0,1
img_009074.jpg,1782802645.152828,30,-0.03128790499325094,0,0,0,1
img_009075.jpg,1782802645.241546,30,-0.020621280080688715,0,0,0,1
img_009076.jpg,1782802645.3226228,30,-0.01359110468591414,0,0,0,1
img_009077.jpg,1782802645.412673,30,0.0,0,0,0,1
img_009078.jpg,1782802645.5052981,30,0.0,0,0,0,1
img_009079.jpg,1782802645.6065092,30,0.0,0,0,0,1
img_009080.jpg,1782802645.6728413,30,-0.04,0,0,0,1
img_009081.jpg,1782802645.7630284,30,-0.06229504000000001,0,0,0,1
img_009082.jpg,1782802645.8528705,30,-0.04105750985100494,0,0,0,1
img_009083.jpg,1782802645.9467518,30,-0.11137290906292456,0,0,0,1
img_009084.jpg,1782802646.036496,30,-0.07340382654840742,0,0,0,1
img_009085.jpg,1782802646.1027062,30,-0.0971586788873263,0,0,0,1
img_009086.jpg,1782802646.2177627,30,-0.10680381734541436,0,0,0,1
img_009087.jpg,1782802646.30297,30,-0.07039242261959028,0,0,0,1
img_009088.jpg,1782802646.39277,30,-0.07042863600201925,0,0,0,1
img_009089.jpg,1782802646.470274,30,-0.04641821269310921,0,0,0,1
img_009090.jpg,1782802646.5728354,30,-0.030593386325995998,0,0,0,1
img_009091.jpg,1782802646.6630776,30,-0.0201635356595835,0,0,0,1
img_009092.jpg,1782802646.7606883,30,-0.013289413795615813,0,0,0,1
img_009093.jpg,1782802646.86336,30,0.0,0,0,0,1
img_009094.jpg,1782802646.9534717,30,0.0,0,0,0,1
img_009095.jpg,1782802647.0427253,30,0.0,0,0,0,1
img_009096.jpg,1782802647.143053,30,0.0,0,0,0,1
img_009097.jpg,1782802647.2479005,30,0.0,0,0,0,1
img_009098.jpg,1782802647.343005,30,0.0,0,0,0,1
img_009099.jpg,1782802647.4384687,30,0.0,0,0,0,1
img_009100.jpg,1782802647.542889,30,0.0,0,0,0,1
img_009101.jpg,1782802647.6349957,30,0.0,0,0,0,1
img_009102.jpg,1782802647.7272825,30,0.0,0,0,0,1
img_009103.jpg,1782802647.8527715,30,0.0,0,0,0,1
img_009104.jpg,1782802647.942752,30,0.0,0,0,0,1
img_009105.jpg,1782802648.0327368,30,0.1,0,0,0,1
img_009106.jpg,1782802648.1427455,30,0.06590815232000002,0,0,0,1
img_009107.jpg,1782802648.302669,30,0.10656866012364803,0,0,0,1
img_009108.jpg,1782802648.4263709,30,0.12298373681436325,0,0,0,1
img_009109.jpg,1782802648.5606296,30,0.10243254244830266,0,0,0,1
img_009110.jpg,1782802648.663851,30,0.14669890392824336,0,0,0,1
img_009111.jpg,1782802648.8050468,30,0.09668653705279712,0,0,0,1
img_009112.jpg,1782802648.9007359,30,0.1064361661645685,0,0,0,1
img_009113.jpg,1782802648.9962301,30,0.09625012012968708,0,0,0,1
img_009114.jpg,1782802649.1008778,30,0.08328076766006212,0,0,0,1
img_009115.jpg,1782802649.1927962,30,0.054888815202659064,0,0,0,1
img_009116.jpg,1782802649.2929187,30,0.09724189318753065,0,0,0,1
img_009117.jpg,1782802649.4128392,30,0.1157210953224119,0,0,0,1
img_009118.jpg,1782802649.4826906,30,0.14873033508088943,0,0,0,1
img_009119.jpg,1782802649.574727,30,0.098025415791159,0,0,0,1
img_009120.jpg,1782802649.6790502,30,0.14296871192563698,0,0,0,1
img_009121.jpg,1782802649.7631073,30,0.09422803642589084,0,0,0,1
img_009122.jpg,1782802649.8310218,30,0.062103957775721225,0,0,0,1
img_009123.jpg,1782802649.9189274,30,0.04093157108757084,0,0,0,1
img_009124.jpg,1782802650.0119388,30,0.026977242219365274,0,0,0,1
img_009125.jpg,1782802650.0971491,30,0.01778020189367462,0,0,0,1
img_009126.jpg,1782802650.1847694,30,0.011718602546886597,0,0,0,1
img_009127.jpg,1782802650.2762792,30,0.0,0,0,0,1
img_009128.jpg,1782802650.3428085,30,0.0,0,0,0,1
img_009129.jpg,1782802650.4212306,30,0.0,0,0,0,1
img_009130.jpg,1782802650.5035017,30,0.0,0,0,0,1
img_009131.jpg,1782802650.5970554,30,0.0,0,0,0,1
img_009132.jpg,1782802650.6786735,30,-0.1,0,0,0,1
img_009133.jpg,1782802650.7470043,30,-0.08596715520000002,0,0,0,1
img_009134.jpg,1782802650.8340623,30,-0.056659363594386815,0,0,0,1
img_009135.jpg,1782802650.9304438,30,-0.0373431396613311,0,0,0,1
img_009136.jpg,1782802651.011373,30,-0.024612173369060436,0,0,0,1
img_009137.jpg,1782802651.0906093,30,-0.016221428713342832,0,0,0,1
img_009138.jpg,1782802651.1794205,30,-0.010691243944870211,0,0,0,1
img_009139.jpg,1782802651.2794473,30,0.0,0,0,0,1
img_009140.jpg,1782802651.3612032,30,-0.0368,0,0,0,1
img_009141.jpg,1782802651.4304118,30,-0.024254200053760007,0,0,0,1
img_009142.jpg,1782802651.5293324,30,-0.10231386404945922,0,0,0,1
img_009143.jpg,1782802651.6146138,30,-0.06743317736219533,0,0,0,1
img_009144.jpg,1782802651.6948788,30,-0.04444396125009146,0,0,0,1
img_009145.jpg,1782802651.7703838,30,-0.029292193677752067,0,0,0,1
img_009146.jpg,1782802651.890105,30,-0.019305943627002244,0,0,0,1
img_009147.jpg,1782802651.959201,30,-0.012724190732497974,0,0,0,1
img_009148.jpg,1782802652.0421271,30,0.0,0,0,0,1
img_009149.jpg,1782802652.1312714,30,0.0,0,0,0,1
img_009150.jpg,1782802652.2251258,30,0.0,0,0,0,1
img_009151.jpg,1782802652.2899523,30,0.0,0,0,0,1
img_009152.jpg,1782802652.3732002,30,0.0,0,0,0,1
img_009153.jpg,1782802652.4699943,30,0.04,0,0,0,1
img_009154.jpg,1782802652.543094,30,0.0429835776,0,0,0,1
img_009155.jpg,1782802652.61781,30,0.028329681797193407,0,0,0,1
img_009156.jpg,1782802652.7000394,30,0.01867156983066555,0,0,0,1
img_009157.jpg,1782802652.8029673,30,0.012306086684530218,0,0,0,1
img_009158.jpg,1782802652.8861737,30,0.0,0,0,0,1
img_009159.jpg,1782802652.954831,30,0.0,0,0,0,1
img_009160.jpg,1782802653.045632,30,0.0,0,0,0,1
img_009161.jpg,1782802653.1269057,30,0.1,0,0,0,1
img_009162.jpg,1782802653.211668,30,0.10901632000000003,0,0,0,1
img_009163.jpg,1782802653.292871,30,0.07185064223925866,0,0,0,1
img_009164.jpg,1782802653.3844664,30,0.04735543072994886,0,0,0,1
img_009165.jpg,1782802653.448715,30,0.07687510564424244,0,0,0,1
img_009166.jpg,1782802653.5278544,30,0.06940064368279156,0,0,0,1
img_009167.jpg,1782802653.6091392,30,0.04574068194951473,0,0,0,1
img_009168.jpg,1782802653.6991165,30,0.030146838331492922,0,0,0,1
img_009169.jpg,1782802653.7732112,30,0.019869224127184504,0,0,0,1
img_009170.jpg,1782802653.8333948,30,0.013095438502546955,0,0,0,1
img_009171.jpg,1782802653.9070518,30,0.0,0,0,0,1
img_009172.jpg,1782802654.0027962,30,0.0,0,0,0,1
img_009173.jpg,1782802654.0829587,30,0.06,0,0,0,1
img_009174.jpg,1782802654.1489513,30,0.10156800000000002,0,0,0,1
img_009175.jpg,1782802654.2267656,30,0.06694159214837761,0,0,0,1
img_009176.jpg,1782802654.3155012,30,0.044119966518585886,0,0,0,1
img_009177.jpg,1782802654.3966708,30,0.07435568848842461,0,0,0,1
img_009178.jpg,1782802654.4768362,30,0.14200723340935065,0,0,0,1
img_009179.jpg,1782802654.5472736,30,0.09359434370085279,0,0,0,1
img_009180.jpg,1782802654.6347551,30,0.06168630260926239,0,0,0,1
img_009181.jpg,1782802654.7197564,30,0.0406563022842888,0,0,0,1
img_009182.jpg,1782802654.8030007,30,0.09441149425342205,0,0,0,1
img_009183.jpg,1782802654.8940883,30,0.08196358902623203,0,0,0,1
img_009184.jpg,1782802654.971597,30,0.05402068710234782,0,0,0,1
img_009185.jpg,1782802655.054313,30,0.035604036739726,0,0,0,1
img_009186.jpg,1782802655.1337707,30,0.02346596276648738,0,0,0,1
img_009187.jpg,1782802655.218136,30,0.058272663614710535,0,0,0,1
img_009188.jpg,1782802655.2998703,30,0.10010598248349102,0,0,0,1
img_009189.jpg,1782802655.384007,30,0.0659780034166518,0,0,0,1
img_009190.jpg,1782802655.4649873,30,0.14069976314331967,0,0,0,1
img_009191.jpg,1782802655.5596426,30,0.09273261420637836,0,0,0,1
img_009192.jpg,1782802655.6447074,30,0.06111835262145782,0,0,0,1
img_009193.jpg,1782802655.721361,30,0.07873964776609776,0,0,0,1
img_009194.jpg,1782802655.7892659,30,0.051895846985911195,0,0,0,1
img_009195.jpg,1782802655.8750765,30,0.10392464488887525,0,0,0,1
img_009196.jpg,1782802655.9591532,30,0.08877874316889021,0,0,0,1
img_009197.jpg,1782802656.0410006,30,0.058512429275533774,0,0,0,1
img_009198.jpg,1782802656.1203938,30,0.038564461013051075,0,0,0,1
img_009199.jpg,1782802656.2109573,30,0.025417123705868724,0,0,0,1
img_009200.jpg,1782802656.2740362,30,0.03820864848633347,0,0,0,1
img_009201.jpg,1782802656.3631306,30,0.06090013607252605,0,0,0,1
img_009202.jpg,1782802656.4581468,30,0.040138154445767744,0,0,0,1
img_009203.jpg,1782802656.541454,30,0.11052710209010634,0,0,0,1
img_009204.jpg,1782802656.6176357,30,0.07284637080042919,0,0,0,1
img_009205.jpg,1782802656.7185557,30,0.14701866113639486,0,0,0,1
img_009206.jpg,1782802656.8095946,30,0.0968972831205998,0,0,0,1
img_009207.jpg,1782802656.8881245,30,0.08941653147072455,0,0,0,1
img_009208.jpg,1782802656.9550595,30,0.12646615223682126,0,0,0,1
img_009209.jpg,1782802657.0330236,30,0.08335150424948724,0,0,0,1
img_009210.jpg,1782802657.1264567,30,0.130548713196766,0,0,0,1
img_009211.jpg,1782802657.210522,30,0.10785203827122228,0,0,0,1
img_009212.jpg,1782802657.3019505,30,0.07108328566402189,0,0,0,1
img_009213.jpg,1782802657.4001653,30,0.17108328566402187,0,0,0,1
img_009214.jpg,1782802657.478372,30,0.1425628614233742,0,0,0,1
img_009215.jpg,1782802657.5539393,30,0.24256286142337416,0,0,0,1
img_009216.jpg,1782802657.6148906,30,0.18809818548116086,0,0,0,1
img_009217.jpg,1782802657.7057428,30,0.12397203859807965,0,0,0,1
img_009218.jpg,1782802657.7854416,30,0.08170768003343155,0,0,0,1
img_009219.jpg,1782802657.868262,30,0.05385202221357231,0,0,0,1
img_009220.jpg,1782802657.9438822,30,0.03549287282792148,0,0,0,1
img_009221.jpg,1782802658.0534337,30,0.023392696686170385,0,0,0,1
img_009222.jpg,1782802658.144348,30,0.07979957847517462,0,0,0,1
img_009223.jpg,1782802658.2104661,30,0.05259442773213603,0,0,0,1
img_009224.jpg,1782802658.291808,30,0.057678277762531024,0,0,0,1
img_009225.jpg,1782802658.3883708,30,0.09960289429820628,0,0,0,1
img_009226.jpg,1782802658.4741535,30,0.06564642728919041,0,0,0,1
img_009227.jpg,1782802658.5517364,30,0.1656464272891904,0,0,0,1
img_009228.jpg,1782802658.618741,30,0.10917449961039769,0,0,0,1
img_009229.jpg,1782802658.7066205,30,0.12501287275262135,0,0,0,1
img_009230.jpg,1782802658.7873905,30,0.1565948954978187,0,0,0,1
img_009231.jpg,1782802658.8679497,30,0.1032088022500472,0,0,0,1
img_009232.jpg,1782802658.9518504,30,0.0680230145946087,0,0,1,0
img_009233.jpg,1782802659.0387797,30,0.044832712071670534,0,0,1,0
img_009234.jpg,1782802659.1332216,30,0.029548412161383656,0,0,1,0
img_009235.jpg,1782802659.2116613,30,0.12954841216138366,0,0,1,0
img_009236.jpg,1782802659.299725,30,0.1320253139691235,0,0,1,0
img_009237.jpg,1782802659.3798664,30,0.08701544503172819,0,0,1,0
img_009238.jpg,1782802659.4411044,30,0.18701544503172815,0,0,1,0
img_009239.jpg,1782802659.527733,30,0.14830440743199702,0,0,1,0
img_009240.jpg,1782802659.6211798,30,0.09774469474755401,0,0,1,0
img_009241.jpg,1782802659.709765,30,0.06442172229893695,0,0,1,0
img_009242.jpg,1782802659.7739387,30,0.04245916685995078,0,0,1,0
img_009243.jpg,1782802659.861836,30,0.14245916685995078,0,0,1,0
img_009244.jpg,1782802659.955697,30,0.09389220468785933,0,0,1,0
img_009245.jpg,1782802660.0295324,30,0.13947036204780414,0,0,1,0
img_009246.jpg,1782802660.1102226,30,0.20191273308397978,0,0,1,0
img_009247.jpg,1782802660.1911447,30,0.13307695167446446,0,0,1,0
img_009248.jpg,1782802660.2799444,30,0.2330769516744644,0,0,1,0
img_009249.jpg,1782802660.364455,30,0.15361671233241883,0,0,1,0
img_009250.jpg,1782802660.448863,30,0.15961949049270654,0,0,1,0
img_009251.jpg,1782802660.5499024,30,0.15544130181278468,0,0,1,0
img_009252.jpg,1782802660.6322494,30,0.1313570543119142,0,0,1,0
img_009253.jpg,1782802660.7164903,30,0.23135705431191414,0,0,1,0
img_009254.jpg,1782802660.7799275,30,0.15248315975896154,0,0,1,0
img_009255.jpg,1782802660.8721128,30,0.18906174641998502,0,0,1,0
img_009256.jpg,1782802660.9598606,30,0.289061746419985,0,0,1,0
img_009257.jpg,1782802661.0412147,30,0.3890617464199851,0,0,1,0
img_009258.jpg,1782802661.1290805,30,0.4890617464199852,0,0,1,0
img_009259.jpg,1782802661.2221086,30,0.5890617464199852,0,0,1,0
img_009260.jpg,1782802661.2844133,30,0.3882397130893361,0,0,1,0
img_009261.jpg,1782802661.3700578,30,0.29813219724962026,0,0,1,0
img_009262.jpg,1782802661.468406,30,0.22790766645895938,0,0,1,0
img_009263.jpg,1782802661.5450125,30,0.18327144778122664,0,0,1,0
img_009264.jpg,1782802661.6211402,30,0.28327144778122665,0,0,1,0
img_009265.jpg,1782802661.6859117,30,0.18669897728272017,0,0,1,0
img_009266.jpg,1782802661.7814624,30,0.18538025322232682,0,0,1,0
img_009267.jpg,1782802661.863105,30,0.1471329675314923,0,0,1,0
img_009268.jpg,1782802661.9415581,30,0.0969726203535921,0,0,1,0
img_009269.jpg,1782802662.028211,30,0.19697262035359206,0,0,1,0
img_009270.jpg,1782802662.1212108,30,0.12982101465134083,0,0,1,0
img_009271.jpg,1782802662.1995318,30,0.1410900662568233,0,0,1,0
img_009272.jpg,1782802662.2618716,30,0.17020263207977523,0,0,1,0
img_009273.jpg,1782802662.3437712,30,0.11217741000378748,0,0,1,0
img_009274.jpg,1782802662.4409075,30,0.18320321720348445,0,0,1,0
img_009275.jpg,1782802662.5299034,30,0.12074585544961301,0,0,1,0
img_009276.jpg,1782802662.6063156,30,0.13402334868834825,0,0,1,0
img_009277.jpg,1782802662.6805503,30,0.16422136232981796,0,0,1,0
img_009278.jpg,1782802662.7576432,30,0.10823526562631552,0,0,1,0
img_009279.jpg,1782802662.834031,30,0.17957644437621026,0,0,1,0
img_009280.jpg,1782802662.9214094,30,0.11835551649031276,0,0,1,0
img_009281.jpg,1782802663.0250487,30,0.10478905879082398,0,0,1,0
img_009282.jpg,1782802663.1047637,30,0.08939800320277243,0,0,1,0
img_009283.jpg,1782802663.1879349,30,0.05892057212192175,0,0,1,0
img_009284.jpg,1782802663.2550898,30,0.08588074246447501,0,0,1,0
img_009285.jpg,1782802663.341884,30,0.152610283067317,0,0,1,0
img_009286.jpg,1782802663.4229066,30,0.10058261781999048,0,0,1,0
img_009287.jpg,1782802663.499525,30,0.20058261781999046,0,0,1,0
img_009288.jpg,1782802663.5853794,30,0.15802383450461172,0,0,1,0
img_009289.jpg,1782802663.6829312,30,0.10415058954720421,0,0,1,0
img_009290.jpg,1782802663.7702436,30,0.06864372920094935,0,0,1,0
img_009291.jpg,1782802663.8491042,30,0.04524181359989003,0,0,1,0
img_009292.jpg,1782802663.9515598,30,0.029818043419746004,0,0,1,0
img_009293.jpg,1782802664.0370767,30,-0.03476200804952698,0,0,1,0
img_009294.jpg,1782802664.0978246,30,-0.13476200804952698,0,0,1,0
img_009295.jpg,1782802664.1765087,30,-0.11087041304214447,0,0,1,0
img_009296.jpg,1782802664.287445,30,-0.1820007799987729,0,0,1,0
img_009297.jpg,1782802664.3587217,30,-0.11995335130517937,0,0,0,1
img_009298.jpg,1782802664.4410174,30,-0.10593373640343733,0,0,0,1
img_009299.jpg,1782802664.5178814,30,-0.14044631449186934,0,0,0,1
img_009300.jpg,1782802664.6086557,30,-0.0925655708831275,0,0,0,1
img_009301.jpg,1782802664.6946023,30,-0.06100825745352927,0,0,0,1
img_009302.jpg,1782802664.7769709,30,-0.04020941525024983,0,0,0,1
img_009303.jpg,1782802664.8633716,30,-0.026501282650115976,0,0,0,1
img_009304.jpg,1782802664.949488,30,-0.01746650573579217,0,0,0,1
img_009305.jpg,1782802665.0229757,30,-0.011511851205327444,0,0,0,1
img_009306.jpg,1782802665.099332,30,0.0,0,0,0,1
img_009307.jpg,1782802665.1940775,30,0.0,0,0,0,1
img_009308.jpg,1782802665.2763658,30,0.0,0,0,0,1
img_009309.jpg,1782802665.35709,30,0.0,0,0,0,1
img_009310.jpg,1782802665.4418268,30,0.0,0,0,0,1
img_009311.jpg,1782802665.5369718,30,0.0,0,0,0,1
img_009312.jpg,1782802665.6150272,30,0.0,0,0,0,1
img_009313.jpg,1782802665.6779618,30,-0.08,0,0,0,1
img_009314.jpg,1782802665.754978,30,-0.07163929600000002,0,0,0,1
img_009315.jpg,1782802665.848101,30,-0.0472161363286557,0,0,0,1
img_009316.jpg,1782802665.9368014,30,-0.03111928305110926,0,0,0,1
img_009317.jpg,1782802666.026018,30,-0.020510144474217038,0,0,0,1
img_009318.jpg,1782802666.1002908,30,-0.013517857261119032,0,0,0,1
img_009319.jpg,1782802666.1881013,30,0.0,0,0,0,1
img_009320.jpg,1782802666.2680745,30,0.0,0,0,0,1
img_009321.jpg,1782802666.3284178,30,0.0,0,0,0,1
img_009322.jpg,1782802666.41222,30,0.0,0,0,0,1
img_009323.jpg,1782802666.517614,30,0.0,0,0,0,1
img_009324.jpg,1782802666.598043,30,-0.050784,0,0,0,1
img_009325.jpg,1782802666.6840913,30,-0.033470796074188805,0,0,0,1
img_009326.jpg,1782802666.7704036,30,-0.08832968179719342,0,0,0,1
img_009327.jpg,1782802666.8464081,30,-0.058216461222665564,0,0,0,1
img_009328.jpg,1782802666.9414876,30,-0.061705862976030604,0,0,0,1
img_009329.jpg,1782802667.0375922,30,-0.07919713502907932,0,0,0,1
img_009330.jpg,1782802667.1220968,30,-0.07673626998700184,0,0,0,1
img_009331.jpg,1782802667.1941206,30,-0.14419736838804167,0,0,0,1
img_009332.jpg,1782802667.2657564,30,-0.09503782119862204,0,0,0,1
img_009333.jpg,1782802667.3501434,30,-0.08808442604043161,0,0,0,1
img_009334.jpg,1782802667.419294,30,-0.12533865820062132,0,0,0,1
img_009335.jpg,1782802667.5045004,30,-0.08260839376270969,0,0,0,1
img_009336.jpg,1782802667.5870223,30,-0.054445665990232095,0,0,0,1
img_009337.jpg,1782802667.6821856,30,-0.10608281169413246,0,0,0,1
img_009338.jpg,1782802667.7714972,30,-0.0699172211167076,0,0,0,1
img_009339.jpg,1782802667.847457,30,-0.046081148591510857,0,0,0,1
img_009340.jpg,1782802667.9236834,30,-0.11599465670419001,0,0,0,1
img_009341.jpg,1782802668.0189142,30,-0.07644993502365867,0,0,0,1
img_009342.jpg,1782802668.0930007,30,-0.050386739623933995,0,0,0,1
img_009343.jpg,1782802668.1686091,30,-0.03320896910042422,0,0,0,1
img_009344.jpg,1782802668.2603154,30,-0.021887417938609335,0,0,0,1
img_009345.jpg,1782802668.3388367,30,-0.04819098969977984,0,0,0,1
img_009346.jpg,1782802668.4146588,30,-0.031761790895846416,0,0,0,1
img_009347.jpg,1782802668.506832,30,-0.020933609523194355,0,0,0,1
img_009348.jpg,1782802668.5965166,30,-0.013796955250620963,0,0,0,1
img_009349.jpg,1782802668.6811655,30,0.0,0,0,0,1
img_009350.jpg,1782802668.763418,30,-0.031147520000000005,0,0,0,1
img_009351.jpg,1782802668.8383656,30,-0.02052875492550247,0,0,0,1
img_009352.jpg,1782802668.922417,30,-0.055985495115429676,0,0,0,1
img_009353.jpg,1782802668.997835,30,-0.07474275322044373,0,0,0,1
img_009354.jpg,1782802669.0835645,30,-0.04926156764069178,0,0,0,1
img_009355.jpg,1782802669.1573882,30,-0.07835939158299501,0,0,0,1
img_009356.jpg,1782802669.2652984,30,-0.05164522716154563,0,0,0,1
img_009357.jpg,1782802669.336316,30,-0.08021551864796965,0,0,0,1
img_009358.jpg,1782802669.4217224,30,-0.09361038178495021,0,0,0,1
img_009359.jpg,1782802669.528307,30,-0.06169687301415853,0,0,0,1
img_009360.jpg,1782802669.5941336,30,-0.13036112317302587,0,0,0,1
img_009361.jpg,1782802669.6684132,30,-0.08591860762694072,0,0,0,1
img_009362.jpg,1782802669.750714,30,-0.05662736678598723,0,0,0,1
img_009363.jpg,1782802669.8345854,30,-0.12569717744310827,0,0,0,1
img_009364.jpg,1782802669.9151309,30,-0.0828446871711445,0,0,0,1
img_009365.jpg,1782802669.9792898,30,-0.05460140260978544,0,0,0,1
img_009366.jpg,1782802670.0819643,30,-0.035986775600913845,0,0,0,1
img_009367.jpg,1782802670.1664248,30,-0.0237182188781069,0,0,0,1
img_009368.jpg,1782802670.2506697,30,-0.049616612421755316,0,0,0,1
img_009369.jpg,1782802670.317052,30,-0.032701392490954544,0,0,0,1
img_009370.jpg,1782802670.3932116,30,-0.0434270473627167,0,0,0,1
img_009371.jpg,1782802670.4780993,30,-0.06496364065677915,0,0,0,1
img_009372.jpg,1782802670.5711195,30,-0.04281633523668746,0,0,0,1
img_009373.jpg,1782802670.6547732,30,-0.028219455445637812,0,0,0,1
img_009374.jpg,1782802670.7384253,30,-0.0995618990099868,0,0,0,1
img_009375.jpg,1782802670.8144302,30,-0.06561940805218669,0,0,0,1
img_009376.jpg,1782802670.915423,30,-0.09109704561734115,0,0,0,1
img_009377.jpg,1782802671.0008104,30,-0.07958914135706208,0,0,0,1
img_009378.jpg,1782802671.102376,30,-0.052455732515792594,0,0,0,1
img_009379.jpg,1782802671.1771278,30,-0.03457260408708036,0,0,0,1
img_009380.jpg,1782802671.2573125,30,-0.022786164562703472,0,0,0,1
img_009381.jpg,1782802671.3384776,30,-0.015017940047872469,0,0,0,1
img_009382.jpg,1782802671.4355166,30,-0.08741650484404269,0,0,0,1
img_009383.jpg,1782802671.5143502,30,-0.05761460316543184,0,0,0,1
img_009384.jpg,1782802671.5965164,30,-0.10876500011922152,0,0,0,1
img_009385.jpg,1782802671.6913934,30,-0.09224633957980946,0,0,0,1
img_009386.jpg,1782802671.7792244,30,-0.060797857999885276,0,0,0,1
img_009387.jpg,1782802671.8414922,30,-0.12953402935989447,0,0,0,1
img_009388.jpg,1782802671.9205103,30,-0.0853734853767528,0,0,0,1
img_009389.jpg,1782802672.0021641,30,-0.08116096389456866,0,0,0,1
img_009390.jpg,1782802672.0811625,30,-0.14826808678300318,0,0,0,1
img_009391.jpg,1782802672.169376,30,-0.09772075647889154,0,0,0,1
img_009392.jpg,1782802672.2414932,30,-0.06440594502836412,0,0,0,1
img_009393.jpg,1782802672.3270009,30,-0.09015213652224681,0,0,0,1
img_009394.jpg,1782802672.4082975,30,-0.10134790688423533,0,0,0,1
img_009395.jpg,1782802672.5087457,30,-0.0667965328423936,0,0,0,1
img_009396.jpg,1782802672.5761764,30,-0.04402436061024361,0,0,0,1
img_009397.jpg,1782802672.6605067,30,-0.029015642648905448,0,0,0,1
img_009398.jpg,1782802672.7424266,30,-0.08455883993803358,0,0,0,1
img_009399.jpg,1782802672.821007,30,-0.07490521683737411,0,0,0,1
img_009400.jpg,1782802672.9023938,30,-0.04936864440880283,0,0,0,1
img_009401.jpg,1782802672.9917305,30,-0.03253796135527294,0,0,0,1
img_009402.jpg,1782802673.076375,30,-0.02144516913185603,0,0,0,1
img_009403.jpg,1782802673.1551933,30,-0.07335119115320295,0,0,0,1
img_009404.jpg,1782802673.248519,30,-0.04834441479378737,0,0,0,1
img_009405.jpg,1782802673.3403933,30,-0.05463359841358913,0,0,0,1
img_009406.jpg,1782802673.4246209,30,-0.0736900474814809,0,0,0,1
img_009407.jpg,1782802673.4975934,30,-0.048567748738774764,0,0,0,1
img_009408.jpg,1782802673.587946,30,-0.032010105817146556,0,0,0,1
img_009409.jpg,1782802673.670126,30,-0.021097269299758137,0,0,0,1
img_009410.jpg,1782802673.7519658,30,-0.013904820385445193,0,0,0,1
img_009411.jpg,1782802673.8334212,30,-0.050827516776301554,0,0,0,1
img_009412.jpg,1782802673.9224489,30,-0.05074033439282435,0,0,0,1
img_009413.jpg,1782802674.0093093,30,-0.03344201687930003,0,0,0,1
img_009414.jpg,1782802674.0892704,30,-0.05989689723970839,0,0,0,1
img_009415.jpg,1782802674.180969,30,-0.039476938267700885,0,0,0,1
img_009416.jpg,1782802674.2626076,30,-0.07074021810579947,0,0,0,1
img_009417.jpg,1782802674.3255937,30,-0.08623207895636881,0,0,0,1
img_009418.jpg,1782802674.4014277,30,-0.05683396994726623,0,0,0,1
img_009419.jpg,1782802674.486233,30,-0.0607154559590731,0,0,0,1
img_009420.jpg,1782802674.5702932,30,-0.1021735619237595,0,0,0,1
img_009421.jpg,1782802674.6404822,30,-0.06734070682348095,0,0,0,1
img_009422.jpg,1782802674.7320442,30,-0.09243740031496274,0,0,0,1
img_009423.jpg,1782802674.8270795,30,-0.08054936202634111,0,0,0,1
img_009424.jpg,1782802674.9346547,30,-0.053088596217109145,0,0,0,1
img_009425.jpg,1782802674.9975708,30,-0.10013418783816119,0,0,0,1
img_009426.jpg,1782802675.0881324,30,-0.06599659304477021,0,0,0,1
img_009427.jpg,1782802675.1773303,30,-0.043497135069957685,0,0,0,1
img_009428.jpg,1782802675.2531683,30,-0.02866815803674386,0,0,0,1
img_009429.jpg,1782802675.3323762,30,-0.01889465326619547,0,0,0,1
img_009430.jpg,1782802675.42175,30,-0.012453116855019966,0,0,0,1
img_009431.jpg,1782802675.502462,30,0.0,0,0,0,1
img_009432.jpg,1782802675.5752423,30,0.0,0,0,0,1
img_009433.jpg,1782802675.6553953,30,-0.050784,0,0,0,1
img_009434.jpg,1782802675.7481892,30,-0.033470796074188805,0,0,0,1
img_009435.jpg,1782802675.8278053,30,-0.022059983259292943,0,0,0,1
img_009436.jpg,1782802675.9073484,30,-0.014539327368301295,0,0,0,1
img_009437.jpg,1782802675.9699676,30,0.0,0,0,0,1
img_009438.jpg,1782802676.0646434,30,-0.033856000000000004,0,0,0,1
img_009439.jpg,1782802676.1687438,30,-0.022313864049459207,0,0,0,1
img_009440.jpg,1782802676.233514,30,-0.014706655506195295,0,0,0,1
img_009441.jpg,1782802676.3219783,30,0.0,0,0,0,1
img_009442.jpg,1782802676.4016593,30,0.0,0,0,0,1
img_009443.jpg,1782802676.486368,30,0.0,0,0,0,1
img_009444.jpg,1782802676.5715904,30,0.0,0,0,0,1
img_009445.jpg,1782802676.6633627,30,-0.02,0,0,0,1
img_009446.jpg,1782802676.748073,30,-0.046721280000000004,0,0,0,1
img_009447.jpg,1782802676.8113832,30,-0.0307931323882537,0,0,0,1
img_009448.jpg,1782802676.8986971,30,-0.02029518459854951,0,0,0,1
img_009449.jpg,1782802677.0085135,30,-0.013376181178837192,0,0,0,1
img_009450.jpg,1782802677.0717628,30,0.0,0,0,0,1
img_009451.jpg,1782802677.1531944,30,0.0,0,0,0,1
img_009452.jpg,1782802677.2448883,30,0.0,0,0,0,1
img_009453.jpg,1782802677.3252618,30,0.0,0,0,0,1
img_009454.jpg,1782802677.4113925,30,0.0,0,0,0,1
img_009455.jpg,1782802677.4935815,30,0.0,0,0,0,1
img_009456.jpg,1782802677.5792525,30,0.0,0,0,0,1
img_009457.jpg,1782802677.674734,30,0.0,0,0,0,1
img_009458.jpg,1782802677.7572024,30,0.0,0,0,0,1
img_009459.jpg,1782802677.847297,30,0.0,0,0,0,1
img_009460.jpg,1782802677.9365609,30,0.0,0,0,0,1
img_009461.jpg,1782802677.9915917,30,0.0,0,0,0,1
img_009462.jpg,1782802678.0686429,30,0.0,0,0,0,1
img_009463.jpg,1782802678.1503239,30,0.0,0,0,0,1
img_009464.jpg,1782802678.2467072,30,0.0,0,0,0,1
img_009465.jpg,1782802678.324956,30,0.0,0,0,0,1
img_009466.jpg,1782802678.4075625,30,0.0,1,0,0,0
img_009467.jpg,1782802678.5010166,30,0.0,1,0,0,0
img_009468.jpg,1782802678.5604734,30,0.0,1,0,0,0
img_009469.jpg,1782802678.6412475,30,0.0,1,0,0,0
img_009470.jpg,1782802678.7277474,30,0.0,1,0,0,0
img_009471.jpg,1782802678.8346794,30,0.0,1,0,0,0
img_009472.jpg,1782802678.897486,30,0.0,1,0,0,0
img_009473.jpg,1782802678.9817097,30,-0.06,1,0,0,0
img_009474.jpg,1782802679.0646589,30,-0.05731143680000001,1,0,0,0
img_009475.jpg,1782802679.1513877,30,-0.03777290906292455,1,0,0,0
img_009476.jpg,1782802679.236544,30,-0.0662133110123906,1,0,0,0
img_009477.jpg,1782802679.3167396,30,-0.043639969878161745,1,0,0,0
img_009478.jpg,1782802679.405515,30,-0.028762297819700966,1,0,0,0
img_009479.jpg,1782802679.4966705,30,-0.01895669905774056,1,0,0,0
img_009480.jpg,1782802679.566571,30,-0.012494010089819653,1,0,0,0
img_009481.jpg,1782802679.6525002,30,-0.07057493014002336,1,0,0,0
img_009482.jpg,1782802679.735273,30,-0.08610337120087454,1,0,0,0
img_009483.jpg,1782802679.7984679,30,-0.05674914104372742,1,0,0,0
img_009484.jpg,1782802679.888861,30,-0.1080324729794109,1,0,0,0
img_009485.jpg,1782802680.0046866,30,-0.11527111031939151,1,0,0,0
img_009486.jpg,1782802680.103492,30,-0.10257941192419545,1,0,0,0
img_009487.jpg,1782802680.1883054,30,-0.0878150277434337,1,0,0,0
img_009488.jpg,1782802680.2732825,30,-0.05787726224499255,1,0,0,0
img_009489.jpg,1782802680.3683746,30,-0.12684708126539315,1,0,0,0
img_009490.jpg,1782802680.4267852,30,-0.08360256753386952,1,0,0,0
img_009491.jpg,1782802680.5053353,30,-0.0551009075536536,1,0,0,0
img_009492.jpg,1782802680.5882344,30,-0.07970641550113942,1,0,0,0
img_009493.jpg,1782802680.686642,30,-0.05253302573730307,1,0,0,0
img_009494.jpg,1782802680.770294,30,-0.10446395298405334,1,0,0,0
img_009495.jpg,1782802680.8482633,30,-0.13920228980570276,1,0,0,0
img_009496.jpg,1782802680.9264805,30,-0.09174565719807042,1,0,0,0
img_009497.jpg,1782802681.012617,30,-0.1644060046222248,1,0,0,0
img_009498.jpg,1782802681.0799546,30,-0.10835695994964217,1,0,0,0
img_009499.jpg,1782802681.1636715,30,-0.09762616327492563,1,0,0,0
img_009500.jpg,1782802681.2418437,30,-0.16341607021293156,1,0,0,0
img_009501.jpg,1782802681.3366423,30,-0.10770451247129707,1,0,0,0
img_009502.jpg,1782802681.427006,30,-0.15116109935570585,1,0,0,0
img_009503.jpg,1782802681.5057132,30,-0.1488548541350959,1,0,0,0
img_009504.jpg,1782802681.5980031,30,-0.12663856956420957,1,0,0,0
img_009505.jpg,1782802681.6790662,30,-0.22663856956420952,1,0,0,0
img_009506.jpg,1782802681.7633245,30,-0.1493732936442484,1,0,0,0
img_009507.jpg,1782802681.8456326,30,-0.1563151912812525,1,0,0,0
img_009508.jpg,1782802681.9435515,30,-0.15286828366841596,1,0,0,0
img_009509.jpg,1782802682.0266721,30,-0.10075266124914928,1,0,0,0
img_009510.jpg,1782802682.0882,30,-0.06640421744254293,1,0,0,0
img_009511.jpg,1782802682.1853743,30,-0.04376579277893522,1,0,0,0
img_009512.jpg,1782802682.2693834,30,-0.028845225368796197,1,0,0,0
img_009513.jpg,1782802682.3495336,30,-0.1288452253687962,1,0,0,0
img_009514.jpg,1782802682.4360557,30,-0.0849195073931135,1,0,0,0
img_009515.jpg,1782802682.5264163,30,-0.1318758710575313,1,0,0,0
img_009516.jpg,1782802682.6022599,30,-0.13383767828204693,1,0,0,0
img_009517.jpg,1782802682.6646616,30,-0.08820994086368307,1,0,0,0
img_009518.jpg,1782802682.7518845,30,-0.16115314559458843,1,0,0,0
img_009519.jpg,1782802682.8435497,30,-0.10621306066695273,1,0,0,0
img_009520.jpg,1782802682.9201393,30,-0.09609028892185786,1,0,0,0
img_009521.jpg,1782802683.0022223,30,-0.16200306580810922,1,0,0,0
img_009522.jpg,1782802683.0674322,30,-0.10677322737587847,1,0,0,0
img_009523.jpg,1782802683.1673017,30,-0.15037285965094352,1,0,0,0
img_009524.jpg,1782802683.250566,30,-0.09910797338668369,1,0,0,0
img_009525.jpg,1782802683.3332694,30,-0.06532023406096056,1,0,0,0
img_009526.jpg,1782802683.39891,30,-0.10607104610919704,1,0,0,0
img_009527.jpg,1782802683.4807808,30,-0.06990946663706704,1,0,0,0
img_009528.jpg,1782802683.562163,30,-0.11917137256161356,1,0,0,0
img_009529.jpg,1782802683.639475,30,-0.12394483775725773,1,0,0,0
img_009530.jpg,1782802683.713424,30,-0.08168975246183033,1,0,0,0
img_009531.jpg,1782802683.801082,30,-0.1551545722648839,1,0,0,0
img_009532.jpg,1782802683.8817546,30,-0.1254795024823741,1,0,0,0
img_009533.jpg,1782802683.9649951,30,-0.08270122162646132,1,0,0,0
img_009534.jpg,1782802684.0582452,30,-0.09554596886586593,1,0,0,0
img_009535.jpg,1782802684.1403525,30,-0.06297258269573472,1,0,0,0
img_009536.jpg,1782802684.222017,30,-0.13793477608007595,1,0,0,0
img_009537.jpg,1782802684.3000007,30,-0.11314336172294283,1,0,0,0
img_009538.jpg,1782802684.388583,30,-0.10105510780904972,1,0,0,0
img_009539.jpg,1782802684.4675102,30,-0.16657069918432574,1,0,0,0
img_009540.jpg,1782802684.5549204,30,-0.10978367013889444,1,0,0,0
img_009541.jpg,1782802684.6282246,30,-0.18100097652778288,1,0,0,0
img_009542.jpg,1782802684.7215543,30,-0.1720908084104662,1,0,0,0
img_009543.jpg,1782802684.8026328,30,-0.11342187213588946,1,0,0,0
img_009544.jpg,1782802684.8837633,30,-0.07475426025151768,1,0,0,0
img_009545.jpg,1782802684.9605289,30,-0.0492691517122595,1,0,0,0
img_009546.jpg,1782802685.0482814,30,-0.03247238755728789,1,0,0,0
img_009547.jpg,1782802685.120489,30,-0.02140195065319803,1,0,0,0
img_009548.jpg,1782802685.2094774,30,-0.014105630235960993,1,0,0,0
img_009549.jpg,1782802685.3001814,30,0.0,1,0,0,0
img_009550.jpg,1782802685.3784256,30,0.0,1,0,0,0
img_009551.jpg,1782802685.4556751,30,0.0,1,0,0,0
img_009552.jpg,1782802685.5374975,30,0.0,1,0,0,0
img_009553.jpg,1782802685.6296034,30,0.0,0,0,0,1
img_009554.jpg,1782802685.7143843,30,0.0,0,0,0,1
img_009555.jpg,1782802685.7989995,30,0.0,0,0,0,1
img_009556.jpg,1782802685.893648,30,0.0,0,0,0,1
img_009557.jpg,1782802685.9748087,30,0.0,0,0,0,1
img_009558.jpg,1782802686.0537052,30,0.0,0,0,0,1
img_009559.jpg,1782802686.1351633,30,0.0,0,0,0,1
img_009560.jpg,1782802686.2167122,30,0.0,0,0,0,1
img_009561.jpg,1782802686.3077579,30,0.0,0,0,0,1
img_009562.jpg,1782802686.3925037,30,0.06,0,0,0,1
img_009563.jpg,1782802686.4750137,30,0.16,0,0,0,1
img_009564.jpg,1782802686.570886,30,0.22079999999999997,0,0,0,1
img_009565.jpg,1782802686.6457777,30,0.14552520032256,0,0,0,1
img_009566.jpg,1782802686.7285302,30,0.09591297069257798,0,0,0,1
img_009567.jpg,1782802686.81098,30,-0.004087029307422031,0,0,0,1
img_009568.jpg,1782802686.906038,30,-0.10408702930742204,0,0,0,1
img_009569.jpg,1782802686.9818614,30,-0.16936006696282827,0,0,0,1
img_009570.jpg,1782802687.0646272,30,-0.11162209090311488,0,0,0,1
img_009571.jpg,1782802687.1524673,30,-0.07356805769519384,0,0,0,1
img_009572.jpg,1782802687.2406127,30,-0.048487347524613846,0,0,0,1
img_009573.jpg,1782802687.3034613,30,-0.03195711486245025,0,0,0,1
img_009574.jpg,1782802687.3848388,30,-0.13195711486245026,0,0,0,1
img_009575.jpg,1782802687.458175,30,-0.23195711486245021,0,0,0,1
img_009576.jpg,1782802687.5475636,30,-0.3319571148624503,0,0,0,1
img_009577.jpg,1782802687.6335742,30,-0.43195711486245036,0,0,0,1
img_009578.jpg,1782802687.7052484,30,-0.2846949532206212,0,0,0,1
img_009579.jpg,1782802687.8038006,30,-0.1876371834159998,0,0,0,1
img_009580.jpg,1782802687.8873615,30,-0.12366820065477496,0,0,0,1
img_009581.jpg,1782802687.9854856,30,-0.08150742605895234,0,0,0,1
img_009582.jpg,1782802688.06354,30,-0.053720038519045686,0,0,0,1
img_009583.jpg,1782802688.1576073,30,-0.03540588481349531,0,0,0,1
img_009584.jpg,1782802688.233575,30,0.04742658597158431,0,0,0,1
img_009585.jpg,1782802688.3254917,30,0.1474265859715843,0,0,0,1
img_009586.jpg,1782802688.3937235,30,0.24742658597158426,0,0,0,1
img_009587.jpg,1782802688.4880273,30,0.3474265859715843,0,0,0,1
img_009588.jpg,1782802688.5693045,30,0.4474265859715844,0,0,0,1
img_009589.jpg,1782802688.6495042,30,0.42948586236634906,0,0,0,1
img_009590.jpg,1782802688.7235067,30,0.283066196361279,0,0,0,1
img_009591.jpg,1782802688.8034527,30,0.18656369986422208,0,0,0,1
img_009592.jpg,1782802688.876935,30,0.12296068748033913,0,0,0,1
img_009593.jpg,1782802688.9365544,30,0.0810411171982611,0,0,0,1
img_009594.jpg,1782802689.0283926,30,0.008593201596608195,0,0,0,1
img_009595.jpg,1782802689.1122477,30,-0.09140679840339182,0,0,0,1
img_009596.jpg,1782802689.200854,30,-0.060244531922542824,0,0,0,1
img_009597.jpg,1782802689.2807987,30,-0.08691169407370103,0,0,0,1
img_009598.jpg,1782802689.3710992,30,-0.09882461323486212,0,0,0,1
img_009599.jpg,1782802689.4284344,30,-0.06513347662048381,0,0,0,1
img_009600.jpg,1782802689.5035353,30,-0.1399227984908451,0,0,0,1
img_009601.jpg,1782802689.5694916,30,-0.11456756698234007,0,0,0,1
img_009602.jpg,1782802689.659643,30,-0.07550936655603874,0,0,0,1
img_009603.jpg,1782802689.7425737,30,-0.12391112785303121,0,0,0,1
img_009604.jpg,1782802689.8306477,30,-0.12763562832562117,0,0,0,1
img_009605.jpg,1782802689.910002,30,-0.08412228433143949,0,0,0,1
img_009606.jpg,1782802689.9938262,30,-0.12640110145813038,0,0,0,1
img_009607.jpg,1782802690.073823,30,-0.08330863048318231,0,0,0,1
img_009608.jpg,1782802690.1640637,30,-0.0796817163853932,0,0,0,1
img_009609.jpg,1782802690.233582,30,-0.11822660474859681,0,0,0,1
img_009610.jpg,1782802690.3236635,30,-0.07792097074046955,0,0,0,1
img_009611.jpg,1782802690.3991606,30,-0.151687293081232,0,0,0,1
img_009612.jpg,1782802690.481754,30,-0.1492645948748384,0,0,0,1
img_009613.jpg,1782802690.5874689,30,-0.09837753654993943,0,0,0,1
img_009614.jpg,1782802690.676546,30,-0.06483881663799776,0,0,0,1
img_009615.jpg,1782802690.758141,30,-0.11007957440240132,0,0,0,1
img_009616.jpg,1782802690.839709,30,-0.07255141357034241,0,0,0,1
img_009617.jpg,1782802690.9393115,30,-0.04781729616625443,0,0,0,1
img_009618.jpg,1782802691.022496,30,-0.0315154963925605,0,0,0,1
img_009619.jpg,1782802691.1067731,30,-0.05568825885493016,0,0,0,1
img_009620.jpg,1782802691.1769543,30,-0.03670310247046327,0,0,0,1
img_009621.jpg,1782802691.277236,30,-0.09106550593100012,0,0,0,1
img_009622.jpg,1782802691.3586755,30,-0.06001959235998219,0,0,0,1
img_009623.jpg,1782802691.4419644,30,-0.03955780435446016,0,0,0,1
img_009624.jpg,1782802691.51177,30,-0.026071817948385197,0,0,0,1
img_009625.jpg,1782802691.6108625,30,-0.07285118671151324,0,0,0,1
img_009626.jpg,1782802691.6939454,30,-0.04801487110475175,0,0,0,1
img_009627.jpg,1782802691.7786427,30,-0.1006397869030619,0,0,0,1
img_009628.jpg,1782802691.8740978,30,-0.06632982404659346,0,0,0,1
img_009629.jpg,1782802691.9379747,30,-0.043716761466216815,0,0,0,1
img_009630.jpg,1782802692.0212293,30,-0.06789771755260546,0,0,0,1
img_009631.jpg,1782802692.1042764,30,-0.04475013110637459,0,0,0,1
img_009632.jpg,1782802692.1995788,30,-0.052058678883683776,0,0,0,1
img_009633.jpg,1782802692.2745035,30,-0.034310913374437986,0,0,0,1
img_009634.jpg,1782802692.3609884,30,-0.022613689049207845,0,0,0,1
img_009635.jpg,1782802692.4420748,30,-0.05760900829834957,0,0,0,1
img_009636.jpg,1782802692.533937,30,-0.05559854717751922,0,0,0,1
img_009637.jpg,1782802692.597482,30,-0.03664397516146643,0,0,0,1
img_009638.jpg,1782802692.6847281,30,-0.11371245714854913,0,0,0,1
img_009639.jpg,1782802692.772446,30,-0.07494577946428051,0,0,0,1
img_009640.jpg,1782802692.8684392,30,-0.04939537848672929,0,0,0,1
img_009641.jpg,1782802692.9365664,30,-0.09259224835116768,0,0,0,1
img_009642.jpg,1782802693.0227826,30,-0.061025840079800296,0,0,0,1
img_009643.jpg,1782802693.1236362,30,-0.06211848221125478,0,0,0,1
img_009644.jpg,1782802693.2035506,30,-0.040941143874665915,0,0,0,1
img_009645.jpg,1782802693.2764642,30,-0.02698355146646517,0,0,0,1
img_009646.jpg,1782802693.3618546,30,-0.07803887796121613,0,0,0,1
img_009647.jpg,1782802693.4537544,30,-0.05143398255549724,0,0,0,1
img_009648.jpg,1782802693.5236964,30,-0.056846943007521036,0,0,0,1
img_009649.jpg,1782802693.613818,30,-0.07541355235664056,0,0,0,1
img_009650.jpg,1782802693.7189264,30,-0.04970367895713762,0,0,0,1
img_009651.jpg,1782802693.7834513,30,-0.0928531938693213,0,0,0,1
img_009652.jpg,1782802693.8704658,30,-0.061197824449377186,0,0,0,1
img_009653.jpg,1782802693.9598646,30,-0.04033435535462173,0,0,0,1
img_009654.jpg,1782802694.0472968,30,-0.09413899837215184,0,0,0,1
img_009655.jpg,1782802694.1235328,30,-0.08176837489526105,0,0,0,1
img_009656.jpg,1782802694.2178528,30,-0.0538920250755573,0,0,0,1
img_009657.jpg,1782802694.301764,30,-0.12318066306951272,0,0,0,1
img_009658.jpg,1782802694.3836613,30,-0.08118609904464047,0,0,0,1
img_009659.jpg,1782802694.4738657,30,-0.05350825782100772,0,0,0,1
img_009660.jpg,1782802694.5437243,30,-0.09607338941970095,0,0,0,1
img_009661.jpg,1782802694.6336498,30,-0.06332019583772328,0,0,0,1
img_009662.jpg,1782802694.725525,30,-0.11359421375704899,0,0,0,1
img_009663.jpg,1782802694.7938418,30,-0.07486784742970228,0,0,0,1
img_009664.jpg,1782802694.8843458,30,-0.04934401492267338,0,0,0,1
img_009665.jpg,1782802694.9838777,30,-0.06957111229210669,0,0,0,1
img_009666.jpg,1782802695.057858,30,-0.04585303466019993,0,0,0,1
img_009667.jpg,1782802695.1437335,30,-0.051248791225203226,0,0,0,1
img_009668.jpg,1782802695.246484,30,-0.03377713138286574,0,0,0,1
img_009669.jpg,1782802695.3136709,30,-0.02226188320114568,0,0,0,1
img_009670.jpg,1782802695.407327,30,-0.04848258130613374,0,0,0,1
img_009671.jpg,1782802695.495878,30,-0.031953973535914476,0,0,0,1
img_009672.jpg,1782802695.5938826,30,-0.08704584320079803,0,0,0,1
img_009673.jpg,1782802695.6677606,30,-0.05737030692501035,0,0,0,1
img_009674.jpg,1782802695.7537498,30,-0.061099683994116666,0,0,0,1
img_009675.jpg,1782802695.8573766,30,-0.12981170927458735,0,0,0,1
img_009676.jpg,1782802695.9238005,30,-0.08555649907789062,0,0,0,1
img_009677.jpg,1782802696.0139728,30,-0.15871197915165935,0,0,0,1
img_009678.jpg,1782802696.1024702,30,-0.12802800373191556,0,0,0,1
img_009679.jpg,1782802696.1839457,30,-0.1683629023586933,0,0,0,1
img_009680.jpg,1782802696.263677,30,-0.1349418571749353,0,0,0,1
img_009681.jpg,1782802696.3467393,30,-0.08893768477029322,0,0,0,1
img_009682.jpg,1782802696.4146228,30,-0.05861718474828632,0,0,0,1
img_009683.jpg,1782802696.5148673,30,-0.038633503409596356,0,0,0,1
img_009684.jpg,1782802696.595999,30,-0.025462628273749167,0,0,0,1
img_009685.jpg,1782802696.6770985,30,-0.01678194782733799,0,0,0,1
img_009686.jpg,1782802696.7736616,30,-0.03202246927859223,0,0,0,1
img_009687.jpg,1782802696.8414145,30,-0.03726853075299976,0,0,0,1
img_009688.jpg,1782802696.9200473,30,-0.024563000016113133,0,0,0,1
img_009689.jpg,1782802697.0065966,30,-0.016189019464981472,0,0,0,1
img_009690.jpg,1782802697.1053915,30,-0.0494061951891475,0,0,0,1
img_009691.jpg,1782802697.1839468,30,-0.032562710380779854,0,0,0,1
img_009692.jpg,1782802697.2462082,30,-0.02146148075728484,0,0,0,1
img_009693.jpg,1782802697.32817,30,-0.07336499731296589,0,0,0,1
img_009694.jpg,1782802697.4196186,30,-0.04835351417859348,0,0,0,1
img_009695.jpg,1782802697.5022922,30,-0.03186890777690019,0,0,0,1
img_009696.jpg,1782802697.5636876,30,-0.02100420828031971,0,0,0,1
img_009697.jpg,1782802697.650753,30,-0.013843485587003167,0,0,0,1
img_009698.jpg,1782802697.7677057,30,-0.02,0,0,0,1
img_009699.jpg,1782802697.834848,30,-0.046721280000000004,0,0,0,1
img_009700.jpg,1782802697.9193587,30,-0.0307931323882537,0,0,0,1
img_009701.jpg,1782802698.0039155,30,-0.02029518459854951,0,0,0,1
img_009702.jpg,1782802698.104555,30,-0.07237784424421231,0,0,0,1
img_009703.jpg,1782802698.1671293,30,-0.04770289983040782,0,0,0,1
img_009704.jpg,1782802698.2476387,30,-0.03144009988128221,0,0,0,1
img_009705.jpg,1782802698.3357577,30,-0.06128202849635589,0,0,0,1
img_009706.jpg,1782802698.4252498,30,-0.040389852686164046,0,0,0,1
img_009707.jpg,1782802698.4904847,30,-0.02662020563022062,0,0,0,1
img_009708.jpg,1782802698.5790153,30,-0.017544885674663026,0,0,0,1
img_009709.jpg,1782802698.6708083,30,-0.011563509974826771,0,0,0,1
img_009710.jpg,1782802698.7537844,30,0.0,0,0,0,1
img_009711.jpg,1782802698.8205345,30,0.0,0,0,0,1
img_009712.jpg,1782802698.911734,30,0.0,0,0,0,1
img_009713.jpg,1782802699.0070255,30,-0.02,0,0,0,1
img_009714.jpg,1782802699.0908227,30,-0.046721280000000004,0,0,0,1
img_009715.jpg,1782802699.1696074,30,-0.0307931323882537,0,0,0,1
img_009716.jpg,1782802699.2364707,30,-0.02029518459854951,0,0,0,1
img_009717.jpg,1782802699.3335736,30,-0.013376181178837192,0,0,0,1
img_009718.jpg,1782802699.4156747,30,0.0,0,0,0,1
img_009719.jpg,1782802699.4967415,30,0.0,0,0,0,1
img_009720.jpg,1782802699.591278,30,0.0,0,0,0,1
img_009721.jpg,1782802699.6782014,30,0.0,0,0,0,1
img_009722.jpg,1782802699.7457714,30,0.0,0,0,0,1
img_009723.jpg,1782802699.8265367,30,0.0,0,0,0,1
img_009724.jpg,1782802699.9207878,30,0.0,0,0,0,1
img_009725.jpg,1782802700.0076616,30,0.0,0,0,0,1
img_009726.jpg,1782802700.072408,30,0.0,0,0,0,1
img_009727.jpg,1782802700.1581132,30,0.0,0,0,0,1
img_009728.jpg,1782802700.254671,30,0.0,0,0,0,1
img_009729.jpg,1782802700.3367217,30,0.0,0,0,0,1
img_009730.jpg,1782802700.4240003,30,0.0,0,0,0,1
img_009731.jpg,1782802700.4957085,30,0.0,0,0,0,1
img_009732.jpg,1782802700.5957434,30,0.0,0,0,1,0
img_009733.jpg,1782802700.6812468,30,0.0,0,0,1,0
img_009734.jpg,1782802700.7668226,30,0.0,0,0,1,0
img_009735.jpg,1782802700.8587017,30,0.0,0,0,1,0
img_009736.jpg,1782802700.9423091,30,0.0,0,0,1,0
img_009737.jpg,1782802701.0097697,30,0.0,0,0,1,0
img_009738.jpg,1782802701.088368,30,0.0,0,0,1,0
img_009739.jpg,1782802701.1846004,30,0.0,0,0,1,0
img_009740.jpg,1782802701.2715147,30,0.0,0,0,1,0
img_009741.jpg,1782802701.3549652,30,0.0,0,0,1,0
img_009742.jpg,1782802701.4380057,30,0.0,0,0,1,0
img_009743.jpg,1782802701.530593,30,0.0,0,0,1,0
img_009744.jpg,1782802701.5930195,30,0.0,0,0,1,0
img_009745.jpg,1782802701.6731374,30,0.0,0,0,1,0
img_009746.jpg,1782802701.761981,30,0.0368,0,0,1,0
img_009747.jpg,1782802701.851638,30,0.024254200053760007,0,0,1,0
img_009748.jpg,1782802701.9159656,30,0.015985495115429668,0,0,1,0
img_009749.jpg,1782802701.9991846,30,0.010535744469783549,0,0,1,0
img_009750.jpg,1782802702.0901084,30,0.0,0,0,1,0
img_009751.jpg,1782802702.1949294,30,0.0,0,0,1,0
img_009752.jpg,1782802702.2803192,30,0.1,0,0,1,0
img_009753.jpg,1782802702.3422244,30,0.10901632000000003,0,0,1,0
img_009754.jpg,1782802702.441949,30,0.07185064223925866,0,0,1,0
img_009755.jpg,1782802702.5305452,30,0.14610259086011795,0,0,1,0
img_009756.jpg,1782802702.6083336,30,0.11899472672994887,0,0,1,0
img_009757.jpg,1782802702.6873538,30,0.07842722574594248,0,0,1,0
img_009758.jpg,1782802702.7807107,30,0.15215304768626708,0,0,1,0
img_009759.jpg,1782802702.8714657,30,0.25215304768626706,0,0,1,0
img_009760.jpg,1782802702.935917,30,0.35215304768626715,0,0,1,0
img_009761.jpg,1782802703.0207632,30,0.45215304768626724,0,0,1,0
img_009762.jpg,1782802703.113025,30,0.5521530476862673,0,0,1,0
img_009763.jpg,1782802703.1945083,30,0.4611024723967242,0,0,1,0
img_009764.jpg,1782802703.295899,30,0.3990549620256605,0,0,1,0
img_009765.jpg,1782802703.3966167,30,0.3885441198585191,0,0,1,0
img_009766.jpg,1782802703.4838662,30,0.2560822503467562,0,0,1,0
img_009767.jpg,1782802703.5524666,30,0.3560822503467563,0,0,1,0
img_009768.jpg,1782802703.646393,30,0.45608225034675637,0,0,1,0
img_009769.jpg,1782802703.7440987,30,0.4368120166934946,0,0,1,0
img_009770.jpg,1782802703.8074098,30,0.2878947293144124,0,0,1,0
img_009771.jpg,1782802703.89304,30,0.3448631509692595,0,0,1,0
img_009772.jpg,1782802703.9818103,30,0.29968831730195084,0,0,1,0
img_009773.jpg,1782802704.0688412,30,0.1975190326526147,0,0,1,0
img_009774.jpg,1782802704.1365185,30,0.18766170049819925,0,0,1,0
img_009775.jpg,1782802704.2217984,30,0.12368435941065539,0,0,1,0
img_009776.jpg,1782802704.3157854,30,0.13631152646076444,0,0,1,0
img_009777.jpg,1782802704.3979394,30,0.13729166991667974,0,0,1,0
img_009778.jpg,1782802704.4628,30,0.09048640293135693,0,0,1,0
img_009779.jpg,1782802704.5378304,30,0.16324749069684838,0,0,1,0
img_009780.jpg,1782802704.6322358,30,0.1312772122728877,0,0,1,0
img_009781.jpg,1782802704.7129471,30,0.08652238502626458,0,0,1,0
img_009782.jpg,1782802704.7963934,30,0.057025305314007346,0,0,1,0
img_009783.jpg,1782802704.8742607,30,0.03758432508730103,0,0,1,0
img_009784.jpg,1782802704.9650335,30,0.13758432508730103,0,0,1,0
img_009785.jpg,1782802705.0448294,30,0.11289230109889385,0,0,1,0
img_009786.jpg,1782802705.107751,30,0.07440522976581201,0,0,1,0
img_009787.jpg,1782802705.2009385,30,0.09793845955588064,0,0,1,0
img_009788.jpg,1782802705.2828033,30,0.13367911216809736,0,0,1,0
img_009789.jpg,1782802705.3599095,30,0.08810543286777328,0,0,1,0
img_009790.jpg,1782802705.443655,30,0.058068662896687384,0,0,1,0
img_009791.jpg,1782802705.5324578,30,0.038271982792136054,0,0,1,0
img_009792.jpg,1782802705.6110744,30,0.025224356714525227,0,0,1,0
img_009793.jpg,1782802705.6912653,30,-0.020358096118679777,0,0,1,0
img_009794.jpg,1782802705.782527,30,-0.12035809611867979,0,0,1,0
img_009795.jpg,1782802705.8724947,30,-0.0793257973193515,0,0,1,0
img_009796.jpg,1782802705.9553926,30,-0.052282167326292664,0,0,1,0
img_009797.jpg,1782802706.03244,30,-0.03445821047761025,0,0,1,0
img_009798.jpg,1782802706.1110594,30,-0.04468561940035823,0,0,1,0
img_009799.jpg,1782802706.203868,30,-0.08860590826046323,0,0,1,0
img_009800.jpg,1782802706.2761874,30,-0.05839851698082558,0,0,1,0
img_009801.jpg,1782802706.362121,30,-0.0384893835243436,0,0,1,0
img_009802.jpg,1782802706.4696598,30,-0.025367641520253368,0,0,1,0
img_009803.jpg,1782802706.5519402,30,-0.01671934381316016,0,0,1,0
img_009804.jpg,1782802706.6137993,30,-0.028905620203567496,0,0,1,0
img_009805.jpg,1782802706.6927936,30,-0.019051160192807965,0,0,1,0
img_009806.jpg,1782802706.7837934,30,-0.012556267678603083,0,0,1,0
img_009807.jpg,1782802706.8623254,30,0.0,0,0,0,1
img_009808.jpg,1782802706.9479356,30,0.0,0,0,0,1
img_009809.jpg,1782802707.0229094,30,0.0,0,0,0,1
img_009810.jpg,1782802707.115229,30,-0.06,0,0,0,1
img_009811.jpg,1782802707.1961043,30,-0.12880000000000003,0,0,0,1
img_009812.jpg,1782802707.2855124,30,-0.08488970018816004,0,0,0,1
img_009813.jpg,1782802707.3711565,30,-0.05594923290400385,0,0,0,1
img_009814.jpg,1782802707.453156,30,-0.03687510564424243,0,0,0,1
img_009815.jpg,1782802707.512585,30,-0.024303700796168223,0,0,0,1
img_009816.jpg,1782802707.5917575,30,-0.016018120140135608,0,0,0,1
img_009817.jpg,1782802707.676126,30,-0.11601812014013563,0,0,0,1
img_009818.jpg,1782802707.7652946,30,-0.09744242370082738,0,0,0,1
img_009819.jpg,1782802707.8452256,30,-0.06422250103704111,0,0,0,1
img_009820.jpg,1782802707.9239516,30,-0.04232786380720664,0,0,0,1
img_009821.jpg,1782802708.0192456,30,-0.14232786380720666,0,0,0,1
img_009822.jpg,1782802708.0982788,30,-0.09380566527185594,0,0,0,1
img_009823.jpg,1782802708.1909003,30,-0.06182558075216417,0,0,0,1
img_009824.jpg,1782802708.2618408,30,-0.04074809793486098,0,0,0,1
img_009825.jpg,1782802708.351139,30,-0.02685631845441095,0,0,0,1
img_009826.jpg,1782802708.4322176,30,-0.01770050327447744,0,0,0,1
img_009827.jpg,1782802708.526774,30,-0.011666074659549181,0,0,0,1
img_009828.jpg,1782802708.615147,30,0.0,0,0,0,1
img_009829.jpg,1782802708.6950612,30,0.0,0,0,0,1
img_009830.jpg,1782802708.7752004,30,0.0,0,0,0,1
img_009831.jpg,1782802708.8390772,30,0.0,0,0,0,1
img_009832.jpg,1782802708.9269094,30,0.0,0,0,0,1
img_009833.jpg,1782802709.0077999,30,0.0,0,0,0,1
img_009834.jpg,1782802709.1006823,30,0.0,0,0,0,1
img_009835.jpg,1782802709.177061,30,0.0,0,0,0,1
img_009836.jpg,1782802709.2653892,30,0.06,0,0,0,1
img_009837.jpg,1782802709.3552575,30,0.10156800000000002,0,0,0,1
img_009838.jpg,1782802709.4378421,30,0.06694159214837761,0,0,0,1
img_009839.jpg,1782802709.5196316,30,0.044119966518585886,0,0,0,1
img_009840.jpg,1782802709.601871,30,0.02907865473660259,0,0,0,1
img_009841.jpg,1782802709.6887841,30,0.019165204056406936,0,0,0,1
img_009842.jpg,1782802709.769001,30,0.012631431881935504,0,0,0,1
img_009843.jpg,1782802709.8519037,30,0.04,0,0,0,1
img_009844.jpg,1782802709.912912,30,0.0429835776,0,0,0,1
img_009845.jpg,1782802709.999064,30,0.0507931323882537,0,0,0,1
img_009846.jpg,1782802710.101443,30,0.07069952267314451,0,0,0,1
img_009847.jpg,1782802710.1800716,30,0.04659674909292903,0,0,0,1
img_009848.jpg,1782802710.2439597,30,0.05178158300906076,0,0,0,1
img_009849.jpg,1782802710.3346753,30,0.034128284603319015,0,0,0,1
img_009850.jpg,1782802710.4222784,30,0.11139802183505351,0,0,0,1
img_009851.jpg,1782802710.531242,30,0.09413261780055864,0,0,0,1
img_009852.jpg,1782802710.606971,30,0.13967384770639285,0,0,0,1
img_009853.jpg,1782802710.6860979,30,0.13990986912279563,0,0,0,1
img_009854.jpg,1782802710.780681,30,0.1202304452740922,0,0,0,1
img_009855.jpg,1782802710.8580463,30,0.10046010377202494,0,0,0,1
img_009856.jpg,1782802710.9351938,30,0.06621139821489627,0,0,0,1
img_009857.jpg,1782802711.020737,30,0.04363870918867561,0,0,0,1
img_009858.jpg,1782802711.094688,30,0.028761466922554157,0,0,0,1
img_009859.jpg,1782802711.17522,30,0.06239620915498986,0,0,0,1
img_009860.jpg,1782802711.261664,30,0.1310045124225907,0,0,0,1
img_009861.jpg,1782802711.344421,30,0.0863426535935544,0,0,0,1
img_009862.jpg,1782802711.4317067,30,0.056906847647569814,0,0,0,1
img_009863.jpg,1782802711.5088427,30,0.10336595584890311,0,0,0,1
img_009864.jpg,1782802711.597073,30,0.06812659162791902,0,0,0,1
img_009865.jpg,1782802711.6795611,30,0.04490097778055324,0,0,0,1
img_009866.jpg,1782802711.762285,30,0.02959340482877639,0,0,0,1
img_009867.jpg,1782802711.8526685,30,0.01950446633122418,0,0,0,1
img_009868.jpg,1782802711.9301987,30,-0.06205589097527375,0,0,0,1
img_009869.jpg,1782802712.0149317,30,-0.16205589097527376,0,0,0,1
img_009870.jpg,1782802712.1009624,30,-0.10680804346751659,0,0,0,1
img_009871.jpg,1782802712.186932,30,-0.07039520797858267,0,0,0,1
img_009872.jpg,1782802712.266972,30,-0.046396180900505075,0,0,0,1
img_009873.jpg,1782802712.3497694,30,-0.030578865578567642,0,0,0,1
img_009874.jpg,1782802712.4325244,30,-0.020153965303250417,0,0,0,1
img_009875.jpg,1782802712.5100286,30,-0.013283106150586237,0,0,0,1
img_009876.jpg,1782802712.5942419,30,0.0,0,0,0,1
img_009877.jpg,1782802712.6633172,30,0.0,0,0,0,1
img_009878.jpg,1782802712.7481654,30,0.0,0,0,0,1
img_009879.jpg,1782802712.8341627,30,0.0,0,0,0,1
img_009880.jpg,1782802712.932684,30,0.0,0,0,0,1
img_009881.jpg,1782802713.0323992,30,0.02,0,0,0,1
img_009882.jpg,1782802713.0991127,30,0.09200000000000001,0,0,0,1
img_009883.jpg,1782802713.1950085,30,0.06063550013440003,0,0,0,1
img_009884.jpg,1782802713.2704325,30,0.039963737788574184,0,0,0,1
img_009885.jpg,1782802713.3570585,30,0.02633936117445888,0,0,0,1
img_009886.jpg,1782802713.4469416,30,0.017359786282977303,0,0,0,1
img_009887.jpg,1782802713.5274243,30,0.011441514385811149,0,0,0,1
img_009888.jpg,1782802713.6126556,30,0.0,0,0,0,1
img_009889.jpg,1782802713.6927307,30,0.0,0,0,0,1
img_009890.jpg,1782802713.7822452,30,0.0,0,0,0,1
img_009891.jpg,1782802713.873813,30,0.04,0,0,0,1
img_009892.jpg,1782802713.9753263,30,0.0429835776,0,0,0,1
img_009893.jpg,1782802714.037053,30,0.028329681797193407,0,0,0,1
img_009894.jpg,1782802714.1164792,30,0.01867156983066555,0,0,0,1
img_009895.jpg,1782802714.2064426,30,0.012306086684530218,0,0,0,1
img_009896.jpg,1782802714.2887955,30,0.0611998717697864,0,0,0,1
img_009897.jpg,1782802714.373857,30,0.04033570470567551,0,0,0,1
img_009898.jpg,1782802714.4660952,30,0.09414014046288376,0,0,0,1
img_009899.jpg,1782802714.5426702,30,0.08176919308102107,0,0,0,1
img_009900.jpg,1782802714.6203196,30,0.053892564326674275,0,0,0,1
img_009901.jpg,1782802714.710498,30,0.057008253679976605,0,0,0,1
img_009902.jpg,1782802714.805959,30,0.03757308667037099,0,0,0,1
img_009903.jpg,1782802714.8757615,30,0.06925771171317785,0,0,0,1
img_009904.jpg,1782802714.941643,30,0.10940372719403374,0,0,0,1
img_009905.jpg,1782802715.035256,30,0.07210597516280104,0,0,0,1
img_009906.jpg,1782802715.141167,30,0.14633749714977695,0,0,0,1
img_009907.jpg,1782802715.2050893,30,0.09644834052275068,0,0,0,1
img_009908.jpg,1782802715.284245,30,0.08909491215418132,0,0,0,1
img_009909.jpg,1782802715.3757749,30,0.10052465895551516,0,0,0,1
img_009910.jpg,1782802715.4641597,30,0.06625394534356147,0,0,0,1
img_009911.jpg,1782802715.5423338,30,0.04366675121504405,0,0,0,1
img_009912.jpg,1782802715.6143503,30,0.12017341111784054,0,0,0,1
img_009913.jpg,1782802715.6971307,30,0.07920407484768617,0,0,0,1
img_009914.jpg,1782802715.7926745,30,0.10167526263499506,0,0,0,1
img_009915.jpg,1782802715.8641198,30,0.11032082691071902,0,0,0,1
img_009916.jpg,1782802715.9416697,30,0.07271041864100027,0,0,0,1
img_009917.jpg,1782802716.0309505,30,0.12154209833774263,0,0,0,1
img_009918.jpg,1782802716.1181974,30,0.08010615130536361,0,0,0,1
img_009919.jpg,1782802716.1812792,30,0.10237769874767098,0,0,0,1
img_009920.jpg,1782802716.2717237,30,0.11086780548242642,0,0,0,1
img_009921.jpg,1782802716.3581674,30,0.09942491533825971,0,0,0,1
img_009922.jpg,1782802716.4369197,30,0.16507092211119892,0,0,0,1
img_009923.jpg,1782802716.5190935,30,0.10879519478107755,0,0,0,1
img_009924.jpg,1782802716.614332,30,0.12471751263368774,0,0,0,1
img_009925.jpg,1782802716.6902966,30,0.10367460723948496,0,0,0,1
img_009926.jpg,1782802716.7651184,30,0.06833001805656151,0,0,0,1
img_009927.jpg,1782802716.8491147,30,0.06895114389239357,0,0,0,1
img_009928.jpg,1782802716.9465904,30,0.16895114389239355,0,0,0,1
img_009929.jpg,1782802717.030327,30,0.11135257726298115,0,0,0,1
img_009930.jpg,1782802717.1142766,30,0.15424882139538723,0,0,0,1
img_009931.jpg,1782802717.195484,30,0.1248306289359528,0,0,0,1
img_009932.jpg,1782802717.2977486,30,0.08227356106112178,0,0,0,1
img_009933.jpg,1782802717.3585,30,0.12042034208213351,0,0,0,1
img_009934.jpg,1782802717.434982,30,0.07936682248375762,0,0,0,1
img_009935.jpg,1782802717.5072443,30,0.12717607855025245,0,0,0,1
img_009936.jpg,1782802717.5954437,30,0.13017800625413897,0,0,0,1
img_009937.jpg,1782802717.6840763,30,0.08579791864911705,0,0,0,1
img_009938.jpg,1782802717.7583637,30,0.05654782291064977,0,0,0,1
img_009939.jpg,1782802717.84447,30,0.03726962525759492,0,0,0,1
img_009940.jpg,1782802717.9289217,30,0.09154501081802835,0,0,0,1
img_009941.jpg,1782802718.0084345,30,0.10243252138386887,0,0,0,1
img_009942.jpg,1782802718.0955877,30,0.1197629752113621,0,0,0,1
img_009943.jpg,1782802718.194056,30,0.12440551164138514,0,0,0,1
img_009944.jpg,1782802718.2785704,30,0.08199337410707948,0,0,0,1
img_009945.jpg,1782802718.3589573,30,0.14903390417851312,0,0,0,1
img_009946.jpg,1782802718.4326725,30,0.09822549257441729,0,0,0,1
img_009947.jpg,1782802718.522083,30,0.06473860726301724,0,0,0,1
img_009948.jpg,1782802718.6125455,30,0.04266801988475599,0,0,0,1
img_009949.jpg,1782802718.6757033,30,0.028121703537572876,0,0,0,1
img_009950.jpg,1782802718.759872,30,0.01853449520252236,0,0,0,1
img_009951.jpg,1782802718.8552575,30,0.012215743329821534,0,0,0,1
img_009952.jpg,1782802718.9333677,30,0.02,0,0,0,1
img_009953.jpg,1782802719.015894,30,0.046721280000000004,0,0,0,1
img_009954.jpg,1782802719.113009,30,0.05347079607418881,0,0,0,1
img_009955.jpg,1782802719.1926003,30,0.09604168179719343,0,0,0,1
img_009956.jpg,1782802719.2680187,30,0.06329929792958398,0,0,0,1
img_009957.jpg,1782802719.3530207,30,0.16329929792958398,0,0,0,1
img_009958.jpg,1782802719.4509819,30,0.10762755001692081,0,0,0,1
img_009959.jpg,1782802719.5253904,30,0.12380828166757606,0,0,0,1
img_009960.jpg,1782802719.5983737,30,0.12755554323516147,0,0,0,1
img_009961.jpg,1782802719.6726773,30,0.11137989318264532,0,0,0,1
img_009962.jpg,1782802719.7839732,30,0.145055941589791,0,0,0,1
img_009963.jpg,1782802719.8647816,30,0.0956036909322097,0,0,0,1
img_009964.jpg,1782802719.9249346,30,0.1679553956576329,0,0,0,1
img_009965.jpg,1782802720.012443,30,0.13464992224314282,0,0,0,1
img_009966.jpg,1782802720.104251,30,0.08874527585077215,0,0,0,1
img_009967.jpg,1782802720.1790743,30,0.15524565378271035,0,0,0,1
img_009968.jpg,1782802720.2654219,30,0.1023195419652886,0,0,0,1
img_009969.jpg,1782802720.3505762,30,0.14660326031942028,0,0,0,1
img_009970.jpg,1782802720.4290516,30,0.11935340280588007,0,0,0,1
img_009971.jpg,1782802720.5074878,30,0.07866362252040263,0,0,0,1
img_009972.jpg,1782802720.601439,30,0.09240193889316729,0,0,0,1
img_009973.jpg,1782802720.6928353,30,0.08619609851341525,0,0,0,1
img_009974.jpg,1782802720.7968621,30,0.07607813735447716,0,0,0,1
img_009975.jpg,1782802720.8565915,30,0.05014169464980763,0,0,0,1
img_009976.jpg,1782802720.9484582,30,0.12613035907782302,0,0,0,1
img_009977.jpg,1782802721.031603,30,0.08313018918277455,0,0,0,1
img_009978.jpg,1782802721.117753,30,0.15647977404815258,0,0,0,1
img_009979.jpg,1782802721.1910846,30,0.21756139212430034,0,0,0,1
img_009980.jpg,1782802721.2821672,30,0.14339069371079638,0,0,0,1
img_009981.jpg,1782802721.3815117,30,0.20551943821393265,0,0,0,1
img_009982.jpg,1782802721.4590318,30,0.13545406438524704,0,0,0,1
img_009983.jpg,1782802721.53163,30,0.17464832009567308,0,0,0,1
img_009984.jpg,1782802721.6062148,30,0.19860633812897768,0,0,0,1
img_009985.jpg,1782802721.6860304,30,0.13089776785122087,0,0,0,1
img_009986.jpg,1782802721.777141,30,0.08627230021886267,0,0,0,1
img_009987.jpg,1782802721.872736,30,0.05686047903821571,0,0,0,1
img_009988.jpg,1782802721.9792888,30,0.03747569113438889,0,0,0,1
img_009989.jpg,1782802722.0459893,30,0.06918187097805502,0,0,0,1
img_009990.jpg,1782802722.1278186,30,0.10933953559582578,0,0,0,1
img_009991.jpg,1782802722.221425,30,0.0720636676664775,0,0,0,1
img_009992.jpg,1782802722.3010304,30,0.04749583185300059,0,0,0,1
img_009993.jpg,1782802722.3860042,30,0.03130362520332672,0,0,0,1
img_009994.jpg,1782802722.4677813,30,0.020631640980690487,0,0,0,1
img_009995.jpg,1782802722.5651402,30,0.01359793336366903,0,0,0,1
img_009996.jpg,1782802722.6423037,30,0.04444454753508872,0,0,0,1
img_009997.jpg,1782802722.716024,30,0.029292580087361082,0,0,0,1
img_009998.jpg,1782802722.809866,30,0.08479323978594243,0,0,0,1
img_009999.jpg,1782802722.8981159,30,0.09717499830243595,0,0,0,1
img_010000.jpg,1782802722.9778366,30,0.06404624589812691,0,0,0,1
img_010001.jpg,1782802723.0617568,30,0.1640462458981269,0,0,0,1
img_010002.jpg,1782802723.1594508,30,0.10811984962177927,0,0,0,1
img_010003.jpg,1782802723.239528,30,0.07125979517687724,0,0,0,1
img_010004.jpg,1782802723.3260775,30,0.046966014348096274,0,0,0,1
img_010005.jpg,1782802723.406734,30,0.030954432275176354,0,0,0,1
img_010006.jpg,1782802723.4804425,30,0.13095443227517636,0,0,0,1
img_010007.jpg,1782802723.5564873,30,0.0863096466937145,0,0,0,1
img_010008.jpg,1782802723.6426082,30,0.10720828616463518,0,0,0,1
img_010009.jpg,1782802723.7144344,30,0.1415250934097472,0,0,0,1
img_010010.jpg,1782802723.8081079,30,0.09327657413551847,0,0,0,1
img_010011.jpg,1782802723.8885858,30,0.08682268104360354,0,0,0,1
img_010012.jpg,1782802723.970176,30,0.05722322487052599,0,0,0,1
img_010013.jpg,1782802724.0479453,30,0.06099431544574174,0,0,0,1
img_010014.jpg,1782802724.1374125,30,0.10240958859327583,0,0,0,1
img_010015.jpg,1782802724.2172356,30,0.0674962676403416,0,0,0,1
img_010016.jpg,1782802724.298715,30,0.11712884093078514,0,0,0,1
img_010017.jpg,1782802724.3804405,30,0.09823813625577435,0,0,0,1
img_010018.jpg,1782802724.4760923,30,0.06474694047978491,0,0,0,1
img_010019.jpg,1782802724.5575237,30,0.13316718524140214,0,0,0,1
img_010020.jpg,1782802724.638714,30,0.0877680312891599,0,0,0,1
img_010021.jpg,1782802724.7313688,30,0.10834391274849337,0,0,0,1
img_010022.jpg,1782802724.7986147,30,0.11551362473029882,0,0,0,1
img_010023.jpg,1782802724.8772993,30,0.07613289573759854,0,0,0,1
img_010024.jpg,1782802724.9642172,30,0.050177784888363254,0,0,0,1
img_010025.jpg,1782802725.0593593,30,0.033071250895024405,0,0,0,1
img_010026.jpg,1782802725.1425934,30,0.021796650414022053,0,0,0,1
img_010027.jpg,1782802725.214247,30,0.014365769555531567,0,0,0,1
img_010028.jpg,1782802725.309734,30,0.030291536174565148,0,0,0,1
img_010029.jpg,1782802725.396806,30,0.10146821328059996,0,0,0,1
img_010030.jpg,1782802725.4770706,30,0.0668758245653603,0,0,0,1
img_010031.jpg,1782802725.556245,30,0.044076620319793654,0,0,0,1
img_010032.jpg,1782802725.6512394,30,0.02905008605787768,0,0,0,1
img_010033.jpg,1782802725.7183173,30,0.01914637496811711,0,0,0,1
img_010034.jpg,1782802725.7941856,30,0.09761466497066776,0,0,0,1
img_010035.jpg,1782802725.8787456,30,0.10715888823667936,0,0,0,1
img_010036.jpg,1782802725.968196,30,0.07062644328344922,0,0,0,1
img_010037.jpg,1782802726.0372016,30,0.04654858381745413,0,0,0,1
img_010038.jpg,1782802726.1204765,30,0.03067931152521054,0,0,0,1
img_010039.jpg,1782802726.2120576,30,0.02022016737076308,0,0,0,1
img_010040.jpg,1782802726.298432,30,0.013326738710081472,0,0,0,1
img_010041.jpg,1782802726.3713484,30,0.0,0,0,0,1
img_010042.jpg,1782802726.456252,30,0.0,0,0,0,1
img_010043.jpg,1782802726.5426214,30,0.0,0,0,0,1
img_010044.jpg,1782802726.630219,30,0.0,0,0,0,1
img_010045.jpg,1782802726.6942625,30,-0.04,0,0,0,1
img_010046.jpg,1782802726.7788882,30,-0.08464000000000002,0,0,0,1
img_010047.jpg,1782802726.8730583,30,-0.05578466012364803,0,0,0,1
img_010048.jpg,1782802726.9525588,30,-0.05996373778857418,0,0,0,1
img_010049.jpg,1782802727.030015,30,-0.15996373778857417,0,0,0,1
img_010050.jpg,1782802727.0992455,30,-0.1054291439584589,0,0,0,1
img_010051.jpg,1782802727.1861615,30,-0.06948640078981319,0,0,0,1
img_010052.jpg,1782802727.2746665,30,-0.045797202874235776,0,0,0,1
img_010053.jpg,1782802727.3503199,30,-0.11573342664429694,0,0,0,1
img_010054.jpg,1782802727.438655,30,-0.07627776311787869,0,0,0,1
img_010055.jpg,1782802727.53166,30,-0.050273264302020275,0,0,0,1
img_010056.jpg,1782802727.6117249,30,-0.03313417961241172,0,0,0,1
img_010057.jpg,1782802727.6740952,30,-0.021838125568930705,0,0,0,1
img_010058.jpg,1782802727.7585769,30,-0.014393105063803717,0,0,0,1
img_010059.jpg,1782802727.8522823,30,0.0,0,0,0,1
img_010060.jpg,1782802727.934231,30,-0.1,0,0,0,1
img_010061.jpg,1782802728.0142674,30,-0.08596715520000002,0,0,0,1
img_010062.jpg,1782802728.0805879,30,-0.056659363594386815,0,0,0,1
img_010063.jpg,1782802728.170465,30,-0.13212661450683588,0,0,0,1
img_010064.jpg,1782802728.2551723,30,-0.08708221034442463,0,0,0,1
img_010065.jpg,1782802728.3442018,30,-0.057394275837426185,0,0,0,1
img_010066.jpg,1782802728.4416463,30,-0.10857851506879754,0,0,0,1
img_010067.jpg,1782802728.5182812,30,-0.09211274300254048,0,0,0,1
img_010068.jpg,1782802728.5928686,30,-0.06070980696424452,0,0,0,1
img_010069.jpg,1782802728.6559973,30,-0.08727399816537365,0,0,0,1
img_010070.jpg,1782802728.754124,30,-0.12465271204717228,0,0,0,1
img_010071.jpg,1782802728.839778,30,-0.08215629932706132,0,0,0,1
img_010072.jpg,1782802728.9164484,30,-0.054147698900954715,0,0,0,1
img_010073.jpg,1782802728.9961538,30,-0.10583061234976808,0,0,0,1
img_010074.jpg,1782802729.0969436,30,-0.09014416483986293,0,0,0,1
img_010075.jpg,1782802729.1823967,30,-0.05941235347024876,0,0,0,1
img_010076.jpg,1782802729.2630618,30,-0.03915758442206836,0,0,0,1
img_010077.jpg,1782802729.3486984,30,-0.04805221781057545,0,0,0,1
img_010078.jpg,1782802729.4478347,30,-0.06856520538248138,0,0,0,1
img_010079.jpg,1782802729.5274067,30,-0.045190060002006684,0,0,0,1
img_010080.jpg,1782802729.592714,30,-0.029783933579621967,0,0,0,1
img_010081.jpg,1782802729.6824794,30,-0.019630040310544876,0,0,0,1
img_010082.jpg,1782802729.771333,30,-0.07661486611884519,0,0,0,1
img_010083.jpg,1782802729.853281,30,-0.14408567682933757,0,0,0,1
img_010084.jpg,1782802729.935756,30,-0.09496420735598277,0,0,0,1
img_010085.jpg,1782802730.026453,30,-0.06258915443366178,0,0,0,1
img_010086.jpg,1782802730.1045737,30,-0.041251355239937844,0,0,0,1
img_010087.jpg,1782802730.1847744,30,-0.02718800604560254,0,0,0,1
img_010088.jpg,1782802730.2492733,30,-0.10501296556195434,0,0,0,1
img_010089.jpg,1782802730.3462243,30,-0.06921210529832202,0,0,0,1
img_010090.jpg,1782802730.4341924,30,-0.04561641978389687,0,0,0,1
img_010091.jpg,1782802730.5126474,30,-0.09380973770509032,0,0,0,1
img_010092.jpg,1782802730.5931106,30,-0.06182826481766342,0,0,0,1
img_010093.jpg,1782802730.6868684,30,-0.040749866952838575,0,0,0,1
img_010094.jpg,1782802730.770598,30,-0.026857484381474193,0,0,0,1
img_010095.jpg,1782802730.8520203,30,-0.017701271715462225,0,0,0,1
img_010096.jpg,1782802730.9449437,30,-0.011666581124803925,0,0,0,1
img_010097.jpg,1782802731.0055401,30,-0.042940626722911324,0,0,0,1
img_010098.jpg,1782802731.0859666,30,-0.028301373667699022,0,0,0,1
img_010099.jpg,1782802731.1671922,30,-0.01865291246555945,0,0,0,1
img_010100.jpg,1782802731.2591076,30,-0.051324799101981566,0,0,0,1
img_010101.jpg,1782802731.342449,30,-0.03382722677006801,0,0,0,1
img_010102.jpg,1782802731.4201913,30,-0.022294900145248247,0,0,0,1
img_010103.jpg,1782802731.5031025,30,-0.07887040348293813,0,0,0,1
img_010104.jpg,1782802731.5962408,30,-0.051982025662933466,0,0,0,1
img_010105.jpg,1782802731.6545334,30,-0.03426039265294768,0,0,0,1
img_010106.jpg,1782802731.7363405,30,-0.08899799634145493,0,0,0,1
img_010107.jpg,1782802731.8316948,30,-0.07808539723312409,0,0,0,1
img_010108.jpg,1782802731.91712,30,-0.07593982885661357,0,0,0,1
img_010109.jpg,1782802731.9962761,30,-0.14346464254808447,0,0,0,1
img_010110.jpg,1782802732.0796316,30,-0.09455489513593507,0,0,0,1
img_010111.jpg,1782802732.1767237,30,-0.11362876218361104,0,0,0,1
img_010112.jpg,1782802732.2554789,30,-0.0957307044818532,0,0,0,1
img_010113.jpg,1782802732.3386915,30,-0.06309433852690889,0,0,0,1
img_010114.jpg,1782802732.4307566,30,-0.04158431274161156,0,0,0,1
img_010115.jpg,1782802732.5229878,30,-0.027407452182966523,0,0,0,1
img_010116.jpg,1782802732.6028914,30,-0.018063745331780744,0,0,0,1
img_010117.jpg,1782802732.6815221,30,-0.07528915404881922,0,0,0,1
img_010118.jpg,1782802732.765017,30,-0.08977428078796695,0,0,0,1
img_010119.jpg,1782802732.8494706,30,-0.05916856972591777,0,0,0,1
img_010120.jpg,1782802732.9317212,30,-0.08607385522273546,0,0,0,1
img_010121.jpg,1782802733.0134938,30,-0.07599056312162693,0,0,0,1
img_010122.jpg,1782802733.1097348,30,-0.05008397609102764,0,0,0,1
img_010123.jpg,1782802733.1903596,30,-0.09317507736344581,0,0,0,1
img_010124.jpg,1782802733.2726603,30,-0.06140997191297773,0,0,0,1
img_010125.jpg,1782802733.3584397,30,-0.06399367155225498,0,0,0,1
img_010126.jpg,1782802733.4462745,30,-0.08097862411368234,0,0,0,1
img_010127.jpg,1782802733.52504,30,-0.05337151492748602,0,0,0,1
img_010128.jpg,1782802733.6078324,30,-0.10517365023462419,0,0,0,1
img_010129.jpg,1782802733.695488,30,-0.06931800959714014,0,0,0,1
img_010130.jpg,1782802733.7929049,30,-0.04568621935047536,0,0,0,1
img_010131.jpg,1782802733.870624,30,-0.06943131077358296,0,0,0,1
img_010132.jpg,1782802733.9489586,30,-0.04576089406242564,0,0,0,1
img_010133.jpg,1782802734.0459743,30,-0.03016015976165733,0,0,0,1
img_010134.jpg,1782802734.1316962,30,-0.019878004035668462,0,0,0,1
img_010135.jpg,1782802734.2120128,30,-0.01310122517800412,0,0,0,1
img_010136.jpg,1782802734.2946136,30,-0.07108887699066269,0,0,0,1
img_010137.jpg,1782802734.3883991,30,-0.0468533653295834,0,0,0,1
img_010138.jpg,1782802734.4653234,30,-0.030880187388467904,0,0,0,1
img_010139.jpg,1782802734.542508,30,-0.020352560940692856,0,0,0,1
img_010140.jpg,1782802734.6187723,30,-0.013413996865812676,0,0,0,1
img_010141.jpg,1782802734.7104974,30,-0.07135360694722385,0,0,0,1
img_010142.jpg,1782802734.7687929,30,-0.08670971748651986,0,0,0,1
img_010143.jpg,1782802734.8482704,30,-0.0571487726772572,0,0,0,1
img_010144.jpg,1782802734.9285445,30,-0.037665700145137225,0,0,0,1
img_010145.jpg,1782802735.0230198,30,-0.06318582871461663,0,0,0,1
img_010146.jpg,1782802735.1117947,30,-0.04164461223388383,0,0,0,1
img_010147.jpg,1782802735.1880198,30,-0.027447194464181517,0,0,0,1
img_010148.jpg,1782802735.2793653,30,-0.018089938735019368,0,0,0,1
img_010149.jpg,1782802735.3392215,30,-0.011922744376071248,0,0,0,1
img_010150.jpg,1782802735.4218433,30,0.0,0,0,0,1
img_010151.jpg,1782802735.5108495,30,-0.08,0,0,0,1
img_010152.jpg,1782802735.626487,30,-0.05272652185600001,0,0,0,1
img_010153.jpg,1782802735.683263,30,-0.03475107633789058,0,0,0,1
img_010154.jpg,1782802735.765617,30,-0.0846133110123906,0,0,0,1
img_010155.jpg,1782802735.8710706,30,-0.05576706990504174,0,0,0,1
img_010156.jpg,1782802735.9562805,30,-0.0367550453774158,0,0,0,1
img_010157.jpg,1782802736.0335941,30,-0.024224571292632332,0,0,0,1
img_010158.jpg,1782802736.0925565,30,-0.015965967346415113,0,0,0,1
img_010159.jpg,1782802736.1864393,30,-0.010522874078036737,0,0,0,1
img_010160.jpg,1782802736.2652895,30,0.0,0,0,0,1
img_010161.jpg,1782802736.345275,30,0.0,0,0,1,0
img_010162.jpg,1782802736.4319232,30,0.0,0,0,1,0
img_010163.jpg,1782802736.5222795,30,0.0,0,0,1,0
img_010164.jpg,1782802736.5978339,30,0.0,0,0,1,0
img_010165.jpg,1782802736.680979,30,0.08,0,0,1,0
img_010166.jpg,1782802736.7654314,30,0.09344256000000002,0,0,1,0
img_010167.jpg,1782802736.847979,30,0.11276260016128002,0,0,1,0
img_010168.jpg,1782802736.9281433,30,0.21276260016127999,0,0,1,0
img_010169.jpg,1782802737.0148726,30,0.31276260016128005,0,0,1,0
img_010170.jpg,1782802737.0986235,30,0.2746920035943869,0,0,1,0
img_010171.jpg,1782802737.2000332,30,0.2924993118422891,0,0,1,0
img_010172.jpg,1782802737.2865014,30,0.2983554175433136,0,0,1,0
img_010173.jpg,1782802737.393055,30,0.19664054304941916,0,0,1,0
img_010174.jpg,1782802737.485977,30,0.29664054304941917,0,0,1,0
img_010175.jpg,1782802737.585369,30,0.22683905589118086,0,0,1,0
img_010176.jpg,1782802737.676392,30,0.25199657690629546,0,0,1,0
img_010177.jpg,1782802737.8043337,30,0.35199657690629554,0,0,1,0
img_010178.jpg,1782802737.8943563,30,0.45199657690629563,0,0,1,0
img_010179.jpg,1782802738.010447,30,0.3381350248397688,0,0,1,0
img_010180.jpg,1782802738.1146812,30,0.39108422285258737,0,0,1,0
img_010181.jpg,1782802738.2354133,30,0.2944978432186648,0,0,1,0
img_010182.jpg,1782802738.377781,30,0.3509380157611717,0,0,1,0
img_010183.jpg,1782802738.4945805,30,0.23129676197665866,0,0,1,0
img_010184.jpg,1782802738.5844378,30,0.33129676197665875,0,0,1,0
img_010185.jpg,1782802738.7244902,30,0.25166652715087406,0,0,1,0
img_010186.jpg,1782802738.8146641,30,0.35166652715087415,0,0,1,0
img_010187.jpg,1782802738.9248347,30,0.2662592835185352,0,0,1,0
img_010188.jpg,1782802739.019988,30,0.32495854083705245,0,0,1,0
img_010189.jpg,1782802739.1253505,30,0.24712587014753698,0,0,1,0
img_010190.jpg,1782802739.2098773,30,0.26916733649287533,0,0,1,0
img_010191.jpg,1782802739.3044195,30,0.24074489491896417,0,0,1,0
img_010192.jpg,1782802739.3779564,30,0.1586705120458149,0,0,1,0
img_010193.jpg,1782802739.4377275,30,0.1635548236839315,0,0,1,0
img_010194.jpg,1782802739.5209627,30,0.15850569854479327,0,0,1,0
img_010195.jpg,1782802739.615566,30,0.1044681772327824,0,0,1,0
img_010196.jpg,1782802739.693714,30,0.0688530453765098,0,0,1,0
img_010197.jpg,1782802739.7545562,30,0.045379770023708806,0,0,1,0
img_010198.jpg,1782802739.842902,30,0.029908967949691702,0,0,1,0
img_010199.jpg,1782802739.937004,30,0.019712448153622792,0,0,1,0
img_010200.jpg,1782802740.0135925,30,0.01299211035509074,0,0,1,0
img_010201.jpg,1782802740.094382,30,0.0,0,0,1,0
img_010202.jpg,1782802740.1769435,30,0.0,0,0,1,0
img_010203.jpg,1782802740.2728772,30,0.0,0,0,1,0
img_010204.jpg,1782802740.3403041,30,-0.04,0,0,1,0
img_010205.jpg,1782802740.41769,30,-0.14,0,0,1,0
img_010206.jpg,1782802740.484684,30,-0.09227141324800003,0,0,1,0
img_010207.jpg,1782802740.569535,30,-0.06081438359130853,0,0,1,0
img_010208.jpg,1782802740.6528509,30,-0.12954923290400386,0,0,1,0
img_010209.jpg,1782802740.7365565,30,-0.08538350575176244,0,0,1,0
img_010210.jpg,1782802740.8347886,30,-0.05627469102702756,0,0,0,1
img_010211.jpg,1782802740.9266427,30,-0.03708960907970271,0,0,0,1
img_010212.jpg,1782802741.0177448,30,-0.09139264512506039,0,0,0,1
img_010213.jpg,1782802741.1098044,30,-0.07980090676337159,0,0,0,1
img_010214.jpg,1782802741.1875784,30,-0.05259530318234415,0,0,0,1
img_010215.jpg,1782802741.2647374,30,-0.12838767892775663,0,0,0,1
img_010216.jpg,1782802741.3312974,30,-0.08461794698781841,0,0,0,1
img_010217.jpg,1782802741.419662,30,-0.055770125390788225,0,0,0,1
img_010218.jpg,1782802741.4968324,30,-0.036757059191615704,0,0,0,1
img_010219.jpg,1782802741.5879908,30,-0.024225898560362644,0,0,0,1
img_010220.jpg,1782802741.680056,30,-0.10228782667553364,0,0,0,1
img_010221.jpg,1782802741.7733834,30,-0.11079782317831796,0,0,0,1
img_010222.jpg,1782802741.8530524,30,-0.07302479806761007,0,0,0,1
img_010223.jpg,1782802741.9327598,30,-0.048129295141772874,0,0,0,1
img_010224.jpg,1782802742.0195582,30,-0.03172112915258203,0,0,0,1
img_010225.jpg,1782802742.1132433,30,-0.020906810119507697,0,0,0,1
img_010226.jpg,1782802742.1976538,30,-0.01377929225881831,0,0,0,1
img_010227.jpg,1782802742.2794049,30,0.0,0,0,0,1
img_010228.jpg,1782802742.3985288,30,0.0,0,0,0,1
img_010229.jpg,1782802742.4750135,30,0.0,0,0,0,1
img_010230.jpg,1782802742.5550601,30,0.0,0,0,0,1
img_010231.jpg,1782802742.6407955,30,0.0,0,0,0,1
img_010232.jpg,1782802742.7301614,30,0.0,0,0,0,1
img_010233.jpg,1782802742.8044987,30,0.0,0,0,0,1
img_010234.jpg,1782802742.8854234,30,0.08,0,0,0,1
img_010235.jpg,1782802742.9828444,30,0.05272652185600001,0,0,0,1
img_010236.jpg,1782802743.0638015,30,0.03475107633789058,0,0,0,1
img_010237.jpg,1782802743.1427226,30,0.022903792325616408,0,0,0,1
img_010238.jpg,1782802743.2278924,30,0.015095466333023737,0,0,0,1
img_010239.jpg,1782802743.3254113,30,0.051754658487929595,0,0,0,1
img_010240.jpg,1782802743.4046915,30,0.03411053914892045,0,0,0,1
img_010241.jpg,1782802743.4852228,30,0.04443655010809101,0,0,0,1
img_010242.jpg,1782802743.5660732,30,0.11448162609944373,0,0,0,1
img_010243.jpg,1782802743.655014,30,0.07545272450803428,0,0,0,1
img_010244.jpg,1782802743.7100174,30,0.0987541311417122,0,0,0,1
img_010245.jpg,1782802743.7874866,30,0.0850746235208394,0,0,0,1
img_010246.jpg,1782802743.8729632,30,0.05607111245578139,0,0,0,1
img_010247.jpg,1782802743.9862146,30,0.09824258958257338,0,0,0,1
img_010248.jpg,1782802744.0406837,30,0.06474987558519493,0,0,0,1
img_010249.jpg,1782802744.1238508,30,0.09041995111968427,0,0,0,1
img_010250.jpg,1782802744.220588,30,0.07910407562568596,0,0,0,1
img_010251.jpg,1782802744.298336,30,0.07666960288554903,0,0,0,1
img_010252.jpg,1782802744.3754776,30,0.09084921973174243,0,0,0,1
img_010253.jpg,1782802744.4375787,30,0.05987704212232831,0,0,0,1
img_010254.jpg,1782802744.5310695,30,0.03946385212669472,0,0,0,1
img_010255.jpg,1782802744.6212754,30,0.026009895771001518,0,0,0,1
img_010256.jpg,1782802744.6965806,30,0.01714264172302492,0,0,0,1
img_010257.jpg,1782802744.7784398,30,0.01129839841848314,0,0,0,1
img_010258.jpg,1782802744.8766396,30,0.02,0,0,0,1
img_010259.jpg,1782802744.951722,30,0.09200000000000001,0,0,0,1
img_010260.jpg,1782802745.0295763,30,0.06063550013440003,0,0,0,1
img_010261.jpg,1782802745.0929568,30,0.039963737788574184,0,0,0,1
img_010262.jpg,1782802745.2015538,30,0.02633936117445888,0,0,0,1
img_010263.jpg,1782802745.2662132,30,0.017359786282977303,0,0,0,1
img_010264.jpg,1782802745.3482926,30,0.011441514385811149,0,0,0,1
img_010265.jpg,1782802745.4309642,30,0.0,0,0,0,1
img_010266.jpg,1782802745.508227,30,0.0,0,0,0,1
img_010267.jpg,1782802745.5865085,30,0.0,0,0,0,1
img_010268.jpg,1782802745.668875,30,0.0,0,0,0,1
img_010269.jpg,1782802745.7692358,30,0.0,0,0,0,1
img_010270.jpg,1782802745.852184,30,0.0,0,0,0,1
img_010271.jpg,1782802745.9294925,30,-0.06,0,0,0,1
img_010272.jpg,1782802746.0110538,30,-0.07786880000000002,0,0,0,1
img_010273.jpg,1782802746.104729,30,-0.05132188731375619,0,0,0,1
img_010274.jpg,1782802746.1978774,30,-0.033825307664249196,0,0,0,1
img_010275.jpg,1782802746.2815053,30,-0.022293635298061998,0,0,0,1
img_010276.jpg,1782802746.3619587,30,-0.01469332310991199,0,0,0,1
img_010277.jpg,1782802746.4589522,30,0.0,0,0,0,1
img_010278.jpg,1782802746.5475054,30,0.0,0,0,0,1
img_010279.jpg,1782802746.6267705,30,0.0,0,0,0,1
img_010280.jpg,1782802746.718533,30,-0.04,0,0,0,1
img_010281.jpg,1782802746.7777867,30,-0.06229504000000001,0,0,0,1
img_010282.jpg,1782802746.8535452,30,-0.04105750985100494,0,0,0,1
img_010283.jpg,1782802746.930569,30,-0.027060246131399342,0,0,0,1
img_010284.jpg,1782802747.0196025,30,-0.03938576982440173,0,0,0,1
img_010285.jpg,1782802747.0829794,30,-0.06181674633302375,0,0,0,1
img_010286.jpg,1782802747.1663737,30,-0.04074227533243732,0,0,0,1
img_010287.jpg,1782802747.2521968,30,-0.026852480884736588,0,0,0,1
img_010288.jpg,1782802747.3451529,30,-0.01769797400321108,0,0,0,1
img_010289.jpg,1782802747.4246113,30,-0.011664407663590365,0,0,0,1
img_010290.jpg,1782802747.533679,30,0.0,0,0,0,1
img_010291.jpg,1782802747.6195586,30,0.0,0,0,0,1
img_010292.jpg,1782802747.6845467,30,0.0,0,0,0,1
img_010293.jpg,1782802747.761335,30,0.0,0,0,0,1
img_010294.jpg,1782802747.839425,30,0.0,0,0,0,1
img_010295.jpg,1782802747.9278872,30,0.0,0,0,0,1
img_010296.jpg,1782802748.0103393,30,0.0,0,0,0,1
img_010297.jpg,1782802748.0865235,30,0.0,0,0,0,1
img_010298.jpg,1782802748.172117,30,0.0,0,0,0,1
img_010299.jpg,1782802748.256671,30,0.0,0,0,0,1
img_010300.jpg,1782802748.3466299,30,0.0,0,0,0,1
img_010301.jpg,1782802748.4171193,30,0.1,0,0,0,1
img_010302.jpg,1782802748.5006297,30,0.06590815232000002,0,0,0,1
img_010303.jpg,1782802748.5912437,30,0.043438845422363245,0,0,0,1
img_010304.jpg,1782802748.6601744,30,0.028629740407020522,0,0,0,1
img_010305.jpg,1782802748.7508845,30,0.018869332916279676,0,0,0,1
img_010306.jpg,1782802748.8470552,30,0.054693323109912,0,0,0,1
img_010307.jpg,1782802748.9286945,30,0.03604735870415057,0,0,0,1
img_010308.jpg,1782802749.0048356,30,0.045824074002248194,0,0,0,1
img_010309.jpg,1782802749.1062813,30,0.06683017653666265,0,0,0,1
img_010310.jpg,1782802749.1956522,30,0.04404653454750853,0,0,0,1
img_010311.jpg,1782802749.2830176,30,0.029030257081253348,0,0,0,1
img_010312.jpg,1782802749.3460693,30,0.019133306056000048,0,0,0,1
img_010313.jpg,1782802749.427577,30,0.033706965760043804,0,0,0,1
img_010314.jpg,1782802749.5375698,30,0.057394729753757,0,0,0,1
img_010315.jpg,1782802749.6164598,30,0.03782780590975853,0,0,0,1
img_010316.jpg,1782802749.6787305,30,0.10840158143697787,0,0,0,1
img_010317.jpg,1782802749.755889,30,0.07144547941077224,0,0,0,1
img_010318.jpg,1782802749.8574595,30,0.04708839539580602,0,0,0,1
img_010319.jpg,1782802749.9396808,30,0.031035091362511702,0,0,0,1
img_010320.jpg,1782802750.0192807,30,0.020454655287855377,0,0,0,1
img_010321.jpg,1782802750.1120484,30,0.013481285363650659,0,0,0,1
img_010322.jpg,1782802750.1728194,30,0.06219455993179392,0,0,0,1
img_010323.jpg,1782802750.255044,30,0.04099128529460044,0,0,0,1
img_010324.jpg,1782802750.339627,30,0.04936586820640329,0,0,0,1
img_010325.jpg,1782802750.4348679,30,0.06958812918190778,0,0,0,1
img_010326.jpg,1782802750.5189645,30,0.045864250177850154,0,0,0,1
img_010327.jpg,1782802750.6017075,30,0.0528568259430906,0,0,0,1
img_010328.jpg,1782802750.684526,30,0.03483695735408943,0,0,0,1
img_010329.jpg,1782802750.7733622,30,0.02296039491658671,0,0,0,1
img_010330.jpg,1782802750.8553123,30,0.01513277205489751,0,0,0,1
img_010331.jpg,1782802750.9398634,30,0.0,0,0,0,1
img_010332.jpg,1782802751.0327678,30,0.08,0,0,0,1
img_010333.jpg,1782802751.0929492,30,0.05272652185600001,0,0,0,1
img_010334.jpg,1782802751.181136,30,0.05777290906292455,0,0,0,1
img_010335.jpg,1782802751.2832818,30,0.09968299023085936,0,0,0,1
img_010336.jpg,1782802751.3603172,30,0.06569921703848551,0,0,0,1
img_010337.jpg,1782802751.4380162,30,0.14044327967540668,0,0,0,1
img_010338.jpg,1782802751.5208874,30,0.09256357069167066,0,0,0,1
img_010339.jpg,1782802751.603716,30,0.11207814173475567,0,0,0,1
img_010340.jpg,1782802751.6939106,30,0.11842142403115342,0,0,0,1
img_010341.jpg,1782802751.7758894,30,0.0780493725299657,0,0,0,1
img_010342.jpg,1782802751.8392801,30,0.15180542272756845,0,0,0,1
img_010343.jpg,1782802751.9521403,30,0.12308019533185405,0,0,0,1
img_010344.jpg,1782802752.0369158,30,0.16417507732888126,0,0,0,1
img_010345.jpg,1782802752.1246848,30,0.1589886826150719,0,0,0,1
img_010346.jpg,1782802752.1887443,30,0.10478650310950295,0,0,0,1
img_010347.jpg,1782802752.280222,30,0.1764035828607427,0,0,0,1
img_010348.jpg,1782802752.35478,30,0.14070214408021275,0,0,0,1
img_010349.jpg,1782802752.428232,30,0.09273418343789251,0,0,0,1
img_010350.jpg,1782802752.4969058,30,0.06111938687295442,0,0,0,1
img_010351.jpg,1782802752.5830557,30,0.040282658597276894,0,0,0,1
img_010352.jpg,1782802752.666022,30,0.09409524223673517,0,0,0,1
img_010353.jpg,1782802752.7530503,30,0.13042621302917265,0,0,0,1
img_010354.jpg,1782802752.8427439,30,0.08596150714847482,0,0,0,1
img_010355.jpg,1782802752.9326138,30,0.1859615071484748,0,0,0,1
img_010356.jpg,1782802752.999573,30,0.12256379338798447,0,0,0,1
img_010357.jpg,1782802753.0823812,30,0.08077953163532291,0,0,0,1
img_010358.jpg,1782802753.1824937,30,0.053240296753591224,0,0,0,1
img_010359.jpg,1782802753.271847,30,0.03508969587997692,0,0,0,1
img_010360.jpg,1782802753.3481476,30,0.11228252020957878,0,0,0,1
img_010361.jpg,1782802753.4366305,30,0.1458199251053875,0,0,0,1
img_010362.jpg,1782802753.5269344,30,0.12446436777322686,0,0,0,1
img_010363.jpg,1782802753.6073353,30,0.22446436777322681,0,0,0,1
img_010364.jpg,1782802753.6712878,30,0.14794031741610336,0,0,0,1
img_010365.jpg,1782802753.7546954,30,0.09750472974529692,0,0,0,1
img_010366.jpg,1782802753.867961,30,0.13772800325641932,0,0,0,1
img_010367.jpg,1782802753.9581149,30,0.09077398217353543,0,0,0,1
img_010368.jpg,1782802754.024844,30,0.05982745443786337,0,0,0,1
img_010369.jpg,1782802754.1196616,30,0.08044292084131097,0,0,0,1
img_010370.jpg,1782802754.2101748,30,0.053018442798748275,0,0,0,1
img_010371.jpg,1782802754.2891924,30,0.10007480998486055,0,0,0,1
img_010372.jpg,1782802754.367684,30,0.06595745819877248,0,0,0,1
img_010373.jpg,1782802754.4637735,30,0.11582639261944104,0,0,0,1
img_010374.jpg,1782802754.5475805,30,0.12134014201604731,0,0,0,1
img_010375.jpg,1782802754.628805,30,0.07997304562524081,0,0,0,1
img_010376.jpg,1782802754.7161996,30,0.14717520197522155,0,0,0,1
img_010377.jpg,1782802754.8066812,30,0.0970004562950967,0,0,0,1
img_010378.jpg,1782802754.86481,30,0.06393120848606738,0,0,0,1
img_010379.jpg,1782802754.9427247,30,0.04213587826901406,0,0,0,1
img_010380.jpg,1782802755.0270767,30,0.027770978830911574,0,0,0,1
img_010381.jpg,1782802755.1208525,30,0.08350535648248357,0,0,0,1
img_010382.jpg,1782802755.185667,30,0.12146293372677412,0,0,0,1
img_010383.jpg,1782802755.2657607,30,0.08005397537298296,0,0,0,1
img_010384.jpg,1782802755.3649545,30,0.1277576847556928,0,0,0,1
img_010385.jpg,1782802755.4431627,30,0.08420272946928745,0,0,0,1
img_010386.jpg,1782802755.5287018,30,0.055496463196215505,0,0,0,1
img_010387.jpg,1782802755.6103134,30,0.036576693495574464,0,0,0,1
img_010388.jpg,1782802755.702957,30,0.02410702286268275,0,0,0,1
img_010389.jpg,1782802755.7729514,30,0.015888493348154172,1,0,0,0
img_010390.jpg,1782802755.857423,30,0.010471812397254521,1,0,0,0
img_010391.jpg,1782802755.9399204,30,0.0,1,0,0,0
img_010392.jpg,1782802756.033116,30,-0.1,1,0,0,0
img_010393.jpg,1782802756.1088214,30,-0.06590815232000002,1,0,0,0
img_010394.jpg,1782802756.1720054,30,-0.043438845422363245,1,0,0,0
img_010395.jpg,1782802756.256748,30,-0.11996373778857419,1,0,0,0
img_010396.jpg,1782802756.3538547,30,-0.10026903640702052,1,0,0,0
img_010397.jpg,1782802756.4338317,30,-0.09183203178797321,1,0,0,0
img_010398.jpg,1782802756.5173435,30,-0.15808546924493533,1,0,0,0
img_010399.jpg,1782802756.6051397,30,-0.10419121186573878,1,0,0,0
img_010400.jpg,1782802756.6993425,30,-0.20419121186573874,1,0,0,0
img_010401.jpg,1782802756.7751384,30,-0.13457865494052504,1,0,0,0
img_010402.jpg,1782802756.8403323,30,-0.11641120096566138,1,0,0,0
img_010403.jpg,1782802756.9332433,30,-0.18069830488840843,1,0,0,0
img_010404.jpg,1782802757.0171175,30,-0.11909491402551026,1,0,0,0
img_010405.jpg,1782802757.0937912,30,-0.07849325734130637,1,0,0,0
img_010406.jpg,1782802757.1612685,30,-0.05173345560943779,1,0,0,0
img_010407.jpg,1782802757.2569034,30,-0.0802842210816019,1,0,0,0
img_010408.jpg,1782802757.3407218,30,-0.0718429099819432,1,0,0,0
img_010409.jpg,1782802757.4222758,30,-0.047350334542019624,1,0,0,0
img_010410.jpg,1782802757.506168,30,-0.12356230777865806,1,0,0,0
img_010411.jpg,1782802757.5992198,30,-0.1273640063195477,1,0,0,0
img_010412.jpg,1782802757.6868443,30,-0.1112426774847195,1,0,0,0
img_010413.jpg,1782802757.7503023,30,-0.14493980222306657,1,0,0,0
img_010414.jpg,1782802757.8392906,30,-0.09552714562148547,1,0,0,0
img_010415.jpg,1782802757.9331157,30,-0.1678849739717666,1,0,0,0
img_010416.jpg,1782802758.013075,30,-0.13459947264315686,1,0,0,0
img_010417.jpg,1782802758.0908456,30,-0.08871202545156859,1,0,0,0
img_010418.jpg,1782802758.1572099,30,-0.10907898967483105,1,0,0,0
img_010419.jpg,1782802758.2495997,30,-0.20907898967483102,1,0,0,0
img_010420.jpg,1782802758.3297548,30,-0.26595267050084453,1,0,0,0
img_010421.jpg,1782802758.4160566,30,-0.17528449117280437,1,0,0,0
img_010422.jpg,1782802758.5059009,30,-0.27528449117280435,1,0,0,0
img_010423.jpg,1782802758.5966551,30,-0.21153973067337922,1,0,0,0
img_010424.jpg,1782802758.6536732,30,-0.13942192790952856,1,0,0,0
img_010425.jpg,1782802758.7280161,30,-0.0918904166140927,1,0,0,0
img_010426.jpg,1782802758.8081234,30,-0.08582964755380305,1,0,0,0
img_010427.jpg,1782802758.9035554,30,-0.1234302136895389,1,0,0,0
img_010428.jpg,1782802758.9647639,30,-0.08135057324740279,1,0,0,0
img_010429.jpg,1782802759.0407403,30,-0.05361665972909142,1,0,0,0
img_010430.jpg,1782802759.1238685,30,-0.03533774976314568,1,0,0,0
img_010431.jpg,1782802759.209316,30,-0.06751708168756439,1,0,0,0
img_010432.jpg,1782802759.292921,30,-0.10793045794035452,1,0,0,0
img_010433.jpg,1782802759.3779635,30,-0.07113497061900241,1,0,0,0
img_010434.jpg,1782802759.4718885,30,-0.13904417296948224,1,0,0,0
img_010435.jpg,1782802759.5508502,30,-0.09164144531281064,1,0,0,0
img_010436.jpg,1782802759.617845,30,-0.1113600937677419,1,0,0,0
img_010437.jpg,1782802759.7035167,30,-0.09410544640015019,1,0,0,0
img_010438.jpg,1782802759.796804,30,-0.08741647929872497,1,0,0,0
img_010439.jpg,1782802759.8777528,30,-0.18741647929872493,1,0,0,0
img_010440.jpg,1782802759.93348,30,-0.1235227386489849,1,0,0,0
img_010441.jpg,1782802760.0113003,30,-0.10849082036805272,1,0,0,0
img_010442.jpg,1782802760.093429,30,-0.1426106303595198,1,0,0,0
img_010443.jpg,1782802760.1649868,30,-0.09399203148186448,1,0,0,0
img_010444.jpg,1782802760.2500563,30,-0.06194841127772962,1,0,0,0
img_010445.jpg,1782802760.3420599,30,-0.1619484112777296,1,0,0,0
img_010446.jpg,1782802760.429777,30,-0.10673720558474611,1,0,0,0
img_010447.jpg,1782802760.5113733,30,-0.07034852003890603,1,0,0,0
img_010448.jpg,1782802760.5886283,30,-0.04636540974210793,1,0,0,0
img_010449.jpg,1782802760.676816,30,-0.03055858487662062,1,0,0,0
img_010450.jpg,1782802760.760515,30,-0.02014059866731961,1,0,0,0
img_010451.jpg,1782802760.838151,30,-0.013274296447816903,1,0,0,0
img_010452.jpg,1782802760.9323008,30,0.0,1,0,0,0
img_010453.jpg,1782802761.017278,30,0.0,1,0,0,0
img_010454.jpg,1782802761.1036205,30,0.0,1,0,0,0
img_010455.jpg,1782802761.18219,30,0.0,1,0,0,0
img_010456.jpg,1782802761.2654605,30,0.0,1,0,0,0
img_010457.jpg,1782802761.3557756,30,0.0,1,0,0,0
img_010458.jpg,1782802761.43814,30,0.0,0,0,0,1
img_010459.jpg,1782802761.5212922,30,0.0,0,0,0,1
img_010460.jpg,1782802761.5833247,30,0.0,0,0,0,1
img_010461.jpg,1782802761.6747339,30,0.0,0,0,0,1
img_010462.jpg,1782802761.755762,30,0.02,0,0,0,1
img_010463.jpg,1782802761.8553097,30,0.06771200000000001,0,0,0,1
img_010464.jpg,1782802761.937167,30,0.044627728098918414,0,0,0,1
img_010465.jpg,1782802762.0328784,30,0.12105750985100495,0,0,0,1
img_010466.jpg,1782802762.0894191,30,0.12541355023085934,0,0,0,1
img_010467.jpg,1782802762.1622279,30,0.08265775371607452,0,0,0,1
img_010468.jpg,1782802762.2472444,30,0.1299615227452855,0,0,0,1
img_010469.jpg,1782802762.314982,30,0.1323469982234809,0,0,0,1
img_010470.jpg,1782802762.4058993,30,0.08722746118007951,0,0,0,1
img_010471.jpg,1782802762.5078998,30,0.05749000797943569,0,0,0,1
img_010472.jpg,1782802762.5802028,30,0.037890602027866635,0,0,0,1
img_010473.jpg,1782802762.665217,30,0.11485935386563732,0,0,0,1
img_010474.jpg,1782802762.7458766,30,0.17927060555638633,0,0,0,1
img_010475.jpg,1782802762.8248568,30,0.11815394377508949,0,0,0,1
img_010476.jpg,1782802762.917135,30,0.16000549801123573,0,0,0,1
img_010477.jpg,1782802762.979865,30,0.1289546715365433,0,0,0,1
img_010478.jpg,1782802763.0617135,30,0.08499164134006067,0,0,0,1
img_010479.jpg,1782802763.14914,30,0.05601642043367528,0,0,0,1
img_010480.jpg,1782802763.2324746,30,0.03691938770363832,0,0,0,1
img_010481.jpg,1782802763.3141985,30,0.0243328862833253,0,0,0,1
img_010482.jpg,1782802763.4023886,30,0.09598625538065929,0,0,0,1
img_010483.jpg,1782802763.4926443,30,0.06326276740254912,0,0,0,1
img_010484.jpg,1782802763.574914,30,0.13820174601034518,0,0,0,1
img_010485.jpg,1782802763.6527188,30,0.13876356119730365,0,0,0,1
img_010486.jpg,1782802763.7458725,30,0.09145649927857533,0,0,0,1
img_010487.jpg,1782802763.8481634,30,0.1641399793362893,0,0,0,1
img_010488.jpg,1782802763.9302506,30,0.10818162759897812,0,0,0,1
img_010489.jpg,1782802763.9963417,30,0.1242397352317931,0,0,0,1
img_010490.jpg,1782802764.0698643,30,0.18790055641324963,0,0,0,1
img_010491.jpg,1782802764.1559544,30,0.12384178493097213,0,0,0,1
img_010492.jpg,1782802764.2382107,30,0.16481968676557482,0,0,0,1
img_010493.jpg,1782802764.3167148,30,0.132403522468263,0,0,0,1
img_010494.jpg,1782802764.4059875,30,0.08726471526542824,0,0,0,1
img_010495.jpg,1782802764.5012782,30,0.05751456145875276,0,0,0,1
img_010496.jpg,1782802764.586096,30,0.037906784772414784,0,0,0,1
img_010497.jpg,1782802764.6686532,30,0.09208430263137189,0,0,0,1
img_010498.jpg,1782802764.7620342,30,0.10285246144741772,0,0,0,1
img_010499.jpg,1782802764.8428648,30,0.06778815695563335,0,0,0,1
img_010500.jpg,1782802764.9219384,30,0.04467792174123951,0,0,0,1
img_010501.jpg,1782802765.0119133,30,0.02944639271462654,0,0,0,1
img_010502.jpg,1782802765.1053276,30,0.08492342679365991,0,0,0,1
img_010503.jpg,1782802765.166591,30,0.05597146148652908,0,0,0,1
img_010504.jpg,1782802765.247922,30,0.036889756092271735,0,0,0,1
img_010505.jpg,1782802765.349795,30,0.10753857560489001,0,0,0,1
img_010506.jpg,1782802765.4313474,30,0.07087668821242929,0,0,0,1
img_010507.jpg,1782802765.5081298,30,0.046713515626419386,0,0,0,1
img_010508.jpg,1782802765.574015,30,0.11657643437630584,0,0,0,1
img_010509.jpg,1782802765.6651535,30,0.07683337393796053,0,0,0,1
img_010510.jpg,1782802765.7478073,30,0.0750428881822024,0,0,0,1
img_010511.jpg,1782802765.8263485,30,0.14263945712762618,0,0,0,1
img_010512.jpg,1782802765.90913,30,0.09401103067209698,0,0,0,1
img_010513.jpg,1782802766.002923,30,0.08734884053583437,0,0,0,1
img_010514.jpg,1782802766.0819368,30,0.0991650139391678,0,0,0,1
img_010515.jpg,1782802766.1714582,30,0.06535782843517597,0,0,0,1
img_010516.jpg,1782802766.2531264,30,0.11531886598753295,0,0,0,1
img_010517.jpg,1782802766.3460844,30,0.09694148294865207,0,0,0,1
img_010518.jpg,1782802766.4241228,30,0.06389234024306445,0,0,0,1
img_010519.jpg,1782802766.5010626,30,0.11407847678172976,0,0,0,1
img_010520.jpg,1782802766.5621586,30,0.09605287685395468,0,0,0,1
img_010521.jpg,1782802766.6717007,30,0.06330667638464649,0,0,0,1
img_010522.jpg,1782802766.7550092,30,0.13824214227387477,0,0,0,1
img_010523.jpg,1782802766.83365,30,0.11336355670032228,0,0,0,1
img_010524.jpg,1782802766.9278297,30,0.07471582562541798,0,0,0,1
img_010525.jpg,1782802766.988799,30,0.14233855957538455,0,0,0,1
img_010526.jpg,1782802767.065691,30,0.09381271465503842,0,0,0,1
img_010527.jpg,1782802767.1465352,30,0.06183022687036971,0,0,0,1
img_010528.jpg,1782802767.2370706,30,0.10753310402308093,0,0,0,1
img_010529.jpg,1782802767.3218415,30,0.07087308199395624,0,0,0,1
img_010530.jpg,1782802767.403037,30,0.11998697659968457,0,0,0,1
img_010531.jpg,1782802767.4642658,30,0.152340976993973,0,0,0,1
img_010532.jpg,1782802767.557885,30,0.10040512316296392,0,0,0,1
img_010533.jpg,1782802767.638837,30,0.09192952338188032,0,0,0,1
img_010534.jpg,1782802767.7222362,30,0.10273193670318964,0,0,0,1
img_010535.jpg,1782802767.8168027,30,0.06770872132362422,0,0,0,1
img_010536.jpg,1782802767.8911502,30,0.04462556718389858,0,0,0,1
img_010537.jpg,1782802767.9720855,30,0.02941188679322782,0,0,0,1
img_010538.jpg,1782802768.053995,30,0.019384831147866557,0,0,0,1
img_010539.jpg,1782802768.1506126,30,-0.08061516885213345,0,0,0,1
img_010540.jpg,1782802768.2251244,30,-0.05313196828008933,0,0,0,1
img_010541.jpg,1782802768.2905552,30,-0.03501829858465537,0,0,0,1
img_010542.jpg,1782802768.3701596,30,-0.023079913571047068,0,0,0,1
img_010543.jpg,1782802768.4773366,30,-0.015211544591730056,0,0,0,1
img_010544.jpg,1782802768.5586257,30,-0.01002564797974217,0,0,0,1
img_010545.jpg,1782802768.6418738,30,0.0,0,0,0,1
img_010546.jpg,1782802768.7251253,30,0.0,0,0,0,1
img_010547.jpg,1782802768.8199074,30,0.0,0,0,0,1
img_010548.jpg,1782802768.8783364,30,0.0,0,0,0,1
img_010549.jpg,1782802768.9663532,30,-0.04,0,0,0,1
img_010550.jpg,1782802769.065272,30,-0.0429835776,0,0,0,1
img_010551.jpg,1782802769.1498923,30,-0.028329681797193407,0,0,0,1
img_010552.jpg,1782802769.2315636,30,-0.01867156983066555,0,0,0,1
img_010553.jpg,1782802769.3139062,30,-0.012306086684530218,0,0,0,1
img_010554.jpg,1782802769.4049807,30,0.0,0,0,0,1
img_010555.jpg,1782802769.482683,30,0.0,0,0,0,1
img_010556.jpg,1782802769.5626926,30,0.0,0,0,0,1
img_010557.jpg,1782802769.6249862,30,0.0,0,0,0,1
img_010558.jpg,1782802769.7191105,30,0.0,0,0,0,1
img_010559.jpg,1782802769.8017647,30,0.0,0,0,0,1
img_010560.jpg,1782802769.8878722,30,0.0,0,0,0,1
img_010561.jpg,1782802769.9860296,30,0.0,0,0,0,1
img_010562.jpg,1782802770.0650268,30,0.0,0,0,0,1
img_010563.jpg,1782802770.1441069,30,0.0,0,0,0,1
img_010564.jpg,1782802770.2294104,30,0.0,0,0,0,1
img_010565.jpg,1782802770.3283455,30,0.0,0,0,0,1
img_010566.jpg,1782802770.4050736,30,0.0,0,0,0,1
img_010567.jpg,1782802770.488957,30,0.0,0,0,0,1
img_010568.jpg,1782802770.5713363,30,0.0,0,0,0,1
img_010569.jpg,1782802770.6654484,30,0.0,0,0,0,1
img_010570.jpg,1782802770.745162,30,0.0,0,0,0,1
img_010571.jpg,1782802770.8290956,30,0.0,0,0,0,1
img_010572.jpg,1782802770.924969,30,0.0,0,0,0,1
img_010573.jpg,1782802771.0149894,30,0.0,0,0,0,1
img_010574.jpg,1782802771.095089,30,0.0,0,0,0,1
img_010575.jpg,1782802771.175884,30,0.0,0,0,0,1
img_010576.jpg,1782802771.2651548,30,0.0,0,0,0,1
img_010577.jpg,1782802771.345267,30,0.0,0,0,0,1
img_010578.jpg,1782802771.4325438,30,0.0,0,0,0,1
img_010579.jpg,1782802771.5501633,30,0.0,0,0,0,1
img_010580.jpg,1782802771.6282816,30,0.0,0,0,0,1
img_010581.jpg,1782802771.715273,30,0.0,0,0,0,1
img_010582.jpg,1782802771.7973135,30,0.0,0,0,0,1
img_010583.jpg,1782802771.885441,30,0.0,0,0,0,1
img_010584.jpg,1782802771.9751322,30,0.0,0,0,0,1
img_010585.jpg,1782802772.061431,30,0.0,0,0,0,1
img_010586.jpg,1782802772.1787572,30,0.0,0,0,0,1
img_010587.jpg,1782802772.265007,30,0.0,0,0,0,1
img_010588.jpg,1782802772.3449137,30,0.0,0,0,0,1
img_010589.jpg,1782802775.4353473,30,0.0,0,0,0,1
img_010590.jpg,1782802775.526935,30,0.0,0,0,0,1
img_010591.jpg,1782802775.6454775,30,0.0,0,0,0,1
img_010592.jpg,1782802775.7351086,30,0.0,0,0,0,1
img_010593.jpg,1782802775.8458276,30,0.0,0,0,0,1
img_010594.jpg,1782802775.9400349,30,0.0,0,0,0,1
img_010595.jpg,1782802776.0350208,30,0.04,0,0,0,1
img_010596.jpg,1782802776.1462092,30,0.0429835776,0,0,0,1
img_010597.jpg,1782802776.2350855,30,0.028329681797193407,0,0,0,1
img_010598.jpg,1782802776.355165,30,0.01867156983066555,0,0,0,1
img_010599.jpg,1782802776.469442,30,0.012306086684530218,0,0,0,1
img_010600.jpg,1782802776.555234,30,0.023143853065947195,0,0,0,1
img_010601.jpg,1782802776.6752899,30,0.058021840656216295,0,0,0,1
img_010602.jpg,1782802776.766135,30,0.07632843105690777,0,0,0,1
img_010603.jpg,1782802776.877164,30,0.05030665860445298,0,0,0,1
img_010604.jpg,1782802776.9751954,30,0.05161309606535354,0,0,0,1
img_010605.jpg,1782802777.0871477,30,0.03401723797182115,0,0,0,1
img_010606.jpg,1782802777.1752055,30,0.10489585893407546,0,0,0,1
img_010607.jpg,1782802777.2955387,30,0.06913492248364281,0,0,0,1
img_010608.jpg,1782802777.3855295,30,0.13720412868495138,0,0,0,1
img_010609.jpg,1782802777.4991405,30,0.09042870612300659,0,0,0,1
img_010610.jpg,1782802777.5955422,30,0.10721574831351177,0,0,0,1
img_010611.jpg,1782802777.7071314,30,0.07066391870949718,0,0,0,1
img_010612.jpg,1782802777.8026009,30,0.11980994079571843,0,0,0,1
img_010613.jpg,1782802777.8979194,30,0.1001588573240695,0,0,0,1
img_010614.jpg,1782802778.0153222,30,0.17214614873814393,0,0,0,1
img_010615.jpg,1782802778.105286,30,0.11345834592334968,0,0,0,1
img_010616.jpg,1782802778.233,30,0.09968076027273243,0,0,0,1
img_010617.jpg,1782802778.3473542,30,0.06569774731428654,0,0,0,1
img_010618.jpg,1782802778.4429786,30,0.04330017137070869,0,0,0,1
img_010619.jpg,1782802778.5681572,30,0.02853834290182772,0,0,0,1
img_010620.jpg,1782802778.6554472,30,0.053369985157538435,0,0,0,1
img_010621.jpg,1782802778.765539,30,0.03517517111079183,0,0,0,1
img_010622.jpg,1782802778.895242,30,0.06419048364192027,0,0,0,1
img_010623.jpg,1782802778.9854207,30,0.042306761733661505,0,0,0,1
img_010624.jpg,1782802779.1052918,30,0.07294376768086142,0,0,0,1
img_010625.jpg,1782802779.2054405,30,0.04807588951104908,0,0,0,1
img_010626.jpg,1782802779.3290892,30,0.10069143288215196,0,0,0,1
img_010627.jpg,1782802779.4152877,30,0.06636386295715929,0,0,0,1
img_010628.jpg,1782802779.545196,30,0.11617037360693964,0,0,0,1
img_010629.jpg,1782802779.635342,30,0.07656574678757486,0,0,0,1
img_010630.jpg,1782802779.7652807,30,0.15044048704456886,0,0,0,1
img_010631.jpg,1782802779.8552594,30,0.09915254535228432,0,0,0,1
img_010632.jpg,1782802779.9752245,30,0.17122034172410155,0,0,0,1
img_010633.jpg,1782802780.0797074,30,0.1128481636263454,0,0,0,1
img_010634.jpg,1782802780.1901388,30,0.18382031053623774,0,0,0,1
img_010635.jpg,1782802780.2752788,30,0.14601543557317456,0,0,0,1
img_010636.jpg,1782802780.406231,30,0.15370046749560415,0,0,0,1
img_010637.jpg,1782802780.4992683,30,0.12443779206255967,0,0,0,1
img_010638.jpg,1782802780.6180482,30,0.0820146495362367,0,0,0,1
img_010639.jpg,1782802780.7153728,30,0.09501134341807312,0,0,0,1
img_010640.jpg,1782802780.8400152,30,0.06262022094126195,0,0,0,1
img_010641.jpg,1782802780.9354181,30,0.10378575500468414,0,0,0,1
img_010642.jpg,1782802781.0655642,30,0.06840327349494925,0,0,0,1
img_010643.jpg,1782802781.1655562,30,0.08441232823123505,0,0,0,1
img_010644.jpg,1782802781.3092058,30,0.05563460586750076,0,0,0,1
img_010645.jpg,1782802781.4153218,30,0.07446951997375244,0,0,0,1
img_010646.jpg,1782802781.54524,30,0.04908148465627359,0,0,0,1
img_010647.jpg,1782802781.6855826,30,0.03234869966817423,0,0,0,1
img_010648.jpg,1782802781.7951534,30,0.05633706424721127,0,0,0,1
img_010649.jpg,1782802781.9413924,30,0.03713071811666827,0,0,0,1
img_010650.jpg,1782802782.0454807,30,0.09142743981394803,0,0,0,1
img_010651.jpg,1782802782.1751847,30,0.0798258334335361,0,0,0,1
img_010652.jpg,1782802782.3158758,30,0.12756458541814494,0,0,0,1
img_010653.jpg,1782802782.426079,30,0.0840754612637675,0,0,0,1
img_010654.jpg,1782802782.5685656,30,0.1219454704136528,0,0,0,1
img_010655.jpg,1782802782.6655474,30,0.10736087650822919,0,0,0,1
img_010656.jpg,1782802782.802541,30,0.1416542458765652,0,0,0,1
img_010657.jpg,1782802782.9354174,30,0.1503044614131308,0,0,0,1
img_010658.jpg,1782802783.0452187,30,0.148187800448868,0,0,0,1
img_010659.jpg,1782802783.176038,30,0.15539206195592814,0,0,0,1
img_010660.jpg,1782802783.2752416,30,0.10241603688710192,0,0,0,1
img_010661.jpg,1782802783.405403,30,0.11975013893154364,0,0,0,1
img_010662.jpg,1782802783.515361,30,0.1001160156895798,0,0,0,1
img_010663.jpg,1782802783.635225,30,0.06598461611740336,0,0,0,1
img_010664.jpg,1782802783.7309523,30,0.0434892412984255,0,0,0,1
img_010665.jpg,1782802783.8700802,30,0.02866295539777863,0,0,0,1
img_010666.jpg,1782802783.9655948,30,0.05346701941278545,0,0,0,1
img_010667.jpg,1782802784.0855522,30,0.03523912459554261,0,0,0,1
img_010668.jpg,1782802784.1952088,30,0.04524506077680958,0,0,0,1
img_010669.jpg,1782802784.2906427,30,0.029820183574056244,0,0,0,1
img_010670.jpg,1782802784.386663,30,0.01965393201209261,0,0,0,1
img_010671.jpg,1782802784.4952867,30,0.02840779772978178,0,0,0,1
img_010672.jpg,1782802784.5855315,30,0.01872305459850208,0,0,0,1
img_010673.jpg,1782802784.6855054,30,0.045726937939198395,0,0,0,1
img_010674.jpg,1782802784.8212373,30,0.052758456421998653,0,0,0,1
img_010675.jpg,1782802784.9154055,30,0.0722298969143333,0,0,0,1
img_010676.jpg,1782802785.0056448,30,0.04760539047887779,0,0,0,1
img_010677.jpg,1782802785.1154335,30,0.09107720250132217,0,0,0,1
img_010678.jpg,1782802785.205249,30,0.060027301353366286,0,0,0,1
img_010679.jpg,1782802785.275646,30,0.03956288520956208,0,0,0,1
img_010680.jpg,1782802785.3840268,30,0.0483425724414184,0,0,0,1
img_010681.jpg,1782802785.4759786,30,0.1483425724414184,0,0,0,1
img_010682.jpg,1782802785.5657659,30,0.09776984860009641,0,0,0,1
img_010683.jpg,1782802785.671853,30,0.06443830073838494,0,0,0,1
img_010684.jpg,1782802785.7453947,30,0.042470093403074435,0,0,0,1
img_010685.jpg,1782802785.8353367,30,0.027991253850544573,0,0,0,1
img_010686.jpg,1782802785.9202726,30,5.2737200103028514e-05,0,0,0,1
img_010687.jpg,1782802786.02538,30,-0.09994726279989698,0,0,0,1
img_010688.jpg,1782802786.0952873,30,-0.19994726279989694,0,0,0,1
img_010689.jpg,1782802786.185553,30,-0.1317815465258268,0,0,0,1
img_010690.jpg,1782802786.2854574,30,-0.08685478241389363,0,0,0,1
img_010691.jpg,1782802786.375557,30,-0.0572443822905536,0,0,0,1
img_010692.jpg,1782802786.4453108,30,-0.05793747247250127,0,0,0,1
img_010693.jpg,1782802786.5400782,30,-0.03818551760753422,0,0,0,1
img_010694.jpg,1782802786.6356294,30,-0.02516736910895408,0,0,0,1
img_010695.jpg,1782802786.7253103,30,-0.016587347967266085,0,0,0,1
img_010696.jpg,1782802786.7952898,30,-0.010932414564114158,0,0,0,1
img_010697.jpg,1782802786.9055657,30,0.0,0,0,0,1
img_010698.jpg,1782802786.9953513,30,0.0,0,0,0,1
img_010699.jpg,1782802787.0887914,30,0.0,0,0,0,1
img_010700.jpg,1782802787.1852427,30,0.0,0,0,0,1
img_010701.jpg,1782802787.2656057,30,0.0,0,0,0,1
img_010702.jpg,1782802787.3614144,30,0.0,0,0,0,1
img_010703.jpg,1782802787.45577,30,0.0,0,0,0,1
img_010704.jpg,1782802787.555381,30,0.0,0,0,0,1
img_010705.jpg,1782802787.6493843,30,0.0,0,0,0,1
img_010706.jpg,1782802787.7429743,30,0.0,0,0,0,1
img_010707.jpg,1782802787.8487947,30,0.0,0,0,0,1
img_010708.jpg,1782802787.9401383,30,0.0,0,0,0,1
img_010709.jpg,1782802788.0285883,30,0.0,0,0,0,1
img_010710.jpg,1782802788.1356447,30,0.0736,0,0,0,1
img_010711.jpg,1782802788.2316587,30,0.048508400107520014,0,0,0,1
img_010712.jpg,1782802788.3252888,30,0.031970990230859336,0,0,0,1
img_010713.jpg,1782802788.455276,30,0.021071488939567097,0,0,0,1
img_010714.jpg,1782802788.5525904,30,0.013887829026381839,0,0,0,1
img_010715.jpg,1782802788.6435184,30,0.0863768027042713,0,0,0,1
img_010716.jpg,1782802788.7453403,30,0.05692935469547702,0,0,0,1
img_010717.jpg,1782802788.8401613,30,0.10338500581425177,0,0,0,1
img_010718.jpg,1782802788.9252775,30,0.06813914710809792,0,0,0,1
img_010719.jpg,1782802788.9953253,30,0.04490925286555406,0,0,0,1
img_010720.jpg,1782802789.0975282,30,0.04774643259174277,0,0,0,1
img_010721.jpg,1782802789.1855872,30,0.03146879151993196,0,0,0,1
img_010722.jpg,1782802789.2754714,30,0.020740499048220003,0,0,0,1
img_010723.jpg,1782802789.3755305,30,0.04729789772286034,0,0,0,1
img_010724.jpg,1782802789.4690795,30,0.031173170475340607,0,0,0,1
img_010725.jpg,1782802789.535608,30,0.06427417377110203,0,0,0,1
img_010726.jpg,1782802789.6397312,30,0.06037342479943417,0,0,0,1
img_010727.jpg,1782802789.7253823,30,0.039791008777611735,0,0,0,1
img_010728.jpg,1782802789.8157277,30,0.044079758559579255,0,0,0,1
img_010729.jpg,1782802789.8896413,30,0.029052154413735737,0,0,0,1
img_010730.jpg,1782802789.9856198,30,0.06262256401612305,0,0,0,1
img_010731.jpg,1782802790.0761716,30,0.059190223198299904,0,0,0,1
img_010732.jpg,1782802790.1656544,30,0.039011182464083485,0,0,0,1
img_010733.jpg,1782802790.261001,30,0.10949028786695683,0,0,0,1
img_010734.jpg,1782802790.3294268,30,0.0721630257029604,0,0,0,1
img_010735.jpg,1782802790.4170384,30,0.07169708358589989,0,0,0,1
img_010736.jpg,1782802790.5038004,30,0.06569114513347027,0,0,0,1
img_010737.jpg,1782802790.5877185,30,0.04329581999531986,0,0,0,1
img_010738.jpg,1782802790.6701193,30,0.07371393548051564,0,0,0,1
img_010739.jpg,1782802790.7525938,30,0.08854767699145177,0,0,0,1
img_010740.jpg,1782802790.8256018,30,0.05836013782734764,0,0,0,1
img_010741.jpg,1782802790.9223995,30,0.038464088533410226,0,0,0,1
img_010742.jpg,1782802791.0000963,30,0.025350970059099674,0,0,0,1
img_010743.jpg,1782802791.081323,30,0.016708355961149012,0,0,0,1
img_010744.jpg,1782802791.1589377,30,0.011012168697041892,0,0,0,1
img_010745.jpg,1782802791.2435205,30,-0.04,0,0,0,1
img_010746.jpg,1782802791.322314,30,-0.0429835776,0,0,0,1
img_010747.jpg,1782802791.4142723,30,-0.028329681797193407,0,0,0,1
img_010748.jpg,1782802791.5110803,30,-0.01867156983066555,0,0,0,1
img_010749.jpg,1782802791.585375,30,-0.012306086684530218,0,0,0,1
img_010750.jpg,1782802791.6693008,30,0.0,0,0,0,1
img_010751.jpg,1782802791.7434044,30,-0.06,0,0,0,1
img_010752.jpg,1782802791.8391364,30,-0.05731143680000001,0,0,0,1
img_010753.jpg,1782802791.9231138,30,-0.03777290906292455,0,0,0,1
img_010754.jpg,1782802792.0079126,30,-0.13777290906292455,0,0,0,1
img_010755.jpg,1782802792.1006072,30,-0.09080357876088742,0,0,0,1
img_010756.jpg,1782802792.1754801,30,-0.059846961001736865,0,0,0,1
img_010757.jpg,1782802792.2617705,30,-0.039444026215915744,0,0,0,1
img_010758.jpg,1782802792.346345,30,-0.025996828879526486,0,0,0,1
img_010759.jpg,1782802792.4392092,30,-0.08200371596363122,0,0,0,1
img_010760.jpg,1782802792.5235825,30,-0.05404713402537023,0,0,0,1
img_010761.jpg,1782802792.5915504,30,-0.03562146741803557,0,0,0,1
img_010762.jpg,1782802792.6758537,30,-0.02347745100449806,0,0,0,1
img_010763.jpg,1782802792.77107,30,-0.015473554168897957,0,0,0,1
img_010764.jpg,1782802792.8366625,30,-0.010198333650954976,0,0,0,1
img_010765.jpg,1782802792.9224632,30,0.0,0,0,0,1
img_010766.jpg,1782802793.0143447,30,0.0,0,0,0,1
img_010767.jpg,1782802793.1013641,30,0.08,0,0,0,1
img_010768.jpg,1782802793.165793,30,0.05272652185600001,0,0,0,1
img_010769.jpg,1782802793.2541537,30,0.03475107633789058,0,0,0,1
img_010770.jpg,1782802793.3543108,30,0.022903792325616408,0,0,0,1
img_010771.jpg,1782802793.4393861,30,0.015095466333023737,0,0,0,1
img_010772.jpg,1782802793.5192645,30,0.0,0,0,0,1
img_010773.jpg,1782802793.603528,30,0.0,0,0,0,1
img_010774.jpg,1782802793.6953871,30,0.06,0,0,0,1
img_010775.jpg,1782802793.755502,30,0.03954489139200001,0,0,0,1
img_010776.jpg,1782802793.8390865,30,0.026063307253417937,0,0,0,1
img_010777.jpg,1782802793.9255896,30,0.017177844244212304,0,0,0,1
img_010778.jpg,1782802794.020816,30,0.011321599749767802,0,0,0,1
img_010779.jpg,1782802794.087912,30,0.0,0,0,0,1
img_010780.jpg,1782802794.173065,30,0.0,0,0,0,1
img_010781.jpg,1782802794.2757967,30,0.0,0,0,0,1
img_010782.jpg,1782802794.3540802,30,0.08,0,0,0,1
img_010783.jpg,1782802794.4334614,30,0.07163929600000002,0,0,0,1
img_010784.jpg,1782802794.5014236,30,0.0472161363286557,0,0,0,1
img_010785.jpg,1782802794.5979962,30,0.11703884542236324,0,0,0,1
img_010786.jpg,1782802794.7025,30,0.07713814051454053,0,0,0,1
img_010787.jpg,1782802794.7684562,30,0.17713814051454052,0,0,0,1
img_010788.jpg,1782802794.8453724,30,0.1412283760121076,0,0,0,1
img_010789.jpg,1782802794.9335759,30,0.12117501432730679,0,0,0,1
img_010790.jpg,1782802795.0102062,30,0.18508101318112222,0,0,0,1
img_010791.jpg,1782802795.0749047,30,0.12198347608281333,0,0,0,1
img_010792.jpg,1782802795.1588478,30,0.0803970552218914,0,0,0,1
img_010793.jpg,1782802795.2510173,30,0.052988213616438705,0,0,0,1
img_010794.jpg,1782802795.3307054,30,0.12874915652712363,0,0,0,1
img_010795.jpg,1782802795.4242015,30,0.1920492240049537,0,0,0,1
img_010796.jpg,1782802795.514812,30,0.1265760950865629,0,0,0,1
img_010797.jpg,1782802795.5964248,30,0.08342396555035993,0,0,0,1
img_010798.jpg,1782802795.671226,30,0.05498319428631556,0,0,0,1
img_010799.jpg,1782802795.7328913,30,0.036238407440626404,0,0,0,1
img_010800.jpg,1782802795.818239,30,0.023884064774310272,0,0,0,1
img_010801.jpg,1782802795.9004543,30,0.03711037586049987,0,0,0,1
img_010802.jpg,1782802795.9734972,30,0.13711037586049987,0,0,0,1
img_010803.jpg,1782802796.0612915,30,0.0903669153686628,0,0,0,1
img_010804.jpg,1782802796.156579,30,0.059559164228063795,0,0,0,1
img_010805.jpg,1782802796.2430623,30,0.03925434467995125,0,0,0,1
img_010806.jpg,1782802796.3254461,30,0.025871813283880093,0,0,0,1
img_010807.jpg,1782802796.4016724,30,0.01705163410708569,0,0,0,1
img_010808.jpg,1782802796.4906921,30,-0.026722097140421657,0,0,0,1
img_010809.jpg,1782802796.572193,30,-0.09818432936918793,0,0,0,1
img_010810.jpg,1782802796.6564474,30,-0.0647114773550149,0,0,0,1
img_010811.jpg,1782802796.7628381,30,-0.04265013906366554,0,0,0,1
img_010812.jpg,1782802796.8220737,30,-0.028109918618772517,0,0,0,1
img_010813.jpg,1782802796.9017406,30,-0.018526727980288638,0,0,0,1
img_010814.jpg,1782802796.9935882,30,-0.012210624097160696,0,0,0,1
img_010815.jpg,1782802797.0816846,30,0.0,0,0,0,1
img_010816.jpg,1782802797.1594768,30,0.0,0,0,0,1
img_010817.jpg,1782802797.2271383,30,0.04,0,0,0,1
img_010818.jpg,1782802797.3139558,30,0.14,0,0,0,1
img_010819.jpg,1782802797.4211123,30,0.11462287360000002,0,0,0,1
img_010820.jpg,1782802797.4855506,30,0.0755458181258491,0,0,0,1
img_010821.jpg,1782802797.571311,30,0.11914198046171867,0,0,0,1
img_010822.jpg,1782802797.6519058,30,0.07852427795977421,0,0,0,1
img_010823.jpg,1782802797.7409482,30,0.10114591295594066,0,0,0,1
img_010824.jpg,1782802797.8203905,30,0.10990862866783555,0,0,0,1
img_010825.jpg,1782802797.9057028,30,0.07243874639522026,0,0,0,1
img_010826.jpg,1782802797.9935546,30,0.11651215494891444,0,0,0,1
img_010827.jpg,1782802798.0739374,30,0.07679100855504496,0,0,0,1
img_010828.jpg,1782802798.15869,30,0.075012537920134,0,0,0,1
img_010829.jpg,1782802798.2376509,30,0.11427461209560144,0,0,0,1
img_010830.jpg,1782802798.3368163,30,0.10186552761201974,0,0,0,1
img_010831.jpg,1782802798.417918,30,0.2018655276120197,0,0,0,1
img_010832.jpg,1782802798.501003,30,0.13304583942010162,0,0,0,1
img_010833.jpg,1782802798.5855956,30,0.172609998485174,0,0,0,1
img_010834.jpg,1782802798.6744473,30,0.23240119860636005,0,0,0,1
img_010835.jpg,1782802798.7626605,30,0.15317133597098553,0,0,0,1
img_010836.jpg,1782802798.8281577,30,0.10095239742233611,0,0,0,1
img_010837.jpg,1782802798.9256701,30,0.06653585986380506,0,0,0,1
img_010838.jpg,1782802799.0096245,30,0.04385255586645839,0,0,0,1
img_010839.jpg,1782802799.0866368,30,0.12034435139714174,0,0,0,1
img_010840.jpg,1782802799.153371,30,0.12485822230073751,0,0,0,1
img_010841.jpg,1782802799.243451,30,0.10944755145436337,0,0,0,1
img_010842.jpg,1782802799.3237808,30,0.20944755145436333,0,0,0,1
img_010843.jpg,1782802799.4129155,30,0.1643746105511437,0,0,0,1
img_010844.jpg,1782802799.4955583,30,0.16799653674084897,0,0,0,1
img_010845.jpg,1782802799.5862808,30,0.228156813801581,0,0,0,1
img_010846.jpg,1782802799.6494908,30,0.15037394036880483,0,0,0,1
img_010847.jpg,1782802799.7256718,30,0.2183440251393004,0,0,0,1
img_010848.jpg,1782802799.8030443,30,0.2744765031281564,0,0,0,1
img_010849.jpg,1782802799.8948576,30,0.1809023917643149,0,0,0,1
img_010850.jpg,1782802799.9869325,30,0.11922942391454781,0,0,0,1
img_010851.jpg,1782802800.0781217,30,0.07858191032385868,0,0,0,1
img_010852.jpg,1782802800.1546178,30,0.0517918851522146,0,0,0,1
img_010853.jpg,1782802800.2498636,30,0.03413507455552107,1,0,0,0
img_010854.jpg,1782802800.3296742,30,0.022497796932598395,1,0,0,0
img_010855.jpg,1782802800.3976572,30,0.014827882270981238,1,0,0,0
img_010856.jpg,1782802800.4878626,30,0.0,1,0,0,0
img_010857.jpg,1782802800.572504,30,0.0,1,0,0,0
img_010858.jpg,1782802800.6476643,30,0.0,1,0,0,0
img_010859.jpg,1782802800.7335906,30,0.0,1,0,0,0
img_010860.jpg,1782802800.8230603,30,0.0,1,0,0,0
img_010861.jpg,1782802800.908577,30,-0.08,1,0,0,0
img_010862.jpg,1782802800.9782188,30,-0.05272652185600001,1,0,0,0
img_010863.jpg,1782802801.0639374,30,-0.03475107633789058,1,0,0,0
img_010864.jpg,1782802801.155471,30,-0.06706024613139934,1,0,0,0
img_010865.jpg,1782802801.23558,30,-0.06236934742440173,1,0,0,0
img_010866.jpg,1782802801.3105829,30,-0.041106484501464695,1,0,0,0
img_010867.jpg,1782802801.3858662,30,-0.027092524418622546,1,0,0,0
img_010868.jpg,1782802801.458896,30,-0.12709252441862257,1,0,0,0
img_010869.jpg,1782802801.539936,30,-0.19052512246513273,1,0,0,0
img_010870.jpg,1782802801.6306329,30,-0.12557158792218626,1,0,0,0
img_010871.jpg,1782802801.7129414,30,-0.19552586088841134,1,0,0,0
img_010872.jpg,1782802801.7966042,30,-0.15440120943839725,1,0,0,0
img_010873.jpg,1782802801.8676136,30,-0.1017629843005811,1,0,0,0
img_010874.jpg,1782802801.9479673,30,-0.1736219455565346,1,0,0,0
img_010875.jpg,1782802802.0304732,30,-0.11443101633834832,1,0,0,0
img_010876.jpg,1782802802.1229002,30,-0.0754193685496027,1,0,0,0
img_010877.jpg,1782802802.2074587,30,-0.11461895354038375,1,0,0,0
img_010878.jpg,1782802802.2919912,30,-0.07554323448698616,1,0,0,0
img_010879.jpg,1782802802.3807583,30,-0.14949977572802728,1,0,0,0
img_010880.jpg,1782802802.4417624,30,-0.12142844605313763,1,0,0,0
img_010881.jpg,1782802802.5177999,30,-0.08003124518451099,1,0,0,0
img_010882.jpg,1782802802.5934813,30,-0.18003124518451097,1,0,0,0
img_010883.jpg,1782802802.6780272,30,-0.11865526729980017,1,0,0,0
img_010884.jpg,1782802802.7676573,30,-0.16042981824255087,1,0,0,0
img_010885.jpg,1782802802.8558264,30,-0.129258651563043,1,0,0,0
img_010886.jpg,1782802802.916848,30,-0.08519198895894846,1,0,0,0
img_010887.jpg,1782802803.0062428,30,-0.15197662984223256,1,0,0,0
img_010888.jpg,1782802803.0906274,30,-0.10016498868722126,1,0,0,0
img_010889.jpg,1782802803.156585,30,-0.11799727471087497,1,0,0,0
img_010890.jpg,1782802803.2356348,30,-0.09886027610205687,1,0,0,0
img_010891.jpg,1782802803.3258793,30,-0.06515698135731622,1,0,0,0
img_010892.jpg,1782802803.4138336,30,-0.11514886902083246,1,0,0,0
img_010893.jpg,1782802803.497707,30,-0.07589249198900758,1,0,0,0
img_010894.jpg,1782802803.5916772,30,-0.12423540521949604,1,0,0,0
img_010895.jpg,1782802803.6604226,30,-0.224235405219496,1,0,0,0
img_010896.jpg,1782802803.7178504,30,-0.14778941242743468,1,0,0,0
img_010897.jpg,1782802803.7966352,30,-0.09740527105550668,1,0,0,0
img_010898.jpg,1782802803.876618,30,-0.19740527105550665,1,0,0,0
img_010899.jpg,1782802803.9638023,30,-0.15574760565105675,1,0,0,0
img_010900.jpg,1782802804.0341742,30,-0.10265036916725144,1,0,0,0
img_010901.jpg,1782802804.1404703,30,-0.14208327246316163,1,0,0,0
img_010902.jpg,1782802804.2413828,30,-0.09364445963626121,1,0,0,0
img_010903.jpg,1782802804.315669,30,-0.1661529028653603,1,0,0,0
img_010904.jpg,1782802804.3925729,30,-0.13335862909630797,1,0,0,0
img_010905.jpg,1782802804.4720182,30,-0.08789420839665851,1,0,0,0
img_010906.jpg,1782802804.5412347,30,-0.16086267172492583,1,0,0,0
img_010907.jpg,1782802804.6323116,30,-0.12956874475052793,1,0,0,0
img_010908.jpg,1782802804.7156403,30,-0.11282213657531519,1,0,0,0
img_010909.jpg,1782802804.794401,30,-0.21282213657531515,1,0,0,0
img_010910.jpg,1782802804.882347,30,-0.1402671379447372,1,0,0,0
img_010911.jpg,1782802804.9478555,30,-0.14922433711191152,1,0,0,0
img_010912.jpg,1782802805.0317564,30,-0.21088639014295857,1,0,0,0
img_010913.jpg,1782802805.1294646,30,-0.13899132323757063,1,0,0,0
img_010914.jpg,1782802805.206896,30,-0.09160661303100162,1,0,0,0
img_010915.jpg,1782802805.2836435,30,-0.10518897028788461,1,0,0,0
img_010916.jpg,1782802805.3711443,30,-0.06932810676117855,1,0,0,0
img_010917.jpg,1782802805.469569,30,-0.04569287420472979,1,0,0,0
img_010918.jpg,1782802805.552594,30,-0.12203744426835142,1,0,0,0
img_010919.jpg,1782802805.6278763,30,-0.1017546251302393,1,0,0,0
img_010920.jpg,1782802805.7296846,30,-0.06706459332348313,1,0,0,0
img_010921.jpg,1782802805.8146157,30,-0.04420103432042983,1,0,0,0
img_010922.jpg,1782802805.8825073,30,-0.029132085026924374,1,0,0,0
img_010923.jpg,1782802805.9557266,30,-0.019200418973537234,1,0,0,0
img_010924.jpg,1782802806.0299213,30,-0.012654641383157103,1,0,0,0
img_010925.jpg,1782802806.1256242,30,0.0,1,0,0,0
img_010926.jpg,1782802806.2067451,30,0.0,1,0,0,0
img_010927.jpg,1782802806.2962909,30,0.0,1,0,0,0
img_010928.jpg,1782802806.382912,30,0.0,1,0,0,0
img_010929.jpg,1782802806.4606507,30,0.0,1,0,0,0
img_010930.jpg,1782802806.5220265,30,0.0,1,0,0,0
img_010931.jpg,1782802806.603313,30,0.0,1,0,0,0
img_010932.jpg,1782802806.696693,30,0.0,1,0,0,0
img_010933.jpg,1782802806.7787943,30,0.0,0,0,0,1
img_010934.jpg,1782802806.8613727,30,0.0,0,0,0,1
img_010935.jpg,1782802806.9462454,30,0.0,0,0,0,1
img_010936.jpg,1782802807.033756,30,0.0,0,0,0,1
img_010937.jpg,1782802807.117603,30,0.0,0,0,0,1
img_010938.jpg,1782802807.1928885,30,0.0,0,0,0,1
img_010939.jpg,1782802807.2688131,30,0.0,0,0,0,1
img_010940.jpg,1782802807.359581,30,0.0,0,0,0,1
img_010941.jpg,1782802807.440395,30,0.0,0,0,0,1
img_010942.jpg,1782802807.52964,30,0.0,0,0,0,1
img_010943.jpg,1782802807.614312,30,0.0,0,0,0,1
img_010944.jpg,1782802807.6940963,30,0.0,0,0,0,1
img_010945.jpg,1782802807.7741942,30,0.0,0,0,0,1
img_010946.jpg,1782802807.8569274,30,0.0,0,0,0,1
img_010947.jpg,1782802807.9495466,30,0.0,0,0,0,1
img_010948.jpg,1782802808.0250235,30,0.0,0,0,0,1
img_010949.jpg,1782802808.1063404,30,0.0,0,0,0,1
img_010950.jpg,1782802808.1868715,30,0.0,0,0,0,1
img_010951.jpg,1782802808.2824943,30,0.0,0,0,0,1
img_010952.jpg,1782802813.439466,30,0.0,0,0,0,1
img_010953.jpg,1782802813.5245204,30,0.0,0,0,0,1
img_010954.jpg,1782802813.6058953,30,0.0,0,0,0,1
img_010955.jpg,1782802813.706104,30,0.0,0,0,0,1
img_010956.jpg,1782802813.794632,30,0.0,0,0,0,1
img_010957.jpg,1782802813.876045,30,0.0,0,0,0,1
img_010958.jpg,1782802813.9528642,30,0.0,0,0,0,1
img_010959.jpg,1782802814.018233,30,0.0,0,0,0,1
img_010960.jpg,1782802814.1099746,30,0.0,0,0,0,1
img_010961.jpg,1782802814.1922958,30,0.0,0,0,0,1
img_010962.jpg,1782802814.2707124,30,0.0,0,0,0,1
img_010963.jpg,1782802814.3450253,30,0.02,0,0,0,1
img_010964.jpg,1782802814.4259562,30,0.12000000000000001,0,0,0,1
img_010965.jpg,1782802814.5222735,30,0.07908978278400002,0,0,0,1
img_010966.jpg,1782802814.6020017,30,0.15276260016128002,0,0,0,1
img_010967.jpg,1782802814.6822202,30,0.12376591050683589,0,0,0,1
img_010968.jpg,1782802814.7661543,30,0.0815718248170803,0,0,0,1
img_010969.jpg,1782802814.855832,30,0.11982639252517678,0,0,0,1
img_010970.jpg,1782802814.9404078,30,0.07897536130505461,0,0,0,1
img_010971.jpg,1782802815.0279243,30,0.15265733240065024,0,0,0,1
img_010972.jpg,1782802815.1060045,30,0.10061362716626929,0,0,0,1
img_010973.jpg,1782802815.1829076,30,0.06631258264742168,0,0,0,1
img_010974.jpg,1782802815.2587295,30,0.14100757603562794,0,0,0,1
img_010975.jpg,1782802815.3382285,30,0.0929354879963015,0,0,0,1
img_010976.jpg,1782802815.4378688,30,0.06125206298793772,0,0,0,1
img_010977.jpg,1782802815.5060558,30,0.04037010297323235,0,0,0,1
img_010978.jpg,1782802815.596196,30,0.026607188959338827,0,0,0,1
img_010979.jpg,1782802815.6670592,30,0.060718698756369635,0,0,0,1
img_010980.jpg,1782802815.7471693,30,0.07842844209719997,0,0,0,1
img_010981.jpg,1782802815.8384774,30,0.051690737079625564,0,0,0,1
img_010982.jpg,1782802815.9218867,30,0.12755547811325552,0,0,0,1
img_010983.jpg,1782802815.993946,30,0.08406945880738873,0,0,0,1
img_010984.jpg,1782802816.0779765,30,0.10546387873980792,0,0,0,1
img_010985.jpg,1782802816.1721067,30,0.11327097680814355,0,0,0,1
img_010986.jpg,1782802816.2594805,30,0.07465480792906314,0,0,0,1
img_010987.jpg,1782802816.3370743,30,0.04920360452409037,0,0,0,1
img_010988.jpg,1782802816.4110935,30,0.0324291866166679,0,0,0,1
img_010989.jpg,1782802816.4986286,30,0.10983485168733448,0,0,0,1
img_010990.jpg,1782802816.5940473,30,0.09301277371145054,0,0,0,1
img_010991.jpg,1782802816.66096,30,0.11242793073582202,0,0,0,1
img_010992.jpg,1782802816.7471592,30,0.14594300057479975,0,0,0,1
img_010993.jpg,1782802816.8551621,30,0.09618833511921751,0,0,0,1
img_010994.jpg,1782802816.934487,30,0.13219780684490573,0,0,0,1
img_010995.jpg,1782802817.0241263,30,0.08712913189903988,0,0,0,1
img_010996.jpg,1782802817.1018565,30,0.057425200967112934,0,0,0,1
img_010997.jpg,1782802817.1946297,30,0.03784788892347092,0,0,0,1
img_010998.jpg,1782802817.2664118,30,0.024944844281585627,0,0,0,1
img_010999.jpg,1782802817.3250868,30,0.037870310831624204,0,0,0,1
img_011000.jpg,1782802817.4060245,30,0.10844068596509429,0,0,0,1
img_011001.jpg,1782802817.497841,30,0.07147125248272723,0,0,0,1
img_011002.jpg,1782802817.5780003,30,0.14575355228410905,0,0,0,1
img_011003.jpg,1782802817.6561146,30,0.1741498066532699,0,0,0,1
img_011004.jpg,1782802817.7469304,30,0.14475969547176373,0,0,0,1
img_011005.jpg,1782802817.8345048,30,0.2067789198340226,0,0,0,1
img_011006.jpg,1782802817.9100196,30,0.13628416544985833,0,0,0,1
img_011007.jpg,1782802817.99391,30,0.14612284422581928,0,0,0,1
img_011008.jpg,1782802818.0840871,30,0.11900923609855359,0,0,0,1
img_011009.jpg,1782802818.1630998,30,0.07843678860270314,0,0,0,1
img_011010.jpg,1782802818.24317,30,0.05169623810718601,0,0,0,1
img_011011.jpg,1782802818.3325598,30,0.03407203535539405,0,0,0,1
img_011012.jpg,1782802818.4184246,30,0.022456248960557364,0,0,0,1
img_011013.jpg,1782802818.5016065,30,0.014800498770282567,0,0,0,1
img_011014.jpg,1782802818.5744278,30,0.0,0,0,0,1
img_011015.jpg,1782802818.6569755,30,0.0,0,0,0,1
img_011016.jpg,1782802818.749884,30,0.08,0,0,0,1
img_011017.jpg,1782802818.8358955,30,0.05272652185600001,0,0,0,1
img_011018.jpg,1782802818.918271,30,0.03475107633789058,0,0,0,1
img_011019.jpg,1782802819.0081213,30,0.1347510763378906,0,0,0,1
img_011020.jpg,1782802819.096857,30,0.08881194464561644,0,0,0,1
img_011021.jpg,1782802819.1734395,30,0.1888119446456164,0,0,0,1
img_011022.jpg,1782802819.2510488,30,0.12444246407538696,0,0,0,1
img_011023.jpg,1782802819.3300056,30,0.08201772877356735,0,0,0,1
img_011024.jpg,1782802819.3962803,30,0.12020380563394742,0,0,0,1
img_011025.jpg,1782802819.4901414,30,0.07922410731165883,0,0,0,1
img_011026.jpg,1782802819.5779402,30,0.12705528442858804,0,0,0,1
img_011027.jpg,1782802819.6697452,30,0.1053493704954381,0,0,0,1
img_011028.jpg,1782802819.7481902,30,0.09547154736336359,0,0,0,1
img_011029.jpg,1782802819.8403008,30,0.13159111768835094,0,0,0,1
img_011030.jpg,1782802819.9198349,30,0.08672927428562881,0,0,0,1
img_011031.jpg,1782802820.0002353,30,0.18672927428562877,0,0,0,1
img_011032.jpg,1782802820.0791726,30,0.12306981452220284,0,0,0,1
img_011033.jpg,1782802820.159758,30,0.08111304081523495,0,0,0,1
img_011034.jpg,1782802820.2570937,30,0.0943092715263337,0,0,0,1
img_011035.jpg,1782802820.3383937,30,0.06215749832945841,0,0,0,1
img_011036.jpg,1782802820.416435,30,0.040966858677280914,0,0,0,1
img_011037.jpg,1782802820.4992533,30,0.027000499617741446,0,0,0,1
img_011038.jpg,1782802820.5918076,30,0.08285322287645637,0,0,0,1
img_011039.jpg,1782802820.6789134,30,0.0736833247820043,0,0,0,1
img_011040.jpg,1782802820.7579668,30,0.09737632080784937,0,0,0,1
img_011041.jpg,1782802820.8436153,30,0.1631862151432214,0,0,0,1
img_011042.jpg,1782802820.9244678,30,0.10755301924183729,0,0,0,1
img_011043.jpg,1782802821.0047631,30,0.20755301924183725,0,0,0,1
img_011044.jpg,1782802821.0944297,30,0.136794360066669,0,0,0,1
img_011045.jpg,1782802821.1852264,30,0.14652012665159436,0,0,0,1
img_011046.jpg,1782802821.2580342,30,0.17479863519790945,0,0,0,1
img_011047.jpg,1782802821.3316662,30,0.11520655073951931,0,0,0,1
img_011048.jpg,1782802821.4126594,30,0.10253316189567445,0,0,0,1
img_011049.jpg,1782802821.4810143,30,0.13756806822849885,0,0,0,1
img_011050.jpg,1782802821.5709305,30,0.09066857195172057,0,0,0,1
img_011051.jpg,1782802821.6723437,30,0.0597579805083088,0,0,0,1
img_011052.jpg,1782802821.7530227,30,0.039385380816772085,0,0,0,1
img_011053.jpg,1782802821.8491607,30,0.1393853808167721,0,0,0,1
img_011054.jpg,1782802821.9245136,30,0.09186632910053023,0,0,0,1
img_011055.jpg,1782802822.008225,30,0.1377556609506888,0,0,0,1
img_011056.jpg,1782802822.099424,30,0.1130150449052204,0,0,0,1
img_011057.jpg,1782802822.1809142,30,0.07448612794064907,0,0,0,1
img_011058.jpg,1782802822.2384248,30,0.1230450586889654,0,0,0,1
img_011059.jpg,1782802822.322907,30,0.1549293376743403,0,0,0,1
img_011060.jpg,1782802822.430033,30,0.10211106386277138,0,0,0,1
img_011061.jpg,1782802822.4984274,30,0.06729951550624785,0,0,0,1
img_011062.jpg,1782802822.5747652,30,0.06821289912008681,0,0,0,1
img_011063.jpg,1782802822.6561313,30,0.0631950999108204,0,0,0,1
img_011064.jpg,1782802822.7669306,30,0.06527252468260837,0,0,0,1
img_011065.jpg,1782802822.8307729,30,0.13365072270799971,0,0,0,1
img_011066.jpg,1782802822.916232,30,0.08808672189916932,0,0,0,1
img_011067.jpg,1782802823.027893,30,0.12975660141545692,0,0,0,1
img_011068.jpg,1782802823.1149573,30,0.08552017850615465,0,0,0,1
img_011069.jpg,1782802823.1833947,30,0.15867856422566226,0,0,0,1
img_011070.jpg,1782802823.264866,30,0.10458210980903852,0,0,0,1
img_011071.jpg,1782802823.360555,30,0.06892813623241079,0,0,0,1
img_011072.jpg,1782802823.4414666,30,0.045429261019394415,0,0,0,1
img_011073.jpg,1782802823.5233634,30,0.029941586550512857,0,0,0,1
img_011074.jpg,1782802823.6127703,30,0.10754625962647184,0,0,0,1
img_011075.jpg,1782802823.6931787,30,0.09137324247073667,0,0,0,1
img_011076.jpg,1782802823.7723134,30,0.06022241582733607,0,0,0,1
img_011077.jpg,1782802823.8367355,30,0.06314291473289614,0,0,0,1
img_011078.jpg,1782802823.9231267,30,0.10422816302992331,0,0,0,1
img_011079.jpg,1782802824.0108957,30,0.06869485645009979,0,0,0,1
img_011080.jpg,1782802824.093044,30,0.14319926793409182,0,0,0,1
img_011081.jpg,1782802824.1627707,30,0.09437999163112618,0,0,0,1
img_011082.jpg,1782802824.2514799,30,0.08761316156939772,0,0,0,1
img_011083.jpg,1782802824.3383794,30,0.12493977995233824,0,0,0,1
img_011084.jpg,1782802824.4251385,30,0.08234550047925993,0,0,0,1
img_011085.jpg,1782802824.5106647,30,0.15575786044091913,0,0,0,1
img_011086.jpg,1782802824.5970094,30,0.10265712790977402,0,0,0,1
img_011087.jpg,1782802824.6719234,30,0.09354284372838163,0,0,0,1
img_011088.jpg,1782802824.7527108,30,0.1596594162301111,0,0,0,1
img_011089.jpg,1782802824.8222048,30,0.10522857124216446,0,0,0,1
img_011090.jpg,1782802824.9112065,30,0.149065462699368,0,0,0,1
img_011091.jpg,1782802824.9872668,30,0.14722300701844548,0,0,0,1
img_011092.jpg,1782802825.0706592,30,0.09703196371580136,0,0,0,1
img_011093.jpg,1782802825.161483,30,0.1421278540890543,0,0,0,1
img_011094.jpg,1782802825.2446961,30,0.09367384256216127,0,0,0,1
img_011095.jpg,1782802825.3097951,30,0.061738698839866255,0,0,0,1
img_011096.jpg,1782802825.3929143,30,0.040690835671765124,0,0,0,1
img_011097.jpg,1782802825.4780173,30,0.11743556881802393,0,0,0,1
img_011098.jpg,1782802825.5684502,30,0.07739961357444165,0,0,0,1
img_011099.jpg,1782802825.644283,30,0.05101265520973441,0,0,0,1
img_011100.jpg,1782802825.729085,30,0.07652294245995767,0,0,0,1
img_011101.jpg,1782802825.8131163,30,0.05043485747625486,0,0,0,1
img_011102.jpg,1782802825.898301,30,0.10268806336790212,0,0,0,1
img_011103.jpg,1782802825.9826818,30,0.11110948268782499,0,0,0,1
img_011104.jpg,1782802826.0713096,30,0.07323020709185574,0,0,0,1
img_011105.jpg,1782802826.1617792,30,0.08817100349994297,0,0,0,1
img_011106.jpg,1782802826.2221696,30,0.05811187928881496,0,0,0,1
img_011107.jpg,1782802826.2991035,30,0.03830046591768671,0,0,0,1
img_011108.jpg,1782802826.3926592,30,0.025243129416298648,0,0,0,1
img_011109.jpg,1782802826.482758,30,0.01663728018602884,0,0,0,1
img_011110.jpg,1782802826.5610251,30,0.01096532396691307,0,0,0,1
img_011111.jpg,1782802826.6369324,30,0.0,0,0,0,1
img_011112.jpg,1782802826.7291875,30,0.0,0,0,0,1
img_011113.jpg,1782802826.8108277,30,0.0,0,0,0,1
img_011114.jpg,1782802826.8946426,30,0.0,0,0,0,1
img_011115.jpg,1782802826.9704144,30,0.0,0,0,0,1
img_011116.jpg,1782802827.0600593,30,0.0,0,0,0,1
img_011117.jpg,1782802827.1372855,30,0.0,0,0,0,1
img_011118.jpg,1782802827.2181141,30,0.0,0,0,0,1
img_011119.jpg,1782802827.319275,30,0.0,0,0,0,1
img_011120.jpg,1782802827.3947687,30,0.0,0,0,0,1
img_011121.jpg,1782802827.4750736,30,0.0,0,0,0,1
img_011122.jpg,1782802827.5423007,30,0.0,0,0,0,1
img_011123.jpg,1782802827.6382666,30,0.0,0,0,0,1
img_011124.jpg,1782802827.7217982,30,0.0,0,0,0,1
img_011125.jpg,1782802827.8034399,30,0.0,0,0,0,1
img_011126.jpg,1782802827.87805,30,-0.050784,0,0,0,1
img_011127.jpg,1782802827.9706175,30,-0.033470796074188805,0,0,0,1
img_011128.jpg,1782802828.0507338,30,-0.022059983259292943,0,0,0,1
img_011129.jpg,1782802828.130908,30,-0.09389518459854952,0,0,0,1
img_011130.jpg,1782802828.1984375,30,-0.0618845812863572,0,0,0,1
img_011131.jpg,1782802828.294564,30,-0.13693381478344863,0,0,0,1
img_011132.jpg,1782802828.3749368,30,-0.19957910960077271,0,0,0,1
img_011133.jpg,1782802828.4571078,30,-0.13153890355457706,0,0,0,1
img_011134.jpg,1782802828.541183,30,-0.08669486091480856,0,0,0,1
img_011135.jpg,1782802828.6411572,30,-0.05713898098534418,0,0,0,1
img_011136.jpg,1782802828.7328825,30,-0.03765924662191649,0,0,0,1
img_011137.jpg,1782802828.8099816,30,-0.024820513626137183,0,0,0,1
img_011138.jpg,1782802828.9009912,30,-0.05932743611450951,0,0,0,1
img_011139.jpg,1782802828.9816353,30,-0.0773450825731352,0,0,0,1
img_011140.jpg,1782802829.041488,30,-0.050976714834331735,0,0,0,1
img_011141.jpg,1782802829.127933,30,-0.0335978108607434,0,0,0,1
img_011142.jpg,1782802829.2263906,30,-0.02214369635828427,0,0,0,1
img_011143.jpg,1782802829.3019557,30,-0.01459450112509629,0,0,0,1
img_011144.jpg,1782802829.3832026,30,0.0,0,0,0,1
img_011145.jpg,1782802829.4461284,30,-0.04,0,0,0,1
img_011146.jpg,1782802829.5348537,30,-0.0429835776,0,0,0,1
img_011147.jpg,1782802829.624236,30,-0.028329681797193407,0,0,0,1
img_011148.jpg,1782802829.7135189,30,-0.04029518459854951,0,0,0,1
img_011149.jpg,1782802829.8047755,30,-0.11067156983066558,0,0,0,1
img_011150.jpg,1782802829.8784764,30,-0.07294158681893025,0,0,0,1
img_011151.jpg,1782802829.9566228,30,-0.0480744521452456,0,0,0,1
img_011152.jpg,1782802830.04005,30,-0.05136819907271085,0,0,0,1
img_011153.jpg,1782802830.1350422,30,-0.033855830888883096,0,0,0,1
img_011154.jpg,1782802830.198132,30,-0.022313752591446686,0,0,0,1
img_011155.jpg,1782802830.2764416,30,-0.01470658204627863,0,0,0,1
img_011156.jpg,1782802830.3604553,30,0.0,0,0,0,1
img_011157.jpg,1782802830.4579122,30,-0.0368,0,0,0,1
img_011158.jpg,1782802830.5436406,30,-0.024254200053760007,0,0,0,1
img_011159.jpg,1782802830.6181571,30,-0.10231386404945922,0,0,0,1
img_011160.jpg,1782802830.6982367,30,-0.11081809816894532,0,0,0,1
img_011161.jpg,1782802830.7963488,30,-0.07303816093931564,0,0,0,1
img_011162.jpg,1782802830.8717184,30,-0.12181949941903678,0,0,0,1
img_011163.jpg,1782802830.937269,30,-0.1538920243082727,0,0,0,1
img_011164.jpg,1782802831.0274894,30,-0.10142738978942782,0,0,0,1
img_011165.jpg,1782802831.113389,30,-0.06684891855661623,0,0,0,1
img_011166.jpg,1782802831.1936722,30,-0.04405888706656738,0,0,0,1
img_011167.jpg,1782802831.2794209,30,-0.02903839839833001,0,0,0,1
img_011168.jpg,1782802831.3730505,30,-0.08457810040434653,0,0,0,1
img_011169.jpg,1782802831.4576144,30,-0.055743863243859264,0,0,0,1
img_011170.jpg,1782802831.5205934,30,-0.08340707738163429,0,0,0,1
img_011171.jpg,1782802831.6036582,30,-0.12137975029581527,0,0,0,1
img_011172.jpg,1782802831.7026787,30,-0.0799991507106016,0,0,0,1
img_011173.jpg,1782802831.7861867,30,-0.05272596210504967,0,0,0,1
img_011174.jpg,1782802831.8635461,30,-0.03475070741638163,0,0,0,1
img_011175.jpg,1782802831.9291885,30,-0.06705995885664738,0,0,0,1
img_011176.jpg,1782802832.0442739,30,-0.08336630524216505,0,0,0,1
img_011177.jpg,1782802832.1160562,30,-0.0549451914425623,0,0,0,1
img_011178.jpg,1782802832.1993113,30,-0.036213360468479575,0,0,0,1
img_011179.jpg,1782802832.279369,30,-0.023867556777756187,0,0,0,1
img_011180.jpg,1782802832.3707519,30,-0.031426408847984824,0,0,0,1
img_011181.jpg,1782802832.426438,30,-0.0207125654122358,0,0,0,1
img_011182.jpg,1782802832.5068421,30,-0.013651269161276012,0,0,0,1
img_011183.jpg,1782802832.587512,30,0.0,0,0,0,1
img_011184.jpg,1782802832.682487,30,-0.02,0,0,0,1
img_011185.jpg,1782802832.7676213,30,-0.046721280000000004,0,0,0,1
img_011186.jpg,1782802832.8461454,30,-0.0307931323882537,0,0,0,1
img_011187.jpg,1782802832.939319,30,-0.04205998325929294,0,0,0,1
img_011188.jpg,1782802833.016073,30,-0.06389912424421232,0,0,0,1
img_011189.jpg,1782802833.0825763,30,-0.04211473213802151,0,0,0,1
img_011190.jpg,1782802833.164411,30,-0.09564590928162142,0,0,0,1
img_011191.jpg,1782802833.2629032,30,-0.08284791526215227,0,0,0,1
img_011192.jpg,1782802833.344684,30,-0.07935166324448245,0,0,0,1
img_011193.jpg,1782802833.4341903,30,-0.14660353018492386,0,0,0,1
img_011194.jpg,1782802833.524691,30,-0.09662367798077683,0,0,0,1
img_011195.jpg,1782802833.6060827,30,-0.11523969855949517,0,0,0,1
img_011196.jpg,1782802833.6832232,30,-0.12088329039189617,0,0,0,1
img_011197.jpg,1782802833.7449,30,-0.07967194316091887,0,0,0,1
img_011198.jpg,1782802833.8396494,30,-0.07707641919000242,0,0,0,1
img_011199.jpg,1782802833.9254754,30,-0.050799643762548516,0,0,0,1
img_011200.jpg,1782802834.0079257,30,-0.033481106589037864,0,0,0,1
img_011201.jpg,1782802834.0884871,30,-0.08833840861696166,0,0,0,1
img_011202.jpg,1782802834.182765,30,-0.0582222129083311,0,0,0,1
img_011203.jpg,1782802834.2565084,30,-0.03837318476769758,0,0,0,1
img_011204.jpg,1782802834.33769,30,-0.025291057066729163,0,0,0,1
img_011205.jpg,1782802834.4241686,30,-0.016668868414877986,0,0,0,1
img_011206.jpg,1782802834.5175598,30,-0.07410853022635273,0,0,0,1
img_011207.jpg,1782802834.5977695,30,-0.06741868853010632,0,0,0,1
img_011208.jpg,1782802834.6812003,30,-0.04443441192856886,0,0,0,1
img_011209.jpg,1782802834.7651808,30,-0.029285899896377424,0,0,0,1
img_011210.jpg,1782802834.847786,30,-0.019301795511987158,0,0,0,1
img_011211.jpg,1782802834.9283853,30,-0.012721456786535421,0,0,0,1
img_011212.jpg,1782802834.9898965,30,-0.08530374024361259,0,0,0,1
img_011213.jpg,1782802835.0748212,30,-0.05622211905441735,0,0,0,1
img_011214.jpg,1782802835.1618016,30,-0.08377948944224614,0,0,0,1
img_011215.jpg,1782802835.2462778,30,-0.09638560307480379,0,0,0,1
img_011216.jpg,1782802835.331396,30,-0.06352597008909229,0,0,0,1
img_011217.jpg,1782802835.4241254,30,-0.10455238108340774,0,0,0,1
img_011218.jpg,1782802835.499405,30,-0.06890854257863925,0,0,0,1
img_011219.jpg,1782802835.5762024,30,-0.04541634720422162,0,0,0,1
img_011220.jpg,1782802835.63748,30,-0.029933075293538454,0,0,0,1
img_011221.jpg,1782802835.7534096,30,-0.019728336858525618,0,0,0,1
img_011222.jpg,1782802835.8333952,30,-0.11972833685852563,0,0,0,1
img_011223.jpg,1782802835.90874,30,-0.07891073462691979,0,0,0,1
img_011224.jpg,1782802835.9641304,30,-0.05200860717474128,0,0,0,1
img_011225.jpg,1782802836.0603225,30,-0.03427791203623894,0,0,0,1
img_011226.jpg,1782802836.1431706,30,-0.08901282474747266,0,0,0,1
img_011227.jpg,1782802836.2220411,30,-0.0780960201988032,0,0,0,1
img_011228.jpg,1782802836.301904,30,-0.05147164394848519,0,0,0,1
img_011229.jpg,1782802836.3962922,30,-0.03392400949517569,0,0,0,1
img_011230.jpg,1782802836.4782877,30,-0.02235868785113166,0,0,0,1
img_011231.jpg,1782802836.5664413,30,-0.014736198045677194,0,0,0,1
img_011232.jpg,1782802836.659051,30,0.0,1,0,0,0
img_011233.jpg,1782802836.7472463,30,0.0,1,0,0,0
img_011234.jpg,1782802836.8293834,30,0.0,1,0,0,0
img_011235.jpg,1782802836.8903315,30,0.0,1,0,0,0
img_011236.jpg,1782802836.9834983,30,0.0,1,0,0,0
img_011237.jpg,1782802837.0685737,30,0.0,1,0,0,0
img_011238.jpg,1782802837.14753,30,0.0,1,0,0,0
img_011239.jpg,1782802837.232159,30,-0.06,1,0,0,0
img_011240.jpg,1782802837.3254716,30,-0.05731143680000001,1,0,0,0
img_011241.jpg,1782802837.4080265,30,-0.03777290906292455,1,0,0,0
img_011242.jpg,1782802837.4885027,30,-0.1147510763378906,1,0,0,0
img_011243.jpg,1782802837.5816164,30,-0.07563031418161643,1,0,0,0
img_011244.jpg,1782802837.6433818,30,-0.07418102464229817,1,0,0,0
img_011245.jpg,1782802837.7237837,30,-0.0889113937166619,1,0,0,0
img_011246.jpg,1782802837.8300133,30,-0.08369549652240484,1,0,0,0
img_011247.jpg,1782802837.9468818,30,-0.09632019879603838,1,0,0,0
img_011248.jpg,1782802838.026283,30,-0.08900311232328238,1,0,0,0
img_011249.jpg,1782802838.105377,30,-0.15548286333741979,1,0,0,0
img_011250.jpg,1782802838.19491,30,-0.1024758823999241,1,0,0,0
img_011251.jpg,1782802838.2763104,30,-0.14673558686329574,1,0,0,0
img_011252.jpg,1782802838.3519244,30,-0.14540876066340605,1,0,0,0
img_011253.jpg,1782802838.439633,30,-0.09583622746466194,1,0,0,0
img_011254.jpg,1782802838.5309377,30,-0.11462652029200271,1,0,0,0
img_011255.jpg,1782802838.6101284,30,-0.14780388677515108,1,0,0,0
img_011256.jpg,1782802838.6910756,30,-0.09741481083064693,1,0,0,0
img_011257.jpg,1782802838.777006,30,-0.1158557442160948,1,0,0,0
img_011258.jpg,1782802838.893122,30,-0.09732609873197107,1,0,0,0
img_011259.jpg,1782802838.9762757,30,-0.0641458333993811,1,0,0,0
img_011260.jpg,1782802839.083464,30,-0.10507703338923617,1,0,0,0
img_011261.jpg,1782802839.1766515,30,-0.12182222497579756,1,0,0,0
img_011262.jpg,1782802839.296448,30,-0.12600902472195388,1,0,0,0
img_011263.jpg,1782802839.3832083,30,-0.08305021995069185,1,0,0,0
img_011264.jpg,1782802839.508323,30,-0.10147020967296436,1,0,0,0
img_011265.jpg,1782802839.6262388,30,-0.06687714035068074,1,0,0,0
img_011266.jpg,1782802839.7663622,30,-0.14152696912262627,1,0,0,0
img_011267.jpg,1782802839.8469064,30,-0.17978842666539088,1,0,0,0
img_011268.jpg,1782802839.9763987,30,-0.20295692432958684,1,0,0,0
img_011269.jpg,1782802840.1133354,30,-0.13376515883113124,1,0,0,0
img_011270.jpg,1782802840.2964406,30,-0.08816214463351194,1,0,0,0
img_011271.jpg,1782802840.5065475,30,-0.07748659895394974,1,0,0,0
img_011272.jpg,1782802840.7085283,30,-0.09148540476625323,1,0,0,0
img_011273.jpg,1782802840.9168324,30,-0.08553949991729427,1,0,0,0
img_011274.jpg,1782802841.1363506,30,-0.056377503899256595,1,0,0,0
img_011275.jpg,1782802841.346326,30,-0.03715737114413599,1,0,0,0
img_011276.jpg,1782802841.5640533,30,-0.06278999902148497,1,0,0,0
img_011277.jpg,1782802841.7867713,30,-0.041383728196806836,1,0,0,0
img_011278.jpg,1782802841.9995654,30,-0.06902501254211513,1,0,0,0
img_011279.jpg,1782802842.2178519,30,-0.045493110405156356,1,0,0,0
img_011280.jpg,1782802842.4392476,30,-0.09370536864692436,1,0,0,0
img_011281.jpg,1782802842.6665444,30,-0.06175947709983245,1,0,0,0
img_011282.jpg,1782802842.8768058,30,-0.16175947709983243,1,0,0,0
img_011283.jpg,1782802843.1067653,30,-0.1659601637039143,1,0,0,0
img_011284.jpg,1782802843.337196,30,-0.16480494795427364,1,0,0,0
img_011285.jpg,1782802843.5564141,30,-0.2648049479542736,1,0,0,0
img_011286.jpg,1782802843.786947,30,-0.17452804844859943,1,0,0,0
img_011287.jpg,1782802844.011054,30,-0.167050416990343,1,0,0,0
img_011288.jpg,1782802844.2418194,30,-0.11009984328119045,1,0,0,0
img_011289.jpg,1782802844.4566011,30,-0.11688094676494365,1,0,0,0
img_011290.jpg,1782802844.682357,30,-0.10066068742054042,1,0,0,0
img_011291.jpg,1782802844.8965974,30,-0.09051260781683573,1,0,0,0
img_011292.jpg,1782802845.1167111,30,-0.08484259503122211,1,0,0,0
img_011293.jpg,1782802845.336557,30,-0.05591818676541863,1,0,0,0
img_011294.jpg,1782802845.551695,30,-0.05438725453471109,1,0,0,0
img_011295.jpg,1782802845.757081,30,-0.054536406262395115,1,0,0,0
img_011296.jpg,1782802845.980298,30,-0.05464325751007979,1,0,0,0
img_011297.jpg,1782802846.2064846,30,-0.1302717969092734,1,0,0,0
img_011298.jpg,1782802846.4265323,30,-0.23027179690927335,1,0,0,0
img_011299.jpg,1782802846.639766,30,-0.33027179690927344,1,0,0,0
img_011300.jpg,1782802846.8567064,30,-0.2509322493923533,1,0,0,0
img_011301.jpg,1782802847.0748749,30,-0.19816609690164622,1,0,0,0
img_011302.jpg,1782802847.2663882,30,-0.16196479673101719,1,0,0,0
img_011303.jpg,1782802847.4670308,30,-0.1067480049342572,1,0,0,0
img_011304.jpg,1782802847.5903237,30,-0.07035563769063137,1,0,0,0
img_011305.jpg,1782802847.7264867,30,-0.04637010085484867,1,0,0,0
img_011306.jpg,1782802847.8467515,30,-0.03056167670235129,1,0,0,0
img_011307.jpg,1782802847.936637,30,-0.020142636432531644,1,0,0,0
img_011308.jpg,1782802848.0666113,30,-0.013275639501216775,1,0,0,0
img_011309.jpg,1782802848.1568398,30,0.0,1,0,0,0
img_011310.jpg,1782802848.2464118,30,0.0,1,0,0,0
img_011311.jpg,1782802848.3667703,30,0.0,1,0,0,0
img_011312.jpg,1782802848.4568405,30,0.1,1,0,0,0
img_011313.jpg,1782802848.580137,30,0.08596715520000002,1,0,0,0
img_011314.jpg,1782802848.6968255,30,0.056659363594386815,1,0,0,0
img_011315.jpg,1782802848.7918959,30,0.0373431396613311,1,0,0,0
img_011316.jpg,1782802848.9064367,30,0.024612173369060436,1,0,0,0
img_011317.jpg,1782802849.036432,30,0.050312724056406945,1,0,0,0
img_011318.jpg,1782802849.150639,30,0.03316018680743798,1,0,0,0
img_011319.jpg,1782802849.2552786,30,0.021855266430642773,0,0,0,1
img_011320.jpg,1782802849.3767097,30,0.014404402289049873,0,0,0,1
img_011321.jpg,1782802849.4685974,30,0.0,0,0,0,1
img_011322.jpg,1782802849.5990815,30,0.0,0,0,0,1
img_011323.jpg,1782802849.7167754,30,0.0,0,0,0,1
img_011324.jpg,1782802849.8111684,30,-0.02,0,0,0,1
img_011325.jpg,1782802849.9395528,30,-0.028655718400000006,0,0,0,1
img_011326.jpg,1782802850.0611596,30,-0.018886454531462274,0,0,0,1
img_011327.jpg,1782802850.1964488,30,-0.012447713220443699,0,0,0,1
img_011328.jpg,1782802850.286558,30,-0.08505189616280821,0,0,0,1
img_011329.jpg,1782802850.412405,30,-0.05605613327403188,0,0,0,1
img_011330.jpg,1782802850.538547,30,-0.03694556170295114,0,0,0,1
img_011331.jpg,1782802850.6265686,30,-0.024350137082660626,0,0,0,1
img_011332.jpg,1782802850.7468514,30,-0.01604872543856877,0,0,0,1
img_011333.jpg,1782802850.840909,30,-0.010577418407470498,0,0,0,1
img_011334.jpg,1782802850.9568636,30,0.0,0,0,0,1
img_011335.jpg,1782802864.345919,30,0.0,0,0,1,0
img_011336.jpg,1782802864.4255304,30,0.0,0,0,1,0
img_011337.jpg,1782802864.5097919,30,0.0,0,0,1,0
img_011338.jpg,1782802864.6057274,30,0.0,0,0,1,0
img_011339.jpg,1782802864.6869912,30,0.0,0,0,1,0
img_011340.jpg,1782802864.748658,30,0.0,0,0,1,0
img_011341.jpg,1782802864.8319814,30,0.0,0,0,1,0
img_011342.jpg,1782802864.9289157,30,0.0,0,0,1,0
img_011343.jpg,1782802865.0106194,30,0.0,0,0,1,0
img_011344.jpg,1782802865.0947328,30,0.0,0,0,1,0
img_011345.jpg,1782802865.195169,30,0.0736,0,0,1,0
img_011346.jpg,1782802865.2767448,30,0.048508400107520014,0,0,1,0
img_011347.jpg,1782802865.355142,30,0.10105750985100495,0,0,1,0
img_011348.jpg,1782802865.4187999,30,0.1363190763378906,0,0,1,0
img_011349.jpg,1782802865.5196972,30,0.08984538447399404,0,0,1,0
img_011350.jpg,1782802865.607111,30,0.13124513341878857,0,0,1,0
img_011351.jpg,1782802865.6867964,30,0.08650124244624241,0,0,1,0
img_011352.jpg,1782802865.7668655,30,0.1332146516064996,0,0,1,0
img_011353.jpg,1782802865.8632119,30,0.0877993154933691,0,0,1,0
img_011354.jpg,1782802865.925332,30,0.057866906591287064,0,0,1,0
img_011355.jpg,1782802866.0033815,30,0.03813900893905761,0,0,1,0
img_011356.jpg,1782802866.0872304,30,0.02513671610489251,0,0,1,0
img_011357.jpg,1782802866.1899495,30,0.12513671610489252,0,0,1,0
img_011358.jpg,1782802866.268805,30,0.22513671610489247,0,0,1,0
img_011359.jpg,1782802866.3318481,30,0.32513671610489253,0,0,1,0
img_011360.jpg,1782802866.415442,30,0.3727257788165012,0,0,1,0
img_011361.jpg,1782802866.5194972,30,0.245656674038286,0,0,1,0
img_011362.jpg,1782802866.5996978,30,0.30600414011522314,0,0,1,0
img_011363.jpg,1782802866.6815593,30,0.40600414011522323,0,0,1,0
img_011364.jpg,1782802866.7552116,30,0.5060041401152233,0,0,1,0
img_011365.jpg,1782802866.870329,30,0.3768256629093997,0,0,1,0
img_011366.jpg,1782802866.9378092,30,0.3334296217995947,0,0,1,0
img_011367.jpg,1782802867.018134,30,0.3803552520556272,0,0,1,0
img_011368.jpg,1782802867.1113625,30,0.2506851188819427,0,0,1,0
img_011369.jpg,1782802867.1946278,30,0.31063030937138736,0,0,1,0
img_011370.jpg,1782802867.274158,30,0.2730316143437869,0,0,1,0
img_011371.jpg,1782802867.3637106,30,0.17995009226345807,0,0,1,0
img_011372.jpg,1782802867.4435232,30,0.2455540848823814,0,0,1,0
img_011373.jpg,1782802867.5286412,30,0.1902410769089805,0,0,1,0
img_011374.jpg,1782802867.6069286,30,0.12538437874437927,0,0,1,0
img_011375.jpg,1782802867.6936433,30,0.1953536284448289,0,0,1,0
img_011376.jpg,1782802867.7891102,30,0.1287539669980647,0,0,1,0
img_011377.jpg,1782802867.8543212,30,0.11223843552948592,0,0,1,0
img_011378.jpg,1782802867.938454,30,0.14578261183215688,0,0,1,0
img_011379.jpg,1782802868.023371,30,0.09608262586241233,0,0,1,0
img_011380.jpg,1782802868.118343,30,0.06332628340645444,0,0,1,0
img_011381.jpg,1782802868.1862876,30,0.16332628340645444,0,0,1,0
img_011382.jpg,1782802868.2737482,30,0.1313336588153488,0,0,1,0
img_011383.jpg,1782802868.375722,30,0.11408650858635784,0,0,1,0
img_011384.jpg,1782802868.4620073,30,0.1199853151980938,0,0,1,0
img_011385.jpg,1782802868.553403,30,0.07908010430239179,0,0,1,0
img_011386.jpg,1782802868.6171105,30,0.05212023559843526,0,0,1,0
img_011387.jpg,1782802868.707114,30,0.05166642905626042,0,0,1,0
img_011388.jpg,1782802868.7869143,30,0.03405238876070486,0,0,1,0
img_011389.jpg,1782802868.8681753,30,0.13405238876070488,0,0,1,0
img_011390.jpg,1782802868.9540088,30,0.08835145257300396,0,0,1,0
img_011391.jpg,1782802869.0448055,30,0.05823080993874802,0,0,1,0
img_011392.jpg,1782802869.1298633,30,0.03837885091159975,0,0,1,0
img_011393.jpg,1782802869.2053082,30,0.02529479151748288,0,0,0,1
img_011394.jpg,1782802869.3070738,30,0.01667132972236906,0,0,0,1
img_011395.jpg,1782802869.3869295,30,0.010987765387188436,0,0,0,1
img_011396.jpg,1782802869.4772787,30,0.0,0,0,0,1
img_011397.jpg,1782802869.565223,30,0.1,0,0,0,1
img_011398.jpg,1782802869.6471865,30,0.06590815232000002,0,0,0,1
img_011399.jpg,1782802869.7353947,30,0.09132188731375619,0,0,0,1
img_011400.jpg,1782802869.8069768,30,0.12807884542236322,0,0,0,1
img_011401.jpg,1782802869.914422,30,0.08441440053066852,0,0,0,1
img_011402.jpg,1782802869.9991868,30,0.055635971681767905,0,0,0,1
img_011403.jpg,1782802870.0904462,30,0.0598572184355779,0,0,0,1
img_011404.jpg,1782802870.1568837,30,0.1286686409607317,0,0,0,1
img_011405.jpg,1782802870.2570884,30,0.08480312387247298,0,0,0,1
img_011406.jpg,1782802870.3444216,30,0.13177736404566112,0,0,0,1
img_011407.jpg,1782802870.4193559,30,0.08685202581849527,0,0,0,1
img_011408.jpg,1782802870.5169888,30,0.10763063028055248,0,0,0,1
img_011409.jpg,1782802870.6070526,30,0.1418825654694596,0,0,0,1
img_011410.jpg,1782802870.6785934,30,0.09351217736513517,0,0,0,1
img_011411.jpg,1782802870.7571456,30,0.16603120317592435,0,0,0,1
img_011412.jpg,1782802870.8572223,30,0.10942809828791693,0,0,0,1
img_011413.jpg,1782802870.9268444,30,0.07212203770047963,0,0,0,1
img_011414.jpg,1782802871.0121224,30,0.04753430246391995,0,0,0,1
img_011415.jpg,1782802871.1018364,30,0.10023303360546186,0,0,0,1
img_011416.jpg,1782802871.1894486,30,0.1091977804721699,0,0,0,1
img_011417.jpg,1782802871.2572813,30,0.07197023948365697,0,0,0,1
img_011418.jpg,1782802871.3469946,30,0.047434255063957424,0,0,0,1
img_011419.jpg,1782802871.4448712,30,0.11723951465884083,0,0,0,1
img_011420.jpg,1782802871.5282757,30,0.07727039790057756,0,0,0,1
img_011421.jpg,1782802871.5959036,30,0.05092749154658274,0,0,0,1
img_011422.jpg,1782802871.6801414,30,0.03356536870127689,0,0,0,1
img_011423.jpg,1782802871.7771335,30,0.044045993837399114,0,0,0,1
img_011424.jpg,1782802871.8630188,30,0.06544560684925665,0,0,0,1
img_011425.jpg,1782802871.932857,30,0.06688477200973525,0,0,0,1
img_011426.jpg,1782802872.0171328,30,0.13513399024895642,0,0,0,1
img_011427.jpg,1782802872.107222,30,0.08906431612937617,0,0,0,1
img_011428.jpg,1782802872.1872199,30,0.058700645137315585,0,0,0,1
img_011429.jpg,1782802872.25695,30,0.15870064513731558,0,0,0,1
img_011430.jpg,1782802872.3579674,30,0.159152047960686,0,0,0,1
img_011431.jpg,1782802872.4471867,30,0.15507730992241064,0,0,0,1
img_011432.jpg,1782802872.5280309,30,0.10220858963742091,0,0,0,1
img_011433.jpg,1782802872.5959551,30,0.06736379294235512,0,0,0,1
img_011434.jpg,1782802872.6907253,30,0.08360289719869664,0,0,0,1
img_011435.jpg,1782802872.7672813,30,0.05510112482965001,0,0,0,1
img_011436.jpg,1782802872.8505445,30,0.036316133282759074,0,0,0,1
img_011437.jpg,1782802872.9211557,30,0.04601662221819029,0,0,0,1
img_011438.jpg,1782802873.0179856,30,0.08973246904547628,0,0,0,1
img_011439.jpg,1782802873.1028433,30,0.05914101237898937,0,0,0,1
img_011440.jpg,1782802873.1820314,30,0.11005695287757662,0,0,0,1
img_011441.jpg,1782802873.278574,30,0.09317188544054765,0,0,0,1
img_011442.jpg,1782802873.3423586,30,0.06140786817557206,0,0,0,1
img_011443.jpg,1782802873.420594,30,0.1300952387215263,0,0,0,1
img_011444.jpg,1782802873.5019445,30,0.0857433680976512,0,0,0,1
img_011445.jpg,1782802873.5984895,30,0.08142594527184592,0,0,0,1
img_011446.jpg,1782802873.6770432,30,0.053666336037768055,0,0,0,1
img_011447.jpg,1782802873.7385015,30,0.03537049050033523,0,0,0,1
img_011448.jpg,1782802873.819836,30,0.023312036755292077,0,0,0,1
img_011449.jpg,1782802873.9163396,30,0.01536453269357229,0,0,0,1
img_011450.jpg,1782802873.9933043,30,0.07300454047183959,0,0,0,1
img_011451.jpg,1782802874.0547142,30,0.04811594373469609,0,0,0,1
img_011452.jpg,1782802874.1555347,30,0.07746730799488304,0,0,0,1
img_011453.jpg,1782802874.250453,30,0.09147038312791951,0,0,0,1
img_011454.jpg,1782802874.3354619,30,0.06028643943963679,0,0,0,1
img_011455.jpg,1782802874.407985,30,0.10181044234170859,0,0,0,1
img_011456.jpg,1782802874.4808,30,0.06710138141623909,0,0,0,1
img_011457.jpg,1782802874.576015,30,0.11679460923070478,0,0,0,1
img_011458.jpg,1782802874.657291,30,0.09799869501882794,0,0,0,1
img_011459.jpg,1782802874.7339213,30,0.06458912918462138,0,0,0,1
img_011460.jpg,1782802874.8107314,30,0.08415077982651446,0,0,0,1
img_011461.jpg,1782802874.910133,30,0.05546222414652698,0,0,0,1
img_011462.jpg,1782802874.9743748,30,0.13102524621480482,0,0,0,1
img_011463.jpg,1782802875.0545738,30,0.10819342317055283,0,0,0,1
img_011464.jpg,1782802875.1495428,30,0.09750900667768496,0,0,0,1
img_011465.jpg,1782802875.2313237,30,0.13331562325199253,0,0,0,1
img_011466.jpg,1782802875.3139765,30,0.0878658640392806,0,0,0,1
img_011467.jpg,1782802875.3895764,30,0.057910767508293166,0,0,0,1
img_011468.jpg,1782802875.4718976,30,0.03816791685904694,0,0,0,1
img_011469.jpg,1782802875.5601833,30,0.025155768780831624,0,0,0,1
img_011470.jpg,1782802875.6453652,30,0.01657970240533752,0,0,0,1
img_011471.jpg,1782802875.7220473,30,0.01092737551551256,0,0,0,1
img_011472.jpg,1782802875.8183308,30,0.0,0,0,0,1
img_011473.jpg,1782802875.8933387,30,0.0,0,0,0,1
img_011474.jpg,1782802875.9730942,30,0.0,0,0,0,1
img_011475.jpg,1782802876.054505,30,0.0,0,0,0,1
img_011476.jpg,1782802876.1358414,30,0.0,0,0,0,1
img_011477.jpg,1782802876.2272243,30,0.0,0,0,0,1
img_011478.jpg,1782802876.3007889,30,-0.04,0,0,0,1
img_011479.jpg,1782802876.3858473,30,-0.06229504000000001,0,0,0,1
img_011480.jpg,1782802876.4724917,30,-0.04105750985100494,0,0,0,1
img_011481.jpg,1782802876.5531197,30,-0.027060246131399342,0,0,0,1
img_011482.jpg,1782802876.6298442,30,-0.07368779232561641,0,0,0,1
img_011483.jpg,1782802876.7130723,30,-0.04856626240721254,0,0,0,1
img_011484.jpg,1782802876.8025901,30,-0.03200912620347654,0,0,0,1
img_011485.jpg,1782802876.8790781,30,-0.05607264246513276,0,0,0,1
img_011486.jpg,1782802876.9619722,30,-0.036956442605768705,0,0,0,1
img_011487.jpg,1782802877.0501237,30,-0.06877753837980083,0,0,0,1
img_011488.jpg,1782802877.11056,30,-0.06359960350141913,0,0,0,1
img_011489.jpg,1782802877.2015843,30,-0.06556230820720803,0,0,0,1
img_011490.jpg,1782802877.2958658,30,-0.1339173235506314,0,0,0,1
img_011491.jpg,1782802877.3744466,30,-0.08826243358861739,0,0,0,1
img_011492.jpg,1782802877.4560385,30,-0.05817213917092481,0,0,0,1
img_011493.jpg,1782802877.5383747,30,-0.03834018209257551,0,0,0,1
img_011494.jpg,1782802877.629057,30,-0.10887296752516948,0,0,0,1
img_011495.jpg,1782802877.6942434,30,-0.07175616127179285,0,0,0,1
img_011496.jpg,1782802877.7762957,30,-0.047293160069998084,0,0,0,1
img_011497.jpg,1782802877.8793857,30,-0.031170047975875758,0,0,0,1
img_011498.jpg,1782802877.947965,30,-0.020543602698157273,0,0,0,1
img_011499.jpg,1782802878.0256014,30,-0.09890011448230471,0,0,0,1
img_011500.jpg,1782802878.1163003,30,-0.06518323809765178,0,0,0,1
img_011501.jpg,1782802878.2202945,30,-0.04296106785250861,0,0,0,1
img_011502.jpg,1782802878.3001983,30,-0.0963622478303633,0,0,0,1
img_011503.jpg,1782802878.3810463,30,-0.06351057707901177,0,0,0,1
img_011504.jpg,1782802878.456926,30,-0.04185864788054609,0,0,0,1
img_011505.jpg,1782802878.552044,30,-0.027588261404202775,0,0,0,1
img_011506.jpg,1782802878.6339512,30,-0.058282648096315864,0,0,0,1
img_011507.jpg,1782802878.7108428,30,-0.03841301648344945,0,0,0,1
img_011508.jpg,1782802878.792028,30,-0.02531730941461858,0,0,0,1
img_011509.jpg,1782802878.864661,30,-0.09689192466144911,0,0,0,1
img_011510.jpg,1782802878.9491026,30,-0.06385967729164754,0,0,0,1
img_011511.jpg,1782802879.033177,30,-0.04208873338043953,0,0,0,1
img_011512.jpg,1782802879.1113496,30,-0.027739906505938782,0,0,0,1
img_011513.jpg,1782802879.1942706,30,-0.05274825231729647,0,0,0,1
img_011514.jpg,1782802879.2798371,30,-0.034765398483421694,0,0,0,1
img_011515.jpg,1782802879.3607988,30,-0.022913231787108548,0,0,0,1
img_011516.jpg,1782802879.4446738,30,-0.03334287794313279,0,0,0,1
img_011517.jpg,1782802879.5384967,30,-0.021975674782631644,0,0,0,1
img_011518.jpg,1782802879.630422,30,-0.014483761209084699,0,0,0,1
img_011519.jpg,1782802879.7137809,30,0.0,0,0,0,1
img_011520.jpg,1782802879.795893,30,0.0,0,0,0,1
img_011521.jpg,1782802879.8712583,30,-0.02,0,0,0,1
img_011522.jpg,1782802879.9510818,30,-0.06771200000000001,0,0,0,1
img_011523.jpg,1782802880.029427,30,-0.044627728098918414,0,0,0,1
img_011524.jpg,1782802880.1125073,30,-0.09777290906292456,0,0,0,1
img_011525.jpg,1782802880.18909,30,-0.19777290906292452,0,0,0,1
img_011526.jpg,1782802880.2701495,30,-0.1303484701528874,0,0,0,1
img_011527.jpg,1782802880.3718886,30,-0.1415007895264116,0,0,0,1
img_011528.jpg,1782802880.4511209,30,-0.11569802865116303,0,0,0,1
img_011529.jpg,1782802880.5388634,30,-0.07625443295464579,0,0,0,1
img_011530.jpg,1782802880.627628,30,-0.11532575205281222,0,0,0,1
img_011531.jpg,1782802880.715743,30,-0.07600907232715302,0,0,0,1
img_011532.jpg,1782802880.7955494,30,-0.14992834654098078,0,0,0,1
img_011533.jpg,1782802880.8761456,30,-0.14789492431130324,0,0,0,1
img_011534.jpg,1782802880.9593608,30,-0.09747481198864245,0,0,0,1
img_011535.jpg,1782802881.0537891,30,-0.10704998639781203,0,0,0,1
img_011536.jpg,1782802881.1199389,30,-0.07055466809360927,0,0,0,1
img_011537.jpg,1782802881.210055,30,-0.046501278116006454,0,0,0,1
img_011538.jpg,1782802881.3031545,30,-0.030648133211444367,0,0,0,1
img_011539.jpg,1782802881.385503,30,-0.020199618320235264,0,0,0,1
img_011540.jpg,1782802881.4621053,30,-0.013313195210559287,0,0,0,1
img_011541.jpg,1782802881.5320082,30,-0.05036682535211999,0,0,0,1
img_011542.jpg,1782802881.628182,30,-0.07036756249979163,0,0,0,1
img_011543.jpg,1782802881.7110026,30,-0.046377960276233886,0,0,0,1
img_011544.jpg,1782802881.7901278,30,-0.03056685670176933,0,0,0,1
img_011545.jpg,1782802881.8600087,30,-0.020146050474438265,0,0,0,1
img_011546.jpg,1782802881.9520192,30,-0.03443248873169223,0,0,0,1
img_011547.jpg,1782802882.038222,30,-0.038995051722663654,0,0,0,1
img_011548.jpg,1782802882.1232889,30,-0.025700918086635948,0,0,0,1
img_011549.jpg,1782802882.1934254,30,-0.10364484463970508,0,0,0,1
img_011550.jpg,1782802882.2925076,30,-0.08857829624017848,0,0,0,1
img_011551.jpg,1782802882.3761277,30,-0.08345686783525834,0,0,0,1
img_011552.jpg,1782802882.4546328,30,-0.09613438150090167,0,0,0,1
img_011553.jpg,1782802882.5278983,30,-0.0633603945915042,0,0,0,1
img_011554.jpg,1782802882.6173866,30,-0.04175966537792164,0,0,0,1
img_011555.jpg,1782802882.70478,30,-0.027523023865602906,0,0,0,1
img_011556.jpg,1782802882.7905686,30,-0.018139916492411517,0,0,0,1
img_011557.jpg,1782802882.8873549,30,-0.0329953084701515,0,0,0,1
img_011558.jpg,1782802882.9537215,30,-0.07871122908913625,0,0,0,1
img_011559.jpg,1782802883.0318797,30,-0.05187711676101208,0,0,0,1
img_011560.jpg,1782802883.1188893,30,-0.10390879162652064,0,0,0,1
img_011561.jpg,1782802883.213521,30,-0.08876738600334635,0,0,0,1
img_011562.jpg,1782802883.3023307,30,-0.0585049439775679,0,0,0,1
img_011563.jpg,1782802883.371636,30,-0.1274245484593625,0,0,0,1
img_011564.jpg,1782802883.4673817,30,-0.08398316549166886,0,0,0,1
img_011565.jpg,1782802883.554805,30,-0.15726451225233534,0,0,0,1
img_011566.jpg,1782802883.632513,30,-0.1269910486354068,0,0,0,1
img_011567.jpg,1782802883.7140822,30,-0.08369745376738923,0,0,0,1
img_011568.jpg,1782802883.8152428,30,-0.055163445316972474,0,0,0,1
img_011569.jpg,1782802883.8894465,30,-0.08295511290698267,0,0,0,1
img_011570.jpg,1782802883.9731474,30,-0.07375631808256752,0,0,0,1
img_011571.jpg,1782802884.0591443,30,-0.048611426467482316,0,0,0,1
img_011572.jpg,1782802884.1371088,30,-0.032038893001113046,0,0,0,1
img_011573.jpg,1782802884.2174025,30,-0.02111624240081541,0,0,0,1
img_011574.jpg,1782802884.3072534,30,-0.06865678756805017,0,0,0,1
img_011575.jpg,1782802884.3814964,30,-0.04525042012836935,0,0,0,1
img_011576.jpg,1782802884.4755561,30,-0.07523595914891969,0,0,0,1
img_011577.jpg,1782802884.557102,30,-0.06822637067313367,0,0,0,1
img_011578.jpg,1782802884.6431568,30,-0.04496674030565676,0,0,0,1
img_011579.jpg,1782802884.742338,30,-0.07501506107513126,0,0,0,1
img_011580.jpg,1782802884.807351,30,-0.06806812084819408,0,0,0,1
img_011581.jpg,1782802884.8940196,30,-0.04486244076998944,0,0,0,1
img_011582.jpg,1782802884.9802349,30,-0.02956800579715442,0,0,0,1
img_011583.jpg,1782802885.0637867,30,-0.0541717712981746,0,0,0,1
img_011584.jpg,1782802885.1472833,30,-0.03570361354164296,0,0,0,1
img_011585.jpg,1782802885.2325413,30,-0.06780197542151488,0,0,0,1
img_011586.jpg,1782802885.303244,30,-0.06290071706606631,0,0,0,1
img_011587.jpg,1782802885.3995154,30,-0.04145670041427524,0,0,0,1
img_011588.jpg,1782802885.4771833,30,-0.09028895123064257,0,0,0,1
img_011589.jpg,1782802885.569113,30,-0.059507779505222444,0,0,0,1
img_011590.jpg,1782802885.6657667,30,-0.08633799380736266,0,0,0,1
img_011591.jpg,1782802885.7473476,30,-0.09837787972186762,0,0,0,1
img_011592.jpg,1782802885.8102853,30,-0.06483904281627494,0,0,0,1
img_011593.jpg,1782802885.894196,30,-0.06645023380671795,0,0,0,1
img_011594.jpg,1782802885.9855459,30,-0.0828915196624856,0,0,0,1
img_011595.jpg,1782802886.062287,30,-0.054632269039513785,0,0,0,1
img_011596.jpg,1782802886.1383035,30,-0.03600711909443495,0,0,0,1
img_011597.jpg,1782802886.2052524,30,-0.023731626898803992,0,0,0,1
img_011598.jpg,1782802886.2982352,30,-0.015641076804477835,0,0,0,1
img_011599.jpg,1782802886.3757825,30,-0.010308744724783443,0,0,0,1
img_011600.jpg,1782802886.4571555,30,0.0,0,0,0,1
img_011601.jpg,1782802886.5465186,30,-0.04,0,0,0,1
img_011602.jpg,1782802886.6392374,30,-0.06229504000000001,0,0,0,1
img_011603.jpg,1782802886.6992974,30,-0.04105750985100494,0,0,0,1
img_011604.jpg,1782802886.7782254,30,-0.07197099023085934,0,0,0,1
img_011605.jpg,1782802886.8653262,30,-0.08719046644088742,0,0,0,1
img_011606.jpg,1782802886.9561436,30,-0.05746562543037858,0,0,0,1
img_011607.jpg,1782802887.0222378,30,-0.1328683753959483,0,0,0,1
img_011608.jpg,1782802887.102098,30,-0.08757109124107104,0,0,0,1
img_011609.jpg,1782802887.1873257,30,-0.05771648820345129,0,0,0,1
img_011610.jpg,1782802887.2881608,30,-0.09963523561540118,0,0,0,1
img_011611.jpg,1782802887.3572617,30,-0.06566774285378951,0,0,0,1
img_011612.jpg,1782802887.4381793,30,-0.04328039598518151,0,0,0,1
img_011613.jpg,1782802887.5274856,30,-0.028525309310612604,0,0,0,1
img_011614.jpg,1782802887.620973,30,-0.0188005043101897,0,0,0,1
img_011615.jpg,1782802887.685454,30,-0.054639727100292995,0,0,0,1
img_011616.jpg,1782802887.7711997,30,-0.09703106501768802,0,0,0,1
img_011617.jpg,1782802887.8651502,30,-0.06395138212957606,0,0,0,1
img_011618.jpg,1782802887.9457564,30,-0.11412844983447319,0,0,0,1
img_011619.jpg,1782802888.0304286,30,-0.09608867719712977,0,0,0,1
img_011620.jpg,1782802888.0975537,30,-0.06333027172935742,0,0,0,1
img_011621.jpg,1782802888.191918,30,-0.11360274199172812,0,0,0,1
img_011622.jpg,1782802888.2723653,30,-0.07487346823160479,0,0,0,1
img_011623.jpg,1782802888.3555088,30,-0.0493477194893529,0,0,0,1
img_011624.jpg,1782802888.4275513,30,-0.11899990193020467,0,0,0,1
img_011625.jpg,1782802888.517382,30,-0.07843063662480992,0,0,0,1
img_011626.jpg,1782802888.6009135,30,-0.076187155926332,0,0,0,1
img_011627.jpg,1782802888.6758134,30,-0.11526880877604742,0,0,0,1
img_011628.jpg,1782802888.755009,30,-0.07597154206556687,0,0,0,1
img_011629.jpg,1782802888.84842,30,-0.09915812814795216,0,0,0,1
img_011630.jpg,1782802888.9280338,30,-0.0853640441319708,0,0,0,1
img_011631.jpg,1782802889.0125358,30,-0.056261864233011355,0,0,0,1
img_011632.jpg,1782802889.1022522,30,-0.03708115517676473,0,0,0,1
img_011633.jpg,1782802889.1951888,30,-0.02443950423591767,0,0,0,1
img_011634.jpg,1782802889.2801604,30,-0.016107625678061475,0,0,0,1
img_011635.jpg,1782802889.3442702,30,-0.07363349437391124,0,0,0,1
img_011636.jpg,1782802889.4339647,30,-0.06707837618966964,0,0,0,1
img_011637.jpg,1782802889.5163467,30,-0.04421011835287009,0,0,0,1
img_011638.jpg,1782802889.5965438,30,-0.09741944417386926,0,0,0,1
img_011639.jpg,1782802889.6660984,30,-0.06420735565541114,0,0,0,1
img_011640.jpg,1782802889.7663474,30,-0.04231788176601252,0,0,0,1
img_011641.jpg,1782802889.8528514,30,-0.06409994671661277,0,0,0,1
img_011642.jpg,1782802889.9319925,30,-0.04224709051902399,0,0,0,1
img_011643.jpg,1782802890.013305,30,-0.05026551822831154,0,0,0,1
img_011644.jpg,1782802890.1003716,30,-0.07028867585816746,0,0,0,1
img_011645.jpg,1782802890.1828852,30,-0.046325967548312086,0,0,0,1
img_011646.jpg,1782802890.2610877,30,-0.09921029893289136,0,0,0,1
img_011647.jpg,1782802890.3577707,30,-0.06538767493781737,0,0,0,1
img_011648.jpg,1782802890.4282982,30,-0.043095808396523154,0,0,0,1
img_011649.jpg,1782802890.5074391,30,-0.02840365104151584,0,0,0,1
img_011650.jpg,1782802890.597402,30,-0.04034817564443862,0,0,0,1
img_011651.jpg,1782802890.6938243,30,-0.0432330081805193,0,0,0,1
img_011652.jpg,1782802890.7554786,30,-0.02849407688413472,0,0,0,1
img_011653.jpg,1782802890.8332922,30,-0.06218799574075311,0,0,0,1
img_011654.jpg,1782802890.9174151,30,-0.07957256602737557,0,0,0,1
img_011655.jpg,1782802891.014304,30,-0.052444808022255276,0,0,0,1
img_011656.jpg,1782802891.0988276,30,-0.12184922338047487,0,0,0,1
img_011657.jpg,1782802891.1658254,30,-0.08030857174634044,0,0,0,1
img_011658.jpg,1782802891.261156,30,-0.07753249542673323,0,0,0,1
img_011659.jpg,1782802891.3393316,30,-0.09152114379885207,0,0,0,1
img_011660.jpg,1782802891.4227817,30,-0.06031989485995367,0,0,0,1
img_011661.jpg,1782802891.5013006,30,-0.03975572818356212,0,0,0,1
img_011662.jpg,1782802891.581987,30,-0.0262022658871473,0,0,0,1
img_011663.jpg,1782802891.6598299,30,-0.01726942931219244,0,0,0,1
img_011664.jpg,1782802891.7453644,30,-0.027945457582472306,0,0,0,1
img_011665.jpg,1782802891.8359716,30,-0.01841833474997684,0,0,0,1
img_011666.jpg,1782802891.9274442,30,-0.0755892785323804,0,0,0,1
img_011667.jpg,1782802892.0009146,30,-0.06847948619207646,0,0,0,1
img_011668.jpg,1782802892.0821455,30,-0.04513356406742713,0,0,0,1
img_011669.jpg,1782802892.150176,30,-0.0751449647365367,0,0,0,1
img_011670.jpg,1782802892.2600844,30,-0.06816118291670316,0,0,0,1
img_011671.jpg,1782802892.3286262,30,-0.06883019158679843,0,0,0,1
img_011672.jpg,1782802892.4095137,30,-0.13692377625985455,0,0,0,1
img_011673.jpg,1782802892.5004463,30,-0.09024393101964097,0,0,0,1
img_011674.jpg,1782802892.5940955,30,-0.13638246321502412,0,0,0,1
img_011675.jpg,1782802892.6566248,30,-0.13734690751598072,0,0,0,1
img_011676.jpg,1782802892.7301326,30,-0.09052280901244211,0,0,0,1
img_011677.jpg,1782802892.805331,30,-0.13661850554813101,0,0,0,1
img_011678.jpg,1782802892.902366,30,-0.11220039478040202,0,0,0,1
img_011679.jpg,1782802892.9903991,30,-0.0739492070955087,0,0,0,1
img_011680.jpg,1782802893.0593755,30,-0.048738556051940135,0,0,0,1
img_011681.jpg,1782802893.1565068,30,-0.03212268176128129,0,0,0,1
img_011682.jpg,1782802893.2375412,30,-0.021171466024494136,0,0,0,1
img_011683.jpg,1782802893.3125455,30,-0.013953722075800647,0,0,0,1
img_011684.jpg,1782802893.3995175,30,0.0,0,0,0,1
img_011685.jpg,1782802893.473712,30,-0.02,0,0,0,1
img_011686.jpg,1782802893.5522554,30,-0.046721280000000004,0,0,0,1
img_011687.jpg,1782802893.6374264,30,-0.0307931323882537,0,0,0,1
img_011688.jpg,1782802893.718441,30,-0.0639782426731445,0,0,0,1
img_011689.jpg,1782802893.809391,30,-0.060161421844212325,0,0,0,1
img_011690.jpg,1782802893.8772466,30,-0.039651281546961216,0,0,0,1
img_011691.jpg,1782802893.9728723,30,-0.04680589895522093,0,0,0,1
img_011692.jpg,1782802894.064058,30,-0.030848903178152306,0,0,0,1
img_011693.jpg,1782802894.1549754,30,-0.020331942095705945,0,0,0,1
img_011694.jpg,1782802894.2375512,30,-0.013400407366052077,0,0,0,1
img_011695.jpg,1782802894.3189702,30,-0.05043473641105636,0,0,0,1
img_011696.jpg,1782802894.407367,30,-0.15043473641105637,0,0,0,1
img_011697.jpg,1782802894.4908276,30,-0.14828924402645266,0,0,0,1
img_011698.jpg,1782802894.5628953,30,-0.09773470082713095,0,0,0,1
img_011699.jpg,1782802894.6608677,30,-0.14272265078008364,0,0,0,1
img_011700.jpg,1782802894.7445917,30,-0.0940658620712792,0,0,0,1
img_011701.jpg,1782802894.8248103,30,-0.0619970716550598,0,0,0,1
img_011702.jpg,1782802894.9095914,30,-0.08827637573293522,0,0,0,1
img_011703.jpg,1782802895.004459,30,-0.058181328180638474,0,0,0,1
img_011704.jpg,1782802895.085839,30,-0.038346238399094304,0,0,0,1
img_011705.jpg,1782802895.1483786,30,-0.025273297213065413,0,0,0,1
img_011706.jpg,1782802895.2333276,30,-0.01665716322347347,0,0,0,1
img_011707.jpg,1782802895.3333223,30,-0.01097842850951792,0,0,0,1
img_011708.jpg,1782802895.4115963,30,-0.06449214189045596,0,0,0,1
img_011709.jpg,1782802895.4964797,30,-0.04250557911159226,0,0,0,1
img_011710.jpg,1782802895.5742776,30,-0.028014641825366334,0,0,0,1
img_011711.jpg,1782802895.6649764,30,-0.018463932806164877,0,0,0,1
img_011712.jpg,1782802895.744649,30,-0.012169236958149601,0,0,0,1
img_011713.jpg,1782802895.8296301,30,0.0,0,0,0,1
img_011714.jpg,1782802895.925684,30,0.0,0,0,0,1
img_011715.jpg,1782802895.9866931,30,0.0,0,0,0,1
img_011716.jpg,1782802896.067456,30,0.0,0,0,0,1
img_011717.jpg,1782802896.1513216,30,0.0,0,0,0,1
img_011718.jpg,1782802896.2464228,30,0.0,0,0,0,1
img_011719.jpg,1782802896.3295457,30,0.0,0,0,0,1
img_011720.jpg,1782802896.3921664,30,0.0,0,0,0,1
img_011721.jpg,1782802896.4775038,30,0.0,0,0,0,1
img_011722.jpg,1782802896.5751383,30,0.0,0,0,0,1
img_011723.jpg,1782802896.6520367,30,0.0,0,0,0,1
img_011724.jpg,1782802896.7357223,30,0.04,0,0,0,1
img_011725.jpg,1782802896.8158553,30,0.14,0,0,0,1
img_011726.jpg,1782802896.9072595,30,0.09227141324800003,0,0,0,1
img_011727.jpg,1782802896.986063,30,0.06081438359130853,0,0,0,1
img_011728.jpg,1782802897.0694108,30,0.04008163656982872,0,0,0,1
img_011729.jpg,1782802897.1544044,30,0.04564220226390386,0,0,0,1
img_011730.jpg,1782802897.24391,30,0.030081932190296257,0,0,0,1
img_011731.jpg,1782802897.3109653,30,0.13008193219029626,0,0,0,1
img_011732.jpg,1782802897.3933625,30,0.10751763964432563,0,0,0,1
img_011733.jpg,1782802897.4888606,30,0.12372269577936067,0,0,0,1
img_011734.jpg,1782802897.5941584,30,0.12748889853103879,0,0,0,1
img_011735.jpg,1782802897.688414,30,0.0840255774349273,0,0,0,1
img_011736.jpg,1782802897.7977066,30,0.05537970556357145,0,0,0,1
img_011737.jpg,1782802897.8573318,30,0.03649974069720619,0,0,0,1
img_011738.jpg,1782802897.9308503,30,0.04614815727730401,0,0,0,1
img_011739.jpg,1782802898.0104566,30,0.146148157277304,0,0,0,1
img_011740.jpg,1782802898.1139183,30,0.09632355011119872,0,0,0,1
img_011741.jpg,1782802898.191685,30,0.06348507212732038,0,0,0,1
img_011742.jpg,1782802898.2541428,30,0.04184183803813619,0,0,0,1
img_011743.jpg,1782802898.3349788,30,0.0275771823476625,0,0,0,1
img_011744.jpg,1782802898.4240186,30,0.01817561134726156,0,0,0,1
img_011745.jpg,1782802898.5011725,30,0.011979209611844358,0,0,0,1
img_011746.jpg,1782802898.5892708,30,0.0,0,0,0,1
img_011747.jpg,1782802898.678686,30,0.0,0,0,0,1
img_011748.jpg,1782802898.770259,30,0.0,0,0,0,1
img_011749.jpg,1782802898.8256989,30,0.0,0,0,0,1
img_011750.jpg,1782802898.901664,30,0.0,0,0,0,1
img_011751.jpg,1782802898.9835792,30,0.0,0,0,0,1
img_011752.jpg,1782802899.0775492,30,-0.0736,0,0,0,1
img_011753.jpg,1782802899.1438603,30,-0.048508400107520014,0,0,0,1
img_011754.jpg,1782802899.2259223,30,-0.031970990230859336,0,0,0,1
img_011755.jpg,1782802899.3239994,30,-0.021071488939567097,0,0,0,1
img_011756.jpg,1782802899.399731,30,-0.013887829026381839,0,0,0,1
img_011757.jpg,1782802899.4788115,30,0.0,0,0,0,1
img_011758.jpg,1782802899.5554898,30,-0.0736,0,0,0,1
img_011759.jpg,1782802899.651041,30,-0.048508400107520014,0,0,0,1
img_011760.jpg,1782802899.7136226,30,-0.054751076337890586,0,0,0,1
img_011761.jpg,1782802899.7905405,30,-0.07378152613139936,0,0,0,1
img_011762.jpg,1782802899.8763466,30,-0.048628040626703305,0,0,0,1
img_011763.jpg,1782802899.9696,30,-0.0320498430864791,0,0,0,1
img_011764.jpg,1782802900.0500128,30,-0.02112345939975764,0,0,0,1
img_011765.jpg,1782802900.1131613,30,-0.013922081796445628,0,0,0,1
img_011766.jpg,1782802900.1965778,30,-0.02,0,0,0,1
img_011767.jpg,1782802900.2939608,30,-0.028655718400000006,0,0,0,1
img_011768.jpg,1782802900.3777719,30,-0.018886454531462274,0,0,0,1
img_011769.jpg,1782802900.4605184,30,-0.012447713220443699,0,0,0,1
img_011770.jpg,1782802900.5219843,30,0.0,0,0,0,1
img_011771.jpg,1782802900.5998936,30,0.0,0,0,0,1
img_011772.jpg,1782802900.684944,30,0.0,0,0,0,1
img_011773.jpg,1782802900.775557,30,0.0,0,0,0,1
img_011774.jpg,1782802900.8592186,30,0.0,0,0,0,1
img_011775.jpg,1782802900.945083,30,0.0,0,0,0,1
img_011776.jpg,1782802901.013891,30,0.0,0,0,0,1
img_011777.jpg,1782802901.0954638,30,0.0,0,0,0,1
img_011778.jpg,1782802901.1858025,30,0.0,0,0,1,0
img_011779.jpg,1782802901.267609,30,0.0,0,0,1,0
img_011780.jpg,1782802901.3480403,30,0.0,0,0,1,0
img_011781.jpg,1782802901.4376957,30,0.0,0,0,1,0
img_011782.jpg,1782802901.5258281,30,0.0,0,0,1,0
img_011783.jpg,1782802901.6033378,30,0.0,0,0,1,0
img_011784.jpg,1782802901.681847,30,0.0,0,0,1,0
img_011785.jpg,1782802901.7663226,30,0.0,0,0,1,0
img_011786.jpg,1782802901.853944,30,0.0,0,0,1,0
img_011787.jpg,1782802901.9396298,30,0.0,0,0,1,0
img_011788.jpg,1782802902.012871,30,0.0,0,0,1,0
img_011789.jpg,1782802902.1074598,30,0.0,0,0,1,0
img_011790.jpg,1782802902.1890855,30,0.0,0,0,1,0
img_011791.jpg,1782802902.2719524,30,0.0,0,0,1,0
img_011792.jpg,1782802902.3376594,30,0.0,0,0,1,0
img_011793.jpg,1782802902.4282563,30,0.0,0,0,1,0
img_011794.jpg,1782802902.5076246,30,0.0,0,0,1,0
img_011795.jpg,1782802902.5864778,30,0.0,0,0,1,0
img_011796.jpg,1782802902.6499932,30,0.0,0,0,1,0
img_011797.jpg,1782802902.743634,30,0.06,0,0,1,0
img_011798.jpg,1782802902.8277056,30,0.03954489139200001,0,0,1,0
img_011799.jpg,1782802902.903993,30,0.026063307253417937,0,0,1,0
img_011800.jpg,1782802903.0088694,30,0.017177844244212304,0,0,1,0
img_011801.jpg,1782802903.094635,30,0.011321599749767802,0,0,1,0
img_011802.jpg,1782802903.1627903,30,0.04,0,0,1,0
img_011803.jpg,1782802903.2410123,30,0.14,0,0,1,0
img_011804.jpg,1782802903.319754,30,0.23999999999999996,0,0,1,0
img_011805.jpg,1782802903.4125566,30,0.34,0,0,1,0
img_011806.jpg,1782802903.4925363,30,0.22408771788800003,0,0,1,0
img_011807.jpg,1782802903.5792534,30,0.21449441686677098,0,0,1,0
img_011808.jpg,1782802903.6858666,30,0.16799014940266,0,0,1,0
img_011809.jpg,1782802903.7754464,30,0.17081191345805852,0,0,1,0
img_011810.jpg,1782802903.8585265,30,0.1366963114854824,0,0,1,0
img_011811.jpg,1782802903.9484227,30,0.11792827520616676,0,0,1,0
img_011812.jpg,1782802904.029118,30,0.21792827520616673,0,0,1,0
img_011813.jpg,1782802904.1074777,30,0.3179282752061668,0,0,1,0
img_011814.jpg,1782802904.1938608,30,0.4179282752061669,0,0,1,0
img_011815.jpg,1782802904.2806487,30,0.5179282752061669,0,0,1,0
img_011816.jpg,1782802904.366588,30,0.5500940131896737,0,0,1,0
img_011817.jpg,1782802904.4526372,30,0.3625568001162511,0,0,1,0
img_011818.jpg,1782802904.5365963,30,0.41355225610695107,0,0,1,0
img_011819.jpg,1782802904.6215837,30,0.3531756992034096,0,0,1,0
img_011820.jpg,1782802904.703684,30,0.23277157778820826,0,0,1,0
img_011821.jpg,1782802904.7906024,30,0.3327715777882083,0,0,1,0
img_011822.jpg,1782802904.8776197,30,0.21932359836631968,0,0,1,0
img_011823.jpg,1782802904.963751,30,0.2817777104970141,0,0,1,0
img_011824.jpg,1782802905.0419598,30,0.3817777104970142,0,0,1,0
img_011825.jpg,1782802905.1060407,30,0.2516226349581808,0,0,1,0
img_011826.jpg,1782802905.1974921,30,0.1658398295198354,0,0,1,0
img_011827.jpg,1782802905.2777708,30,0.10930196744716145,0,0,1,0
img_011828.jpg,1782802905.3568928,30,0.07203890719383199,0,0,1,0
img_011829.jpg,1782802905.428538,30,0.047479512682974234,0,0,1,0
img_011830.jpg,1782802905.5297842,30,0.031292869539888385,0,0,1,0
img_011831.jpg,1782802905.6144319,30,0.020624552121648525,0,0,1,0
img_011832.jpg,1782802905.6913402,30,-0.005224716056897933,0,0,1,0
img_011833.jpg,1782802905.777489,30,-0.10522471605689794,0,0,1,0
img_011834.jpg,1782802905.8696244,30,-0.06935166613706781,0,0,1,0
img_011835.jpg,1782802905.9304814,30,-0.045708401754076526,0,0,1,0
img_011836.jpg,1782802906.0115123,30,-0.030125563051114315,0,0,1,0
img_011837.jpg,1782802906.1032643,30,-0.08549827656646317,0,0,1,0
img_011838.jpg,1782802906.1813781,30,-0.056350334350399434,0,0,1,0
img_011839.jpg,1782802906.2659478,30,-0.03713946419649054,0,0,1,0
img_011840.jpg,1782802906.361461,30,-0.024477934633454854,0,0,0,1
img_011841.jpg,1782802906.4549406,30,-0.016132954443007462,0,0,0,1
img_011842.jpg,1782802906.5327566,30,-0.11613295444300747,0,0,0,1
img_011843.jpg,1782802906.5939572,30,-0.09752469018697127,0,0,0,1
img_011844.jpg,1782802906.6808405,30,-0.06427672135803712,0,0,0,1
img_011845.jpg,1782802906.777469,30,-0.09005151160084722,0,0,0,1
img_011846.jpg,1782802906.8574212,30,-0.0788401281482053,0,0,0,1
img_011847.jpg,1782802906.9367683,30,-0.051962071749202365,0,0,0,1
img_011848.jpg,1782802907.0274782,30,-0.0804622417262429,0,0,0,1
img_011849.jpg,1782802907.1222305,30,-0.07197044271849869,0,0,0,1
img_011850.jpg,1782802907.1995022,30,-0.047434389012286464,0,0,0,1
img_011851.jpg,1782802907.2586741,30,-0.07693658951119933,0,0,0,1
img_011852.jpg,1782802907.3539422,30,-0.06944469029223305,0,0,0,1
img_011853.jpg,1782802907.4341395,30,-0.04576971225595721,0,0,0,1
img_011854.jpg,1782802907.5136435,30,-0.030165971670081993,0,0,0,1
img_011855.jpg,1782802907.5987833,30,-0.07631647842155742,0,0,0,1
img_011856.jpg,1782802907.6928496,30,-0.05029878084334001,0,0,0,1
img_011857.jpg,1782802907.7748072,30,-0.1262748783758728,0,0,0,1
img_011858.jpg,1782802907.8592799,30,-0.08322543918186501,0,0,0,1
img_011859.jpg,1782802907.942951,30,-0.05485234922497256,0,0,0,1
img_011860.jpg,1782802908.037598,30,-0.07386038611329546,0,0,0,1
img_011861.jpg,1782802908.119855,30,-0.04868001578369091,0,0,0,1
img_011862.jpg,1782802908.2029092,30,-0.03208409895211506,0,0,0,1
img_011863.jpg,1782802908.2994792,30,-0.06498350284482457,0,0,0,1
img_011864.jpg,1782802908.3777137,30,-0.04282942603783852,0,0,0,1
img_011865.jpg,1782802908.4593296,30,-0.028228083350800365,0,0,0,1
img_011866.jpg,1782802908.5417247,30,-0.10596983668273635,0,0,0,1
img_011867.jpg,1782802908.6276746,30,-0.06984276137411312,0,0,0,1
img_011868.jpg,1782802908.707872,30,-0.09438572016888541,0,0,0,1
img_011869.jpg,1782802908.7993221,30,-0.16043486255537456,0,0,0,1
img_011870.jpg,1782802908.9186065,30,-0.10573965358737891,0,0,0,1
img_011871.jpg,1782802909.0002606,30,-0.11913819937264893,0,0,0,1
img_011872.jpg,1782802909.087603,30,-0.07852178591383076,0,0,0,1
img_011873.jpg,1782802909.17139,30,-0.07625245463529554,0,0,0,1
img_011874.jpg,1782802909.29203,30,-0.06895458088344511,0,0,0,1
img_011875.jpg,1782802909.3978095,30,-0.04544669020027862,0,0,0,1
img_011876.jpg,1782802909.487881,30,-0.029953073801598153,0,0,0,1
img_011877.jpg,1782802909.5879066,30,-0.04145817120182536,0,0,0,1
img_011878.jpg,1782802909.6685762,30,-0.06343050041680699,0,0,0,1
img_011879.jpg,1782802909.729515,30,-0.0418058708320474,0,0,0,1
img_011880.jpg,1782802909.8513153,30,-0.07255372994646533,0,0,0,1
img_011881.jpg,1782802909.9277644,30,-0.04781882284695784,0,0,0,1
img_011882.jpg,1782802910.019569,30,-0.031516502599603945,0,0,0,1
img_011883.jpg,1782802910.1038616,30,-0.05568904237628041,0,0,0,1
img_011884.jpg,1782802910.2220945,30,-0.03670361887490826,0,0,0,1
img_011885.jpg,1782802910.3096337,30,-0.08184994301572236,0,0,0,1
img_011886.jpg,1782802910.4275856,30,-0.0539457851166355,0,0,0,1
img_011887.jpg,1782802910.5276794,30,-0.07315445552090269,0,0,0,1
img_011888.jpg,1782802910.642727,30,-0.04821474997358321,0,0,0,1
img_011889.jpg,1782802910.7354856,30,-0.06869176722742958,0,0,0,1
img_011890.jpg,1782802910.8579407,30,-0.06921029845168927,0,0,0,1
img_011891.jpg,1782802910.9831843,30,-0.06390962977028912,0,0,0,1
img_011892.jpg,1782802911.0736213,30,-0.04212165613615023,0,0,0,1
img_011893.jpg,1782802911.2085137,30,-0.06394714817334657,0,0,0,1
img_011894.jpg,1782802911.3278372,30,-0.06581128676346236,0,0,0,1
img_011895.jpg,1782802911.4599347,30,-0.06147460172588563,0,0,0,1
img_011896.jpg,1782802911.5876977,30,-0.08172553466872644,0,0,0,1
img_011897.jpg,1782802911.717825,30,-0.05386378987379864,0,0,0,1
img_011898.jpg,1782802911.8551288,30,-0.07579908680924853,0,0,0,1
img_011899.jpg,1782802911.977984,30,-0.04995777759140856,0,0,0,1
img_011900.jpg,1782802912.1177995,30,-0.05011725936373086,0,0,0,1
img_011901.jpg,1782802912.2738907,30,-0.07582570845942486,0,0,0,1
img_011902.jpg,1782802912.4099765,30,-0.04997532342915688,0,0,0,1
img_011903.jpg,1782802912.5279849,30,-0.07891518465040333,0,0,0,1
img_011904.jpg,1782802912.6476896,30,-0.052011540102997085,0,0,0,1
img_011905.jpg,1782802912.7876194,30,-0.09922256754317675,0,0,0,1
img_011906.jpg,1782802912.9152412,30,-0.06539576095217182,0,0,0,1
img_011907.jpg,1782802913.0479445,30,-0.0847788943043248,0,0,0,1
img_011908.jpg,1782802913.171525,30,-0.055876202793306205,0,0,0,1
img_011909.jpg,1782802913.2980537,30,-0.09807761804425438,0,0,0,1
img_011910.jpg,1782802913.4370596,30,-0.06464114589243498,0,0,0,1
img_011911.jpg,1782802913.5612466,30,-0.08419128461268842,0,0,0,1
img_011912.jpg,1782802913.6977992,30,-0.10555874303248514,0,0,0,1
img_011913.jpg,1782802913.8279216,30,-0.0899493995749214,0,0,0,1
img_011914.jpg,1782802913.9677224,30,-0.05928398728276464,0,0,0,1
img_011915.jpg,1782802914.1277697,30,-0.03907298063969396,0,0,0,1
img_011916.jpg,1782802914.328018,30,-0.06428166114836202,0,0,0,1
img_011917.jpg,1782802914.51802,30,-0.04236685514348871,0,0,0,1
img_011918.jpg,1782802914.7179787,30,-0.07299056169797294,0,0,0,1
img_011919.jpg,1782802914.927886,30,-0.04810673058312359,0,0,0,1
img_011920.jpg,1782802915.1268733,30,-0.03170625726889713,0,0,0,1
img_011921.jpg,1782802915.3378365,30,-0.04271413949538673,0,0,0,1
img_011922.jpg,1782802915.5387263,30,-0.028152100120796768,0,0,0,1
img_011923.jpg,1782802915.7463624,30,-0.01855452902889364,0,0,0,1
img_011924.jpg,1782802915.9537933,30,-0.02886609397241505,0,0,0,1
img_011925.jpg,1782802916.147818,30,-0.04067946650453658,0,0,0,1
img_011926.jpg,1782802916.3552577,30,-0.04347034262040581,0,0,0,1
img_011927.jpg,1782802916.561538,30,-0.0875772979939115,0,0,0,1
img_011928.jpg,1782802916.7596922,30,-0.09934291102028296,0,0,0,1
img_011929.jpg,1782802916.971641,30,-0.06547507711437017,0,0,0,1
img_011930.jpg,1782802917.1682296,30,-0.062479644300191914,0,0,0,1
img_011931.jpg,1782802917.3765824,30,-0.05908783651996162,0,0,0,1
img_011932.jpg,1782802917.5840018,30,-0.05790387010453142,0,0,0,1
img_011933.jpg,1782802917.7779548,30,-0.05705568489964078,0,0,0,1
img_011934.jpg,1782802917.9926772,30,-0.057802290990080975,0,0,0,1
img_011935.jpg,1782802918.1979008,30,-0.03809642199019221,0,0,0,1
img_011936.jpg,1782802918.3883932,30,-0.04569200851496289,0,0,0,1
img_011937.jpg,1782802918.5997171,30,-0.03011475857010911,0,0,0,1
img_011938.jpg,1782802918.7980933,30,-0.01984808094918777,0,0,0,1
img_011939.jpg,1782802919.004703,30,-0.049311462458161134,0,0,0,1
img_011940.jpg,1782802919.214051,30,-0.05225438455233094,0,0,0,1
img_011941.jpg,1782802919.408006,30,-0.03443989936462884,0,0,0,1
img_011942.jpg,1782802919.6218045,30,-0.04467250144792857,0,0,0,1
img_011943.jpg,1782802919.8297203,30,-0.029442820299454973,0,0,0,1
img_011944.jpg,1782802920.038105,30,-0.019405218850268666,0,0,0,1
img_011945.jpg,1782802920.2479653,30,-0.012789621197864427,0,0,0,1
img_011946.jpg,1782802920.450073,30,-0.041106644551322666,0,0,0,1
img_011947.jpg,1782802920.6580088,30,-0.027092629904526724,0,0,0,1
img_011948.jpg,1782802920.8816493,30,-0.01785625178496935,0,0,0,1
img_011949.jpg,1782802921.078193,30,-0.011768725625080322,0,0,0,1
img_011950.jpg,1782802935.5372787,30,0.0,0,0,0,1
img_011951.jpg,1782802935.7380087,30,0.0,0,0,0,1
img_011952.jpg,1782802935.9616938,30,0.0,0,0,0,1
img_011953.jpg,1782802936.180358,30,0.0,0,0,0,1
img_011954.jpg,1782802936.3816009,30,0.0,0,0,0,1
img_011955.jpg,1782802936.5982916,30,0.0,0,0,0,1
img_011956.jpg,1782802936.8225055,30,0.0,0,0,0,1
img_011957.jpg,1782802937.01844,30,-0.02,0,0,0,1
img_011958.jpg,1782802937.2389543,30,-0.028655718400000006,0,0,0,1
img_011959.jpg,1782802937.4589982,30,-0.03745675492550247,0,0,0,1
img_011960.jpg,1782802937.6587496,30,-0.0452337555330753,0,0,0,1
img_011961.jpg,1782802937.8781033,30,-0.07522298262853935,0,0,0,1
img_011962.jpg,1782802938.0981953,30,-0.04957807797046488,0,0,0,1
img_011963.jpg,1782802938.29917,30,-0.05551738602837214,0,0,0,1
img_011964.jpg,1782802938.5193896,30,-0.03659048334766192,0,0,0,1
img_011965.jpg,1782802938.7400525,30,-0.02411611149940126,0,0,0,1
img_011966.jpg,1782802938.9460382,30,-0.052634926631245776,0,0,0,1
img_011967.jpg,1782802939.1583915,30,-0.034690707617641724,0,0,0,1
img_011968.jpg,1782802939.3722212,30,-0.022864004417521157,0,0,0,1
img_011969.jpg,1782802939.5684757,30,-0.036379611802121056,0,0,0,1
img_011970.jpg,1782802939.7782884,30,-0.040389956982572445,0,0,0,1
img_011971.jpg,1782802939.9743192,30,-0.026620274370056325,0,0,0,1
img_011972.jpg,1782802940.1731577,30,-0.039070577151976794,0,0,0,1
img_011973.jpg,1782802940.378166,30,-0.025750695501627986,0,0,0,1
img_011974.jpg,1782802940.562211,30,-0.016971807614672367,0,0,0,1
img_011975.jpg,1782802940.698439,30,-0.027732243493625682,0,0,0,1
img_011976.jpg,1782802940.8189657,30,-0.01827780928353211,0,0,0,1
img_011977.jpg,1782802940.9582515,30,-0.028667853894945056,0,0,0,1
img_011978.jpg,1782802941.0746245,30,-0.06232331381374698,0,0,0,1
img_011979.jpg,1782802941.166111,30,-0.07967793658699902,0,0,0,1
img_011980.jpg,1782802941.2942703,30,-0.05251425581119234,0,0,0,1
img_011981.jpg,1782802941.408246,30,-0.0346111757097551,0,0,0,1
img_011982.jpg,1782802941.4882507,30,-0.04479520261579156,0,0,0,1
img_011983.jpg,1782802941.6144717,30,-0.04641882699572667,0,0,0,1
img_011984.jpg,1782802941.6909618,30,-0.03059379120150082,0,0,0,1
img_011985.jpg,1782802941.7782197,30,-0.0766785848729503,0,0,0,1
img_011986.jpg,1782802941.8783436,30,-0.050537438514884576,0,0,0,1
img_011987.jpg,1782802941.9583445,30,-0.12649444343369382,0,0,0,1
img_011988.jpg,1782802942.0365381,30,-0.12964722516849617,0,0,0,1
img_011989.jpg,1782802942.1210916,30,-0.08544809064270584,0,0,0,1
img_011990.jpg,1782802942.2316604,30,-0.05631725773532624,0,0,0,1
img_011991.jpg,1782802942.2986047,30,-0.037117664010645805,0,0,0,1
img_011992.jpg,1782802942.3627193,30,-0.024463566533762266,0,0,0,1
img_011993.jpg,1782802942.454989,30,-0.016123484693976578,0,0,0,1
img_011994.jpg,1782802942.5332751,30,-0.010626690851397972,0,0,0,1
img_011995.jpg,1782802942.609838,30,0.0,0,0,0,1
img_011996.jpg,1782802942.6882176,30,0.0,0,0,0,1
img_011997.jpg,1782802942.7826014,30,-0.02,0,0,0,1
img_011998.jpg,1782802942.8664806,30,-0.046721280000000004,0,0,0,1
img_011999.jpg,1782802942.9244163,30,-0.0307931323882537,0,0,0,1
img_012000.jpg,1782802943.0131402,30,-0.04205998325929294,0,0,0,1
img_012001.jpg,1782802943.1081917,30,-0.04445933510467533,0,0,0,1
img_012002.jpg,1782802943.183237,30,-0.029302326301248648,0,0,0,1
img_012003.jpg,1782802943.2633564,30,-0.08480148898137686,0,0,0,1
img_012004.jpg,1782802943.347554,30,-0.05589109452747388,0,0,0,1
img_012005.jpg,1782802943.4334793,30,-0.03683678771448268,0,0,0,1
img_012006.jpg,1782802943.5170605,30,-0.0598318845518151,0,0,0,1
img_012007.jpg,1782802943.5791824,30,-0.039434089606336854,0,0,0,1
img_012008.jpg,1782802943.6567864,30,-0.07070685236737924,0,0,0,1
img_012009.jpg,1782802943.743087,30,-0.06498175045974984,0,0,0,1
img_012010.jpg,1782802943.8146772,30,-0.042828271073214234,0,0,0,1
img_012011.jpg,1782802943.901244,30,-0.06720586074545906,0,0,0,1
img_012012.jpg,1782802943.9940252,30,-0.044294141068084256,0,0,0,1
img_012013.jpg,1782802944.076483,30,-0.05013201083042246,0,0,0,1
img_012014.jpg,1782802944.1533556,30,-0.03304108205919374,0,0,0,1
img_012015.jpg,1782802944.233238,30,-0.043670398577988705,0,0,0,1
img_012016.jpg,1782802944.3285394,30,-0.06515313532789688,0,0,0,1
img_012017.jpg,1782802944.4100294,30,-0.042941227673166014,0,0,0,1
img_012018.jpg,1782802944.4927082,30,-0.08712945510256773,0,0,0,1
img_012019.jpg,1782802944.57264,30,-0.05742541398458637,0,0,0,1
img_012020.jpg,1782802944.6695774,30,-0.03784802931935178,0,0,0,1
img_012021.jpg,1782802944.7422924,30,-0.024944936813916636,0,0,0,1
img_012022.jpg,1782802944.822375,30,-0.016440746951443933,0,0,0,1
img_012023.jpg,1782802944.8873131,30,-0.06469944821970215,0,0,0,1
img_012024.jpg,1782802944.9769893,30,-0.04264221088284083,0,0,0,1
img_012025.jpg,1782802945.0582469,30,-0.09609236729123649,0,0,0,1
img_012026.jpg,1782802945.145927,30,-0.06333270380220203,0,0,0,1
img_012027.jpg,1782802945.2344244,30,-0.06537110314166278,0,0,0,1
img_012028.jpg,1782802945.2982001,30,-0.13374141489032976,0,0,0,1
img_012029.jpg,1782802945.382322,30,-0.08814649544084172,0,0,0,1
img_012030.jpg,1782802945.48232,30,-0.10863861824183818,0,0,0,1
img_012031.jpg,1782802945.5531101,30,-0.1157431083615005,0,0,0,1
img_012032.jpg,1782802945.652486,30,-0.07628414415880042,0,0,0,1
img_012033.jpg,1782802945.7373703,30,-0.1762841441588004,0,0,0,1
img_012034.jpg,1782802945.821337,30,-0.11618562224819057,0,0,0,1
img_012035.jpg,1782802945.903708,30,-0.07657579688527727,0,0,0,1
img_012036.jpg,1782802945.9855733,30,-0.1155977544836987,0,0,0,1
img_012037.jpg,1782802946.0692897,30,-0.07618834410361579,0,0,0,1
img_012038.jpg,1782802946.1612456,30,-0.05021432988189685,0,0,0,1
img_012039.jpg,1782802946.2333117,30,-0.15021432988189684,0,0,0,1
img_012040.jpg,1782802946.3149855,30,-0.1481176161070745,0,0,0,1
img_012041.jpg,1782802946.4094157,30,-0.09762158403660355,0,0,0,1
img_012042.jpg,1782802946.495939,30,-0.0643405823040415,0,0,0,1
img_012043.jpg,1782802946.567141,30,-0.042405688988522636,0,0,0,1
img_012044.jpg,1782802946.6386409,30,-0.027948806090900977,0,0,0,1
img_012045.jpg,1782802946.7219024,30,-0.055619399917311504,0,0,0,1
img_012046.jpg,1782802946.8163693,30,-0.03665771881697162,0,0,0,1
img_012047.jpg,1782802946.8760414,30,-0.06534492575015001,0,0,0,1
img_012048.jpg,1782802946.9529383,30,-0.043067633196799786,0,0,0,1
img_012049.jpg,1782802947.0333183,30,-0.05085334922604966,0,0,0,1
img_012050.jpg,1782802947.1182575,30,-0.07074641280213417,0,0,0,1
img_012051.jpg,1782802947.2003498,30,-0.04662765351056658,0,0,0,1
img_012052.jpg,1782802947.286384,30,-0.07310839425683607,0,0,0,1
img_012053.jpg,1782802947.37559,30,-0.04818439184550166,0,0,0,1
img_012054.jpg,1782802947.4489443,30,-0.03175744237199891,0,0,0,1
img_012055.jpg,1782802947.532339,30,-0.05858513928576709,0,0,0,1
img_012056.jpg,1782802947.6255417,30,-0.038612382837347546,0,0,0,1
img_012057.jpg,1782802947.7157013,30,-0.10912339221035976,0,0,0,1
img_012058.jpg,1782802947.7998538,30,-0.07192121155475494,0,0,0,1
img_012059.jpg,1782802947.8797371,30,-0.0715238496324971,0,0,0,1
img_012060.jpg,1782802947.9485595,30,-0.06556704154881951,0,0,0,1
img_012061.jpg,1782802948.0564778,30,-0.04321402561571366,0,0,0,1
img_012062.jpg,1782802948.1457024,30,-0.04788622372435693,0,0,0,1
img_012063.jpg,1782802948.2210834,30,-0.03156092527254515,0,0,0,1
img_012064.jpg,1782802948.2984414,30,-0.08671316715068222,0,0,0,1
img_012065.jpg,1782802948.3912845,30,-0.05715104628716785,0,0,0,1
img_012066.jpg,1782802948.4626236,30,-0.08450283393126216,0,0,0,1
img_012067.jpg,1782802948.5475569,30,-0.09694886274826668,0,0,0,1
img_012068.jpg,1782802948.6440966,30,-0.08945348275286452,0,0,0,1
img_012069.jpg,1782802948.719738,30,-0.1008038735778626,0,0,0,1
img_012070.jpg,1782802948.7796712,30,-0.06643797054215793,0,0,0,1
img_012071.jpg,1782802948.861714,30,-0.11143309826688248,0,0,0,1
img_012072.jpg,1782802948.9505203,30,-0.07344349614063218,0,0,0,1
img_012073.jpg,1782802949.0561943,30,-0.1221625751334311,0,0,0,1
img_012074.jpg,1782802949.1204426,30,-0.08051509609697623,0,0,0,1
img_012075.jpg,1782802949.2083743,30,-0.05306601217618948,0,0,0,1
img_012076.jpg,1782802949.2934277,30,-0.052343976738296424,0,0,0,1
img_012077.jpg,1782802949.3697014,30,-0.034498947919021784,0,0,0,1
img_012078.jpg,1782802949.4529316,30,-0.022737619143266354,0,0,0,1
img_012079.jpg,1782802949.5485935,30,-0.014985944658885473,0,0,0,1
img_012080.jpg,1782802949.635553,30,0.0,0,0,0,1
img_012081.jpg,1782802949.721942,30,0.0,0,0,0,1
img_012082.jpg,1782802949.8007383,30,0.0,0,0,0,1
img_012083.jpg,1782802949.8769383,30,0.0,0,0,0,1
img_012084.jpg,1782802949.9538248,30,0.0,0,0,0,1
img_012085.jpg,1782802950.0368807,30,0.0,0,0,0,1
img_012086.jpg,1782802950.109601,30,0.0,0,0,0,1
img_012087.jpg,1782802950.2103875,30,0.0,0,0,0,1
img_012088.jpg,1782802950.2744439,30,0.0,0,0,0,1
img_012089.jpg,1782802950.362792,30,0.0,0,0,0,1
img_012090.jpg,1782802950.4483232,30,0.0,0,0,0,1
img_012091.jpg,1782802950.5250263,30,0.0,0,0,0,1
img_012092.jpg,1782802950.6062298,30,0.0,0,0,0,1
img_012093.jpg,1782802956.4826758,30,0.0,0,0,0,1
img_012094.jpg,1782802956.5655298,30,0.0,0,0,0,1
img_012095.jpg,1782802956.6777084,30,0.0,0,0,0,1
img_012096.jpg,1782802956.739785,30,0.0,0,0,0,1
img_012097.jpg,1782802956.8246508,30,0.0,0,0,0,1
img_012098.jpg,1782802956.915594,30,0.0,0,0,0,1
img_012099.jpg,1782802956.9993775,30,0.0,0,0,0,1
img_012100.jpg,1782802957.0772748,30,0.0,0,0,0,1
img_012101.jpg,1782802957.151632,30,0.0,0,0,0,1
img_012102.jpg,1782802957.2406776,30,-0.02,0,0,0,1
img_012103.jpg,1782802957.3257802,30,-0.06771200000000001,0,0,0,1
img_012104.jpg,1782802957.4155772,30,-0.044627728098918414,0,0,0,1
img_012105.jpg,1782802957.4922426,30,-0.02941331101239059,0,0,0,1
img_012106.jpg,1782802957.5824018,30,-0.01938576982440173,0,0,0,1
img_012107.jpg,1782802957.664731,30,-0.012776802704271293,0,0,0,1
img_012108.jpg,1782802957.743034,30,0.0,0,0,0,1
img_012109.jpg,1782802957.826007,30,-0.02,0,0,0,1
img_012110.jpg,1782802957.9069424,30,-0.046721280000000004,0,0,0,1
img_012111.jpg,1782802957.9904146,30,-0.0307931323882537,0,0,0,1
img_012112.jpg,1782802958.0818548,30,-0.02029518459854951,0,0,0,1
img_012113.jpg,1782802958.1745014,30,-0.05580361670467532,0,0,0,1
img_012114.jpg,1782802958.2658243,30,-0.03677913269778638,0,0,0,1
img_012115.jpg,1782802958.3454573,30,-0.02424044680043198,0,0,0,1
img_012116.jpg,1782802958.4365563,30,-0.09590121105639743,0,0,0,1
img_012117.jpg,1782802958.5094237,30,-0.06320671625977513,0,0,0,1
img_012118.jpg,1782802958.5869012,30,-0.041658378828962804,0,0,0,1
img_012119.jpg,1782802958.672199,30,-0.027456267772635445,0,0,0,1
img_012120.jpg,1782802958.762774,30,-0.018095918784975643,0,0,0,1
img_012121.jpg,1782802958.8538926,30,-0.011926685716505243,0,0,0,1
img_012122.jpg,1782802958.9360507,30,0.0,0,0,0,1
img_012123.jpg,1782802959.026411,30,0.0,0,0,0,1
img_012124.jpg,1782802959.1051404,30,-0.0736,0,0,0,1
img_012125.jpg,1782802959.1826394,30,-0.048508400107520014,0,0,0,1
img_012126.jpg,1782802959.261437,30,-0.031970990230859336,0,0,0,1
img_012127.jpg,1782802959.3336296,30,-0.021071488939567097,0,0,0,1
img_012128.jpg,1782802959.4171832,30,-0.013887829026381839,0,0,0,1
img_012129.jpg,1782802959.4987428,30,-0.0625386584879296,0,0,0,1
img_012130.jpg,1782802959.584688,30,-0.04121807429510926,0,0,0,1
img_012131.jpg,1782802959.6725578,30,-0.027166071189791384,0,0,0,1
img_012132.jpg,1782802959.7498116,30,-0.10499278549460808,0,0,0,1
img_012133.jpg,1782802959.8347914,30,-0.08954395157912735,0,0,0,1
img_012134.jpg,1782802959.9270399,30,-0.059016764000118314,0,0,0,1
img_012135.jpg,1782802960.0198212,30,-0.07710316592572415,0,0,0,1
img_012136.jpg,1782802960.0994508,30,-0.05081727204186862,0,0,0,1
img_012137.jpg,1782802960.178557,30,-0.033492725062223554,0,0,0,1
img_012138.jpg,1782802960.2722266,30,-0.022074436250129118,0,0,0,1
img_012139.jpg,1782802960.355332,30,-0.014548853067516396,0,0,0,1
img_012140.jpg,1782802960.4375515,30,0.0,0,0,0,1
img_012141.jpg,1782802960.5219896,30,0.0,0,0,0,1
img_012142.jpg,1782802960.629942,30,0.0,0,0,0,1
img_012143.jpg,1782802960.6941085,30,0.0,0,0,0,1
img_012144.jpg,1782802960.7739997,30,0.0,0,0,0,1
img_012145.jpg,1782802960.8646789,30,-0.06,0,0,0,1
img_012146.jpg,1782802960.945048,30,-0.03954489139200001,0,0,0,1
img_012147.jpg,1782802961.026179,30,-0.026063307253417937,0,0,0,1
img_012148.jpg,1782802961.1071744,30,-0.07284398325929295,0,0,0,1
img_012149.jpg,1782802961.2122257,30,-0.0480101234424901,0,0,0,1
img_012150.jpg,1782802961.2946272,30,-0.10063576848172363,0,0,0,1
img_012151.jpg,1782802961.37685,30,-0.06632717557933698,0,0,0,1
img_012152.jpg,1782802961.4542766,30,-0.06751632164172094,0,0,0,1
img_012153.jpg,1782802961.5518632,30,-0.10792981463755262,0,0,0,1
img_012154.jpg,1782802961.6337314,30,-0.07113454663001186,0,0,0,1
img_012155.jpg,1782802961.7126465,30,-0.13904378289961092,0,0,0,1
img_012156.jpg,1782802961.7970462,30,-0.0916411882249657,0,0,0,1
img_012157.jpg,1782802961.8800128,30,-0.08565110209040035,0,0,0,1
img_012158.jpg,1782802961.9636397,30,-0.09784300538456968,0,0,0,1
img_012159.jpg,1782802962.027093,30,-0.064486517023328,0,0,0,1
img_012160.jpg,1782802962.1236067,30,-0.04250187186559776,0,0,0,1
img_012161.jpg,1782802962.2325218,30,-0.044775900991336305,0,0,0,1
img_012162.jpg,1782802962.3127453,30,-0.02951096902802233,0,0,0,1
img_012163.jpg,1782802962.3985517,30,-0.019450134418096985,0,0,0,1
img_012164.jpg,1782802962.492107,30,-0.0672465937714773,0,0,0,1
img_012165.jpg,1782802962.5740304,30,-0.09236411561072413,0,0,0,1
img_012166.jpg,1782802962.6521335,30,-0.10307034845668357,0,0,0,1
img_012167.jpg,1782802962.7207656,30,-0.06793176225758579,0,0,0,1
img_012168.jpg,1782802962.8148584,30,-0.11749744357482063,0,0,0,1
img_012169.jpg,1782802962.896966,30,-0.09850220059499876,0,0,0,1
img_012170.jpg,1782802962.98425,30,-0.06492098040670374,0,0,0,1
img_012171.jpg,1782802963.0698745,30,-0.04278821865408767,0,0,0,1
img_012172.jpg,1782802963.1510794,30,-0.05065317861472909,0,0,0,1
img_012173.jpg,1782802963.2343283,30,-0.05061543976121447,0,0,0,1
img_012174.jpg,1782802963.310698,30,-0.03335970113525908,0,0,0,1
img_012175.jpg,1782802963.401075,30,-0.02198676263772333,0,0,0,1
img_012176.jpg,1782802963.4639049,30,-0.014491069009507545,0,0,0,1
img_012177.jpg,1782802963.5721068,30,0.0,0,0,0,1
img_012178.jpg,1782802963.6744287,30,-0.0552,0,0,0,1
img_012179.jpg,1782802963.7658286,30,-0.03638130008064001,0,0,0,1
img_012180.jpg,1782802963.843271,30,-0.0907931323882537,0,0,0,1
img_012181.jpg,1782802963.918809,30,-0.10184704267314452,0,0,0,1
img_012182.jpg,1782802964.010893,30,-0.06712550401843151,0,0,0,1
img_012183.jpg,1782802964.09462,30,-0.141755463696957,0,0,0,1
img_012184.jpg,1782802964.1548572,30,-0.09342840693531274,0,0,0,1
img_012185.jpg,1782802964.2415216,30,-0.061576936753075386,0,0,0,1
img_012186.jpg,1782802964.3325942,30,-0.08794922172637877,0,0,0,1
img_012187.jpg,1782802964.412946,30,-0.05796570701967627,0,0,0,1
img_012188.jpg,1782802964.4808042,30,-0.03820412647589318,0,0,0,1
img_012189.jpg,1782802964.5658374,30,-0.02517963387025713,0,0,0,1
img_012190.jpg,1782802964.6752834,30,-0.016595431444827384,0,0,0,1
img_012191.jpg,1782802964.7421572,30,-0.05292266332090975,0,0,0,1
img_012192.jpg,1782802964.8275337,30,-0.05224128262754998,0,0,0,1
img_012193.jpg,1782802964.9213912,30,-0.03443126412808734,0,0,0,1
img_012194.jpg,1782802964.999933,30,-0.11167676299784036,0,0,0,1
img_012195.jpg,1782802965.0756807,30,-0.07360409106266204,0,0,0,1
img_012196.jpg,1782802965.1413853,30,-0.04851109645133081,0,0,0,1
img_012197.jpg,1782802965.2324877,30,-0.14851109645133082,0,0,0,1
img_012198.jpg,1782802965.3160903,30,-0.09788091966124525,0,0,0,1
img_012199.jpg,1782802965.3955836,30,-0.06451150562255037,0,0,0,1
img_012200.jpg,1782802965.4701657,30,-0.13295058517274636,0,0,0,1
img_012201.jpg,1782802965.5531988,30,-0.08762527418598502,0,0,0,1
img_012202.jpg,1782802965.640791,30,-0.08277412954490941,0,0,0,1
img_012203.jpg,1782802965.717311,30,-0.09560274138706644,0,0,0,1
img_012204.jpg,1782802965.8046966,30,-0.06301000041548345,0,0,0,1
img_012205.jpg,1782802965.8986404,30,-0.085865131203532,0,0,0,1
img_012206.jpg,1782802965.9776053,30,-0.05659212146339172,0,0,0,1
img_012207.jpg,1782802966.0417757,30,-0.08406760587808558,0,0,0,1
img_012208.jpg,1782802966.1499166,30,-0.09660995588599472,0,0,0,1
img_012209.jpg,1782802966.2396412,30,-0.06367383688162623,0,0,0,1
img_012210.jpg,1782802966.3073633,30,-0.13217992993109615,0,0,0,1
img_012211.jpg,1782802966.3876226,30,-0.08711734955545614,0,0,0,1
img_012212.jpg,1782802966.4991627,30,-0.13373612466373808,0,0,0,1
img_012213.jpg,1782802966.585766,30,-0.0881430087502416,0,0,0,1
img_012214.jpg,1782802966.648661,30,-0.05809342846654017,0,0,0,1
img_012215.jpg,1782802966.7363322,30,-0.13344595418921695,0,0,0,1
img_012216.jpg,1782802966.8232384,30,-0.10992760132163755,0,0,0,1
img_012217.jpg,1782802966.9038866,30,-0.07245125092078722,0,0,0,1
img_012218.jpg,1782802966.9769132,30,-0.1121067387793543,0,0,0,1
img_012219.jpg,1782802967.077477,30,-0.07388748015568138,0,0,0,1
img_012220.jpg,1782802967.1578257,30,-0.04869787296641626,0,0,0,1
img_012221.jpg,1782802967.2316086,30,-0.03209586829130574,0,0,0,1
img_012222.jpg,1782802967.3012557,30,-0.021153793761860377,0,0,0,1
img_012223.jpg,1782802967.3878112,30,-0.013942074614025596,0,0,0,1
img_012224.jpg,1782802967.4738486,30,0.0,0,0,1,0
img_012225.jpg,1782802967.5547638,30,0.0,0,0,1,0
img_012226.jpg,1782802967.6447966,30,0.0,0,0,1,0
img_012227.jpg,1782802967.7349749,30,0.0,0,0,1,0
img_012228.jpg,1782802967.8088596,30,0.0,0,0,1,0
img_012229.jpg,1782802967.8878448,30,0.0,0,0,1,0
img_012230.jpg,1782802967.950766,30,0.0,0,0,1,0
img_012231.jpg,1782802968.040979,30,0.0,0,0,1,0
img_012232.jpg,1782802968.1194372,30,0.0,0,0,1,0
img_012233.jpg,1782802968.1952248,30,0.0,0,0,1,0
img_012234.jpg,1782802968.2627866,30,0.0,0,0,1,0
img_012235.jpg,1782802968.3514593,30,0.08,0,0,1,0
img_012236.jpg,1782802968.4359262,30,0.18,0,0,1,0
img_012237.jpg,1782802968.5235162,30,0.27999999999999997,0,0,1,0
img_012238.jpg,1782802968.6448588,30,0.38000000000000006,0,0,1,0
img_012239.jpg,1782802968.7141316,30,0.2504509788160001,0,0,1,0
img_012240.jpg,1782802968.7963338,30,0.23502317179227347,0,0,1,0
img_012241.jpg,1782802968.8809638,30,0.33502317179227353,0,0,1,0
img_012242.jpg,1782802968.9744523,30,0.4350231717922736,0,0,1,0
img_012243.jpg,1782802969.0511844,30,0.28671573469214706,0,0,1,0
img_012244.jpg,1782802969.1313398,30,0.1889690431463074,0,0,1,0
img_012245.jpg,1782802969.2162457,30,0.2474515196946028,0,0,1,0
img_012246.jpg,1782802969.3154228,30,0.19727252665051484,0,0,1,0
img_012247.jpg,1782802969.3968987,30,0.29727252665051485,0,0,1,0
img_012248.jpg,1782802969.4779055,30,0.2626300692324362,0,0,1,0
img_012249.jpg,1782802969.5694392,30,0.17309462606783554,0,0,1,0
img_012250.jpg,1782802969.6568913,30,0.2730946260678355,0,0,1,0
img_012251.jpg,1782802969.7357614,30,0.3730946260678356,0,0,1,0
img_012252.jpg,1782802969.8459234,30,0.4730946260678357,0,0,1,0
img_012253.jpg,1782802969.9389825,30,0.4512112915038162,0,0,1,0
img_012254.jpg,1782802970.018743,30,0.29738502528937444,0,0,1,0
img_012255.jpg,1782802970.1021202,30,0.31170668540492663,0,0,1,0
img_012256.jpg,1782802970.1940844,30,0.4117066854049267,0,0,1,0
img_012257.jpg,1782802970.2724557,30,0.5117066854049268,0,0,1,0
img_012258.jpg,1782802970.3525167,30,0.42960737544459177,0,0,1,0
img_012259.jpg,1782802970.409964,30,0.28314628338597586,0,0,1,0
img_012260.jpg,1782802970.50643,30,0.2228440040678781,0,0,1,0
img_012261.jpg,1782802970.5861285,30,0.2786164837424479,0,0,1,0
img_012262.jpg,1782802970.6630812,30,0.18363097649360063,0,0,1,0
img_012263.jpg,1782802970.726417,30,0.12102778369410574,0,0,1,0
img_012264.jpg,1782802970.8158302,30,0.02102778369410573,0,0,1,0
img_012265.jpg,1782802970.9204762,30,-0.05425443900142274,0,0,1,0
img_012266.jpg,1782802970.9772823,30,-0.035758098297419195,0,0,1,0
img_012267.jpg,1782802971.0512066,30,-0.11289745043362567,0,0,1,0
img_012268.jpg,1782802971.1470215,30,-0.17746565439893558,0,0,1,0
img_012269.jpg,1782802971.2307832,30,-0.11696433381693526,0,0,1,0
img_012270.jpg,1782802971.3127577,30,-0.21696433381693522,0,0,1,0
img_012271.jpg,1782802971.4089942,30,-0.27320718711158043,0,0,1,0
img_012272.jpg,1782802971.4922538,30,-0.18006580903068792,0,0,1,0
img_012273.jpg,1782802971.5690277,30,-0.23926054430823285,0,0,1,0
img_012274.jpg,1782802971.6487327,30,-0.15769220398433123,0,0,1,0
img_012275.jpg,1782802971.7423115,30,-0.10393201799875817,0,0,1,0
img_012276.jpg,1782802971.8318188,30,-0.1692174565588575,0,0,1,0
img_012277.jpg,1782802971.9118423,30,-0.11152809902084165,0,0,0,1
img_012278.jpg,1782802971.9939601,30,-0.07350610938225675,0,0,0,1
img_012279.jpg,1782802972.07907,30,-0.048446518536163614,0,0,0,1
img_012280.jpg,1782802972.1626415,30,-0.03193020523055176,0,0,0,1
img_012281.jpg,1782802972.242436,30,-0.021044608299440666,0,0,0,1
img_012282.jpg,1782802972.3362305,30,-0.013870112493142718,0,0,0,1
img_012283.jpg,1782802972.4188194,30,0.0,0,0,0,1
img_012284.jpg,1782802972.4990551,30,0.0,0,0,0,1
img_012285.jpg,1782802972.5809512,30,0.0,0,0,0,1
img_012286.jpg,1782802972.67205,30,0.0,0,0,0,1
img_012287.jpg,1782802972.7610044,30,-0.1,0,0,0,1
img_012288.jpg,1782802972.8387804,30,-0.06590815232000002,0,0,0,1
img_012289.jpg,1782802972.9208863,30,-0.043438845422363245,0,0,0,1
img_012290.jpg,1782802973.0053473,30,-0.11996373778857419,0,0,0,1
img_012291.jpg,1782802973.0928528,30,-0.12456184305110928,0,0,0,1
img_012292.jpg,1782802973.1820364,30,-0.08209640925072445,0,0,0,1
img_012293.jpg,1782802973.298484,30,-0.1555286965106665,0,0,0,1
img_012294.jpg,1782802973.3705206,30,-0.10250609019756061,0,0,0,1
img_012295.jpg,1782802973.4587677,30,-0.06755987006468486,0,0,0,1
img_012296.jpg,1782802973.541384,30,-0.04452746206942659,0,0,0,1
img_012297.jpg,1782802973.6348298,30,-0.05189916035320424,0,0,0,1
img_012298.jpg,1782802973.712391,30,-0.12134722752494792,0,0,0,1
img_012299.jpg,1782802973.7951577,30,-0.07997771555323967,0,0,0,1
img_012300.jpg,1782802973.8814309,30,-0.05271183458888554,0,0,0,1
img_012301.jpg,1782802973.996843,30,-0.03474139623150913,0,0,0,1
img_012302.jpg,1782802974.1041272,30,-0.08018911777034933,0,0,0,1
img_012303.jpg,1782802974.1840403,30,-0.052851165884146026,0,0,0,1
img_012304.jpg,1782802974.2761045,30,-0.03483322691381884,0,0,0,1
img_012305.jpg,1782802974.35875,30,-0.08468284325985628,0,0,0,1
img_012306.jpg,1782802974.465196,30,-0.05581289732461295,0,0,0,1
img_012307.jpg,1782802974.5598648,30,-0.03678524938291111,0,0,0,1
img_012308.jpg,1782802974.6408026,30,-0.09113503507769598,0,0,0,1
img_012309.jpg,1782802974.753228,30,-0.07961635673901446,0,0,0,1
img_012310.jpg,1782802974.838915,30,-0.05247366967118425,0,0,0,1
img_012311.jpg,1782802974.9288783,30,-0.12187577609748952,0,0,0,1
img_012312.jpg,1782802975.0390344,30,-0.08032607215151556,0,0,0,1
img_012313.jpg,1782802975.1209586,30,-0.05294142998629399,0,0,0,1
img_012314.jpg,1782802975.248755,30,-0.0348927183157528,0,0,0,1
img_012315.jpg,1782802975.329139,30,-0.08473319678245318,0,0,0,1
img_012316.jpg,1782802975.4426684,30,-0.05584608440098459,0,0,0,1
img_012317.jpg,1782802975.5390594,30,-0.036807122371756686,0,0,0,1
img_012318.jpg,1782802975.659053,30,-0.024258894277386204,0,0,0,1
img_012319.jpg,1782802975.7458441,30,-0.03577890107770377,0,0,0,1
img_012320.jpg,1782802975.8743591,30,-0.02358121262071513,0,0,0,1
img_012321.jpg,1782802975.9588645,30,-0.015541941532963994,0,0,0,1
img_012322.jpg,1782802976.0689619,30,-0.010243406499031256,0,0,0,1
img_012323.jpg,1782802976.197119,30,-0.02,0,0,0,1
img_012324.jpg,1782802976.2840774,30,-0.046721280000000004,0,0,0,1
img_012325.jpg,1782802976.4039185,30,-0.0307931323882537,0,0,0,1
img_012326.jpg,1782802976.5061376,30,-0.10832968179719342,0,0,0,1
img_012327.jpg,1782802976.6192415,30,-0.20832968179719338,0,0,0,1
img_012328.jpg,1782802976.7125561,30,-0.2652633072534179,0,0,0,1
img_012329.jpg,1782802976.8434548,30,-0.17483014459365231,0,0,0,1
img_012330.jpg,1782802976.9359372,30,-0.11522731800006064,0,0,0,1
img_012331.jpg,1782802977.0581043,30,-0.07594419626173077,0,0,0,1
img_012332.jpg,1782802977.1913352,30,-0.05005341655038127,0,0,0,1
img_012333.jpg,1782802977.3191483,30,-0.0789759948267833,0,0,0,1
img_012334.jpg,1782802977.4513218,30,-0.05205161896667166,0,0,0,1
img_012335.jpg,1782802977.6095226,30,-0.034306260313579966,0,0,0,1
img_012336.jpg,1782802977.7820227,30,-0.022610622302769997,0,0,0,1
img_012337.jpg,1782802977.9688206,30,-0.014902243387809544,0,0,0,1
img_012338.jpg,1782802978.16907,30,-0.026249622251233312,0,0,0,1
img_012339.jpg,1782802978.3591924,30,-0.01730064101676747,0,0,0,1
img_012340.jpg,1782802978.536326,30,-0.026721916627899463,0,0,0,1
img_012341.jpg,1782802978.743687,30,-0.03607139294993412,0,0,0,1
img_012342.jpg,1782802978.9392078,30,-0.06808836083339831,0,0,0,1
img_012343.jpg,1782802979.139598,30,-0.0687780223589863,0,0,0,1
img_012344.jpg,1782802979.3391235,30,-0.06359995022070038,0,0,0,1
img_012345.jpg,1782802979.5392277,30,-0.08067203803745675,0,0,0,1
img_012346.jpg,1782802979.7491572,30,-0.07336664011888624,0,0,0,1
img_012347.jpg,1782802979.9425738,30,-0.07095934448002368,0,0,0,1
img_012348.jpg,1782802980.1500416,30,-0.046767992845167534,0,0,0,1
img_012349.jpg,1782802980.362735,30,-0.030823919961399722,0,0,0,1
img_012350.jpg,1782802980.5591958,30,-0.04208203925995024,0,0,0,1
img_012351.jpg,1782802980.7676733,30,-0.05014727666827196,0,0,0,1
img_012352.jpg,1782802980.9592638,30,-0.0559251559683223,0,0,0,1
img_012353.jpg,1782802981.1689553,30,-0.06006438802260808,0,0,0,1
img_012354.jpg,1782802981.371361,30,-0.08234517818054865,0,0,0,1
img_012355.jpg,1782802981.5689769,30,-0.07331936513849067,0,0,0,1
img_012356.jpg,1782802981.779026,30,-0.06685333621688416,0,0,0,1
img_012357.jpg,1782802981.9883122,30,-0.06222111861828886,0,0,0,1
img_012358.jpg,1782802982.1819756,30,-0.07959835841463812,0,0,0,1
img_012359.jpg,1782802982.3592935,30,-0.07259746359580352,0,0,0,1
img_012360.jpg,1782802982.5589678,30,-0.06893631183388994,0,0,0,1
img_012361.jpg,1782802982.7590532,30,-0.06631348848616345,0,0,0,1
img_012362.jpg,1782802982.9729917,30,-0.08843751772231366,0,0,0,1
img_012363.jpg,1782802983.1637502,30,-0.10566523380015298,0,0,0,1
img_012364.jpg,1782802983.369361,30,-0.11908024957737355,0,0,0,1
img_012365.jpg,1782802983.5607119,30,-0.12952636138290588,0,0,0,1
img_012366.jpg,1782802983.7691188,30,-0.11119177342912966,0,0,0,1
img_012367.jpg,1782802983.9391403,30,-0.09965700369454357,0,0,0,1
img_012368.jpg,1782802984.07144,30,-0.08572143506146501,0,0,0,1
img_012369.jpg,1782802984.1994326,30,-0.05649741399120024,0,0,0,1
img_012370.jpg,1782802984.3294148,30,-0.03723640167018126,0,0,0,1
img_012371.jpg,1782802984.4527402,30,-0.024541824331270095,0,0,0,1
img_012372.jpg,1782802984.5892248,30,-0.01617506296236032,0,0,0,1
img_012373.jpg,1782802984.709548,30,-0.010660685135088345,0,0,0,1
img_012374.jpg,1782802984.8490148,30,0.0,0,0,0,1
img_012375.jpg,1782802984.9690733,30,0.0,0,0,0,1
img_012376.jpg,1782802985.0893772,30,0.0,0,0,0,1
img_012377.jpg,1782802985.2190337,30,-0.014327859200000003,0,0,0,1
img_012378.jpg,1782802985.3493621,30,0.0,0,0,0,1
img_012379.jpg,1782802985.479276,30,0.0,0,0,0,1
img_012380.jpg,1782802985.579081,30,-0.06,0,0,0,1
img_012381.jpg,1782802985.6924946,30,-0.03954489139200001,0,0,0,1
img_012382.jpg,1782802985.7993305,30,-0.026063307253417937,0,0,0,1
img_012383.jpg,1782802985.9258168,30,-0.017177844244212304,0,0,0,1
img_012384.jpg,1782802986.0191598,30,-0.011321599749767802,0,0,0,1
img_012385.jpg,1782802986.1494074,30,0.0,0,0,0,1
img_012386.jpg,1782802986.2392142,30,0.0,0,0,0,1
img_012387.jpg,1782802986.3590908,30,0.0,0,0,0,1
img_012388.jpg,1782802986.4692967,30,0.0,0,0,0,1
img_012389.jpg,1782802986.5890992,30,0.0,0,0,0,1
img_012390.jpg,1782802986.6891088,30,0.0,0,0,0,1
img_012391.jpg,1782802986.8190277,30,0.0,0,0,0,1
img_012392.jpg,1782802986.9090528,30,0.0,0,0,0,1
img_012393.jpg,1782802987.0392058,30,0.0,0,0,0,1
img_012394.jpg,1782802987.1389766,30,0.0,0,0,0,1
img_012395.jpg,1782802987.2594306,30,0.0,0,0,0,1
img_012396.jpg,1782802987.3694496,30,0.0,0,0,0,1
img_012397.jpg,1782802987.4893346,30,0.0,0,0,0,1
img_012398.jpg,1782802987.57939,30,0.0,0,0,0,1
img_012399.jpg,1782802987.7193906,30,0.0,0,0,0,1
img_012400.jpg,1782802994.9894674,30,0.0,0,0,0,1
img_012401.jpg,1782802995.1092596,30,0.0,0,0,0,1
img_012402.jpg,1782802995.2291892,30,0.0,0,0,0,1
img_012403.jpg,1782802995.3240087,30,0.0,0,0,0,1
img_012404.jpg,1782802995.4346976,30,0.0,0,0,0,1
img_012405.jpg,1782802995.5362666,30,0.0,0,0,0,1
img_012406.jpg,1782802995.6492398,30,0.0,0,0,0,1
img_012407.jpg,1782802995.7291956,30,0.0,0,0,0,1
img_012408.jpg,1782802995.8592937,30,0.0,0,0,0,1
img_012409.jpg,1782802995.9460964,30,0.0,0,0,0,1
img_012410.jpg,1782802996.0493686,30,0.0,0,0,0,1
img_012411.jpg,1782802996.1495283,30,0.0,0,0,0,1
img_012412.jpg,1782802996.269521,30,0.0,0,0,0,1
img_012413.jpg,1782802996.35111,30,0.0,0,0,0,1
img_012414.jpg,1782802996.4794033,30,0.0,0,0,1,0
img_012415.jpg,1782802996.559209,30,0.0,0,0,1,0
img_012416.jpg,1782802996.6796222,30,0.0,0,0,1,0
img_012417.jpg,1782802996.8023608,30,0.0,0,0,1,0
img_012418.jpg,1782802996.8795946,30,0.0,0,0,1,0
img_012419.jpg,1782802996.9692233,30,0.0,0,0,1,0
img_012420.jpg,1782802997.0495176,30,0.0,0,0,1,0
img_012421.jpg,1782802997.1691935,30,0.0,0,0,1,0
img_012422.jpg,1782802997.2593577,30,0.02,0,0,1,0
img_012423.jpg,1782802997.369658,30,0.028655718400000006,0,0,1,0
img_012424.jpg,1782802997.4694479,30,0.018886454531462274,0,0,1,0
img_012425.jpg,1782802997.5796576,30,0.0485626555061953,0,0,1,0
img_012426.jpg,1782802997.6691756,30,0.03200674896166007,0,0,1,0
img_012427.jpg,1782802997.7668417,30,0.021095056858330945,0,0,1,0
img_012428.jpg,1782802997.8795414,30,0.056426467634900015,0,0,1,0
img_012429.jpg,1782802997.9917414,30,0.1564264676349,0,0,1,0
img_012430.jpg,1782802998.1192484,30,0.10309779455760541,0,0,1,0
img_012431.jpg,1782802998.2092967,30,0.20309779455760538,0,0,1,0
img_012432.jpg,1782802998.3296077,30,0.2226859733135572,0,0,1,0
img_012433.jpg,1782802998.463164,30,0.14676821048677383,0,0,1,0
img_012434.jpg,1782802998.5794816,30,0.15428664428752495,0,0,1,0
img_012435.jpg,1782802998.7193165,30,0.10168747652643854,0,0,1,0
img_012436.jpg,1782802998.8502994,30,0.1368522801319776,0,0,1,0
img_012437.jpg,1782802999.0534892,30,0.17583176990370583,0,0,1,0
img_012438.jpg,1782802999.2495809,30,0.1680656092427769,0,0,1,0
img_012439.jpg,1782802999.459634,30,0.2346203605033547,0,0,1,0
img_012440.jpg,1782802999.6615605,30,0.33462036050335475,0,0,1,0
img_012441.jpg,1782802999.8706152,30,0.43462036050335484,0,0,1,0
img_012442.jpg,1782803000.0910718,30,0.4186466731300396,0,0,1,0
img_012443.jpg,1782803000.3021498,30,0.36599514060628435,0,0,1,0
img_012444.jpg,1782803000.5198934,30,0.46599514060628444,0,0,1,0
img_012445.jpg,1782803000.7197075,30,0.5659951406062845,0,0,1,0
img_012446.jpg,1782803000.873007,30,0.6659951406062846,0,0,1,0
img_012447.jpg,1782803001.0095856,30,0.686315529357782,0,0,1,0
img_012448.jpg,1782803001.1255038,30,0.4523378844849414,0,0,1,0
img_012449.jpg,1782803001.2097473,30,0.4897508537261462,0,0,1,0
img_012450.jpg,1782803001.3221416,30,0.32278573866232896,0,0,1,0
img_012451.jpg,1782803001.3811169,30,0.2127421163048049,0,0,1,0
img_012452.jpg,1782803001.4535828,30,0.1402143980629624,0,0,1,0
img_012453.jpg,1782803001.5332773,30,0.0924127190499084,0,0,1,0
img_012454.jpg,1782803001.6247773,30,0.0609075156344673,0,0,1,0
img_012455.jpg,1782803001.7017283,30,0.040143018178692536,0,0,1,0
img_012456.jpg,1782803001.7615407,30,0.02645752156705797,0,0,1,0
img_012457.jpg,1782803001.8452225,30,0.017437663614513422,0,0,1,0
img_012458.jpg,1782803001.9283302,30,0.011492841896102727,0,0,1,0
img_012459.jpg,1782803002.0312796,30,0.09057341454441452,0,0,1,0
img_012460.jpg,1782803002.0954206,30,0.12744533807039243,0,0,1,0
img_012461.jpg,1782803002.1867323,30,0.08399686754017323,0,0,1,0
img_012462.jpg,1782803002.269383,30,0.05536078340240603,0,0,1,0
img_012463.jpg,1782803002.3473787,30,0.10205736707179648,0,0,1,0
img_012464.jpg,1782803002.431354,30,0.06726412494346116,0,0,1,0
img_012465.jpg,1782803002.5179574,30,0.044332541924451505,0,0,1,0
img_012466.jpg,1782803002.604684,30,0.0745212184060673,0,0,1,0
img_012467.jpg,1782803002.6680527,30,0.11385875925889538,0,0,1,0
img_012468.jpg,1782803002.7493062,30,0.07504220448201489,0,0,1,0
img_012469.jpg,1782803002.837347,30,0.09843446412369122,0,0,1,0
img_012470.jpg,1782803002.9240797,30,0.13409893043429225,0,0,1,0
img_012471.jpg,1782803003.0006325,30,0.0883821273301242,0,0,1,0
img_012472.jpg,1782803003.082227,30,0.08331633380912458,0,0,1,0
img_012473.jpg,1782803003.176338,30,0.07401509419386684,0,0,0,1
img_012474.jpg,1782803003.2567627,30,0.04878198102108525,0,0,0,1
img_012475.jpg,1782803003.341721,30,0.03215130235609036,0,0,0,1
img_012476.jpg,1782803003.42522,30,0.0872128623141949,0,0,0,1
img_012477.jpg,1782803003.5076718,30,0.07680653978333855,0,0,0,1
img_012478.jpg,1782803003.5932791,30,0.050621771232124184,0,0,0,1
img_012479.jpg,1782803003.66701,30,0.033363874090750346,0,0,0,1
img_012480.jpg,1782803003.763294,30,0.04390164451693995,0,0,0,1
img_012481.jpg,1782803003.8436193,30,0.06533320376560696,0,0,0,1
img_012482.jpg,1782803003.9241297,30,0.04305990745337222,0,0,0,1
img_012483.jpg,1782803004.0195944,30,0.09644590566853425,0,0,0,1
img_012484.jpg,1782803004.1081665,30,0.0635657144144211,0,0,0,1
img_012485.jpg,1782803004.2103453,30,0.11380202068036603,0,0,0,1
img_012486.jpg,1782803004.2807229,30,0.11976378787955289,0,0,0,1
img_012487.jpg,1782803004.3644395,30,0.10579793449984504,0,0,0,1
img_012488.jpg,1782803004.4392986,30,0.1709340997398574,0,0,0,1
img_012489.jpg,1782803004.5414798,30,0.11265950682336597,0,0,0,1
img_012490.jpg,1782803004.6178675,30,0.15535500657529694,0,0,0,1
img_012491.jpg,1782803004.7115757,30,0.10239161437039275,0,0,0,1
img_012492.jpg,1782803004.7868388,30,0.06748442116214548,0,0,0,1
img_012493.jpg,1782803004.8617039,30,0.14208566746917384,0,0,0,1
img_012494.jpg,1782803004.941885,30,0.17104530894590872,0,0,0,1
img_012495.jpg,1782803005.028331,30,0.11273280275628413,0,0,0,1
img_012496.jpg,1782803005.1105547,30,0.2127328027562841,0,0,0,1
img_012497.jpg,1782803005.1930292,30,0.1402082596752169,0,0,0,1
img_012498.jpg,1782803005.2645721,30,0.09240867335196312,0,0,0,1
img_012499.jpg,1782803005.355562,30,0.10581352503509348,0,0,0,1
img_012500.jpg,1782803005.4678357,30,0.06973973925529077,0,0,0,1
img_012501.jpg,1782803005.5252225,30,0.045964173575947884,0,0,0,1
img_012502.jpg,1782803005.6376815,30,0.030294137533064928,0,0,0,1
img_012503.jpg,1782803005.7153497,30,0.05473720136734727,0,0,0,1
img_012504.jpg,1782803005.807557,30,0.03607627805289637,0,0,0,1
img_012505.jpg,1782803005.9019816,30,0.08573496174397151,0,0,0,1
img_012506.jpg,1782803005.9800453,30,0.056506329177710486,0,0,0,1
img_012507.jpg,1782803006.0536628,30,0.060480736418354386,0,0,0,1
img_012508.jpg,1782803006.1427078,30,0.07824314368013556,0,0,0,1
img_012509.jpg,1782803006.2304459,30,0.05156861031666021,0,0,0,1
img_012510.jpg,1782803006.3096306,30,0.12744312149132742,0,0,0,1
img_012511.jpg,1782803006.394431,30,0.08399540663386673,0,0,0,1
img_012512.jpg,1782803006.4571183,30,0.10540621520091242,0,0,0,1
img_012513.jpg,1782803006.5485241,30,0.11322607490236809,0,0,0,1
img_012514.jpg,1782803006.628452,30,0.07462521391261007,0,0,0,1
img_012515.jpg,1782803006.7116787,30,0.14225519679960125,0,0,0,1
img_012516.jpg,1782803006.7933135,30,0.09375777178979698,0,0,0,1
img_012517.jpg,1782803006.9063244,30,0.11300805179945346,0,0,0,1
img_012518.jpg,1782803006.9972358,30,0.0744815189138483,0,0,0,1
img_012519.jpg,1782803007.0778313,30,0.07335803579998779,0,0,0,1
img_012520.jpg,1782803007.175378,30,0.08827054218102091,0,0,0,1
img_012521.jpg,1782803007.25164,30,0.058177483394357125,0,0,0,1
img_012522.jpg,1782803007.3380435,30,0.03834370437149561,0,0,0,1
img_012523.jpg,1782803007.424507,30,0.02527162708229583,0,0,0,1
img_012524.jpg,1782803007.5147355,30,0.053534712749458785,0,0,0,1
img_012525.jpg,1782803007.5897648,30,0.035283740022987765,0,0,0,1
img_012526.jpg,1782803007.6806397,30,0.11246104082114876,0,0,0,1
img_012527.jpg,1782803007.7995105,30,0.0948941571185436,0,0,0,1
img_012528.jpg,1782803007.8794496,30,0.1403184145851353,0,0,0,1
img_012529.jpg,1782803007.9598007,30,0.11485098356715227,0,0,0,1
img_012530.jpg,1782803008.0445018,30,0.07569616119045691,0,0,0,1
img_012531.jpg,1782803008.135064,30,0.09009121236507453,0,0,0,1
img_012532.jpg,1782803008.2144573,30,0.05937745347250801,0,0,0,1
img_012533.jpg,1782803008.3024504,30,0.039134582478397725,0,0,0,1
img_012534.jpg,1782803008.422549,30,0.025792880229658414,0,0,0,1
img_012535.jpg,1782803008.5065134,30,0.01699961078947844,0,0,0,1
img_012536.jpg,1782803008.6101243,30,0.011204129372936607,0,0,0,1
img_012537.jpg,1782803008.6993604,30,0.06,0,0,0,1
img_012538.jpg,1782803008.819726,30,0.05731143680000001,0,0,0,1
img_012539.jpg,1782803008.9027555,30,0.03777290906292455,0,0,0,1
img_012540.jpg,1782803009.0123725,30,0.045460246131399346,0,0,0,1
img_012541.jpg,1782803009.1094031,30,0.029962008265329593,0,0,0,1
img_012542.jpg,1782803009.2194564,30,0.01974740604564442,0,0,0,1
img_012543.jpg,1782803009.2996197,30,0.013015150455812217,0,0,0,1
img_012544.jpg,1782803009.423827,30,0.0,0,0,0,1
img_012545.jpg,1782803009.5195975,30,0.02,0,0,0,1
img_012546.jpg,1782803009.6294372,30,0.028655718400000006,0,0,0,1
img_012547.jpg,1782803009.7495098,30,0.018886454531462274,0,0,0,1
img_012548.jpg,1782803009.8340929,30,0.012447713220443699,0,0,0,1
img_012549.jpg,1782803009.9504178,30,0.0,0,0,0,1
img_012550.jpg,1782803010.049728,30,0.0,0,0,0,1
img_012551.jpg,1782803010.1495433,30,0.0,0,0,0,1
img_012552.jpg,1782803010.2402081,30,0.0,0,0,0,1
img_012553.jpg,1782803010.371451,30,0.0,0,0,0,1
img_012554.jpg,1782803010.4593668,30,0.0,0,0,0,1
img_012555.jpg,1782803010.5695772,30,0.0,0,0,0,1
img_012556.jpg,1782803010.6699412,30,0.0,0,0,0,1
img_012557.jpg,1782803010.7796595,30,0.08,0,0,0,1
img_012558.jpg,1782803010.8641832,30,0.05272652185600001,0,0,0,1
img_012559.jpg,1782803010.9863677,30,0.03475107633789058,0,0,0,1
img_012560.jpg,1782803027.4397883,30,0.0,0,0,0,1
img_012561.jpg,1782803027.5333276,30,0.0,0,0,0,1
img_012562.jpg,1782803027.6030605,30,0.0,0,0,0,1
img_012563.jpg,1782803027.6789749,30,0.0,0,0,0,1
img_012564.jpg,1782803027.7731771,30,0.0,0,0,0,1
img_012565.jpg,1782803027.8554263,30,0.08,0,0,0,1
img_012566.jpg,1782803027.9303339,30,0.18,0,0,0,1
img_012567.jpg,1782803028.0197122,30,0.11863467417600003,0,0,0,1
img_012568.jpg,1782803028.1179192,30,0.18274390024192,0,0,0,1
img_012569.jpg,1782803028.187186,30,0.1204431281269535,0,0,0,1
img_012570.jpg,1782803028.259858,30,0.0793818403448853,0,0,0,1
img_012571.jpg,1782803028.3439693,30,0.052319104248926225,0,0,0,1
img_012572.jpg,1782803028.4327328,30,0.12173357590901214,0,0,0,1
img_012573.jpg,1782803028.5056295,30,0.08023235063469457,0,0,0,1
img_012574.jpg,1782803028.5842035,30,0.05287965986623099,0,0,0,1
img_012575.jpg,1782803028.6769419,30,0.03485200677093344,0,0,0,1
img_012576.jpg,1782803028.7727337,30,0.044967732292569056,0,0,0,1
img_012577.jpg,1782803028.8544097,30,0.08884468861243046,0,0,0,1
img_012578.jpg,1782803028.9277241,30,0.058555892698910386,0,0,0,1
img_012579.jpg,1782803029.00595,30,0.038593106952333624,0,0,0,1
img_012580.jpg,1782803029.0918052,30,0.025436003715164565,0,0,0,1
img_012581.jpg,1782803029.175131,30,0.016764400072711523,0,0,0,1
img_012582.jpg,1782803029.258723,30,0.011049106335456905,0,0,0,1
img_012583.jpg,1782803029.3527055,30,0.0,0,0,0,1
img_012584.jpg,1782803029.4276552,30,-0.08,0,0,0,1
img_012585.jpg,1782803029.5069616,30,-0.18,0,0,0,1
img_012586.jpg,1782803029.590799,30,-0.20313599999999998,0,0,0,1
img_012587.jpg,1782803029.6813316,30,-0.1338831842967552,0,0,0,1
img_012588.jpg,1782803029.7598844,30,-0.08823993303717174,0,0,0,1
img_012589.jpg,1782803029.838969,30,-0.058157309473205174,0,0,0,1
img_012590.jpg,1782803029.9317827,30,-0.03833040811281387,0,0,0,1
img_012591.jpg,1782803030.0147572,30,0.010152571167449189,0,0,0,1
img_012592.jpg,1782803030.0949986,30,0.1101525711674492,0,0,0,1
img_012593.jpg,1782803030.1817346,30,0.07259952438943883,0,0,0,1
img_012594.jpg,1782803030.2601006,30,0.09653237844776336,0,0,0,1
img_012595.jpg,1782803030.345993,30,0.10631612470873196,0,0,0,1
img_012596.jpg,1782803030.4198947,30,0.07007099341375223,0,0,0,1
img_012597.jpg,1782803030.506328,30,0.046182497071273,0,0,0,1
img_012598.jpg,1782803030.5948644,30,0.03043803051491415,0,0,0,1
img_012599.jpg,1782803030.664549,30,0.020061143514977703,0,0,0,1
img_012600.jpg,1782803030.7472203,30,0.013221929024985313,0,0,0,1
img_012601.jpg,1782803030.8381915,30,0.0,0,0,0,1
img_012602.jpg,1782803030.9197342,30,0.0,0,0,0,1
img_012603.jpg,1782803030.9945774,30,0.0,0,0,0,1
img_012604.jpg,1782803031.0846953,30,0.0,0,0,0,1
img_012605.jpg,1782803031.1681483,30,0.0552,0,0,0,1
img_012606.jpg,1782803031.2508447,30,0.03638130008064001,0,0,0,1
img_012607.jpg,1782803031.3221729,30,0.023978242673144502,0,0,0,1
img_012608.jpg,1782803031.4092288,30,0.055471569830665556,0,0,0,1
img_012609.jpg,1782803031.4974213,30,0.03656028673829023,0,0,0,1
img_012610.jpg,1782803031.5754728,30,0.024096209472101095,0,0,0,1
img_012611.jpg,1782803031.6540148,30,0.01588136644221866,0,0,0,1
img_012612.jpg,1782803031.7510598,30,0.03137729911438569,0,0,0,1
img_012613.jpg,1782803031.831934,30,0.03680633538936015,0,0,0,1
img_012614.jpg,1782803031.9068463,30,0.024258375591829556,0,0,0,1
img_012615.jpg,1782803031.9984453,30,0.05568970597285058,0,0,0,1
img_012616.jpg,1782803032.0859804,30,0.03670405623914651,0,0,0,1
img_012617.jpg,1782803032.1663334,30,0.04629452749316864,0,0,0,1
img_012618.jpg,1782803032.2464175,30,0.04749293278263247,0,0,0,1
img_012619.jpg,1782803032.3286648,30,0.03130171447961263,0,0,0,1
img_012620.jpg,1782803032.421571,30,0.08649377113554414,0,0,0,1
img_012621.jpg,1782803032.5071595,30,0.07629138792535503,0,0,0,1
img_012622.jpg,1782803032.5885906,30,0.05028224416088508,0,0,0,1
img_012623.jpg,1782803032.6699333,30,0.07301018014115129,0,0,0,1
img_012624.jpg,1782803032.753323,30,0.048119660736536396,0,0,0,1
img_012625.jpg,1782803032.8339224,30,0.07747020237961207,0,0,0,1
img_012626.jpg,1782803032.9231257,30,0.06982696679452935,0,0,0,1
img_012627.jpg,1782803033.007317,30,0.04602166363537424,0,0,0,1
img_012628.jpg,1782803033.092423,30,0.030332028169000498,0,0,0,1
img_012629.jpg,1782803033.1661298,30,0.06361918635086267,0,0,0,1
img_012630.jpg,1782803033.2469032,30,0.041930230244871226,0,0,0,1
img_012631.jpg,1782803033.3399875,30,0.050038521758604834,0,0,0,1
img_012632.jpg,1782803033.4228752,30,0.07011191643116449,0,0,0,1
img_012633.jpg,1782803033.4979467,30,0.046209468675923016,0,0,0,1
img_012634.jpg,1782803033.5888093,30,0.09911169428730125,0,0,0,1
img_012635.jpg,1782803033.6800892,30,0.06532268643780725,0,0,0,1
img_012636.jpg,1782803033.7628381,30,0.043052975676946,0,0,0,1
img_012637.jpg,1782803033.834474,30,0.02837542078745413,0,0,0,1
img_012638.jpg,1782803033.9132335,30,0.018701715554036213,0,0,0,1
img_012639.jpg,1782803033.9897819,30,0.07582913204493626,0,0,0,1
img_012640.jpg,1782803034.0788035,30,0.06865131555990275,0,0,0,1
img_012641.jpg,1782803034.1557238,30,0.04524681362890458,0,0,0,1
img_012642.jpg,1782803034.24078,30,0.02982133884648495,0,0,0,1
img_012643.jpg,1782803034.3354454,30,0.041363797207396344,0,0,0,1
img_012644.jpg,1782803034.4091358,30,0.043960592318246415,0,0,0,1
img_012645.jpg,1782803034.4719772,30,0.02897361414588407,0,0,0,1
img_012646.jpg,1782803034.5608761,30,0.019095973743878347,0,0,0,1
img_012647.jpg,1782803034.6633813,30,0.01258580346210255,0,0,0,1
img_012648.jpg,1782803034.7288122,30,0.08517893918513436,0,0,0,1
img_012649.jpg,1782803034.8091853,30,0.05613986498269854,0,0,0,1
img_012650.jpg,1782803034.900121,30,0.03700074772503931,0,0,0,1
img_012651.jpg,1782803034.984665,30,0.024386509170157847,0,0,0,1
img_012652.jpg,1782803035.0625901,30,0.016072697609398404,0,0,0,1
img_012653.jpg,1782803035.1439612,30,0.0105932180223353,0,0,0,1
img_012654.jpg,1782803035.2400215,30,0.04,0,0,0,1
img_012655.jpg,1782803035.3239858,30,0.06229504000000001,0,0,0,1
img_012656.jpg,1782803035.4069753,30,0.04105750985100494,0,0,0,1
img_012657.jpg,1782803035.4819572,30,0.027060246131399342,0,0,0,1
img_012658.jpg,1782803035.568773,30,0.017834908238449593,0,0,0,1
img_012659.jpg,1782803035.6501875,30,0.01175465848792959,0,0,0,1
img_012660.jpg,1782803035.735282,30,0.09081428580889524,0,0,0,1
img_012661.jpg,1782803035.817439,30,0.05985401781924684,0,0,0,1
img_012662.jpg,1782803035.8829696,30,0.03944867723394915,0,0,0,1
img_012663.jpg,1782803035.9664302,30,0.02599989427957638,0,0,0,1
img_012664.jpg,1782803036.068273,30,0.017136049924822167,0,0,0,1
img_012665.jpg,1782803036.150539,30,0.04449115644385993,0,0,0,1
img_012666.jpg,1782803036.2371008,30,0.029323299157948707,0,0,0,1
img_012667.jpg,1782803036.304111,30,0.019326444674270114,0,0,0,1
img_012668.jpg,1782803036.3920598,30,0.012737702593958478,0,0,0,1
img_012669.jpg,1782803036.4774466,30,0.0,0,0,0,1
img_012670.jpg,1782803036.551044,30,0.0,0,0,0,1
img_012671.jpg,1782803036.633307,30,0.0368,0,0,0,1
img_012672.jpg,1782803036.7280529,30,0.024254200053760007,0,0,0,1
img_012673.jpg,1782803036.80891,30,0.015985495115429668,0,0,0,1
img_012674.jpg,1782803036.8802526,30,0.0524477132204437,0,0,0,1
img_012675.jpg,1782803036.956044,30,0.07198792491220088,0,0,0,1
img_012676.jpg,1782803037.0600836,30,0.04744591120314059,0,0,0,1
img_012677.jpg,1782803037.1509016,30,0.031270723425377844,0,0,0,1
img_012678.jpg,1782803037.2103236,30,0.020609956026763954,0,0,0,1
img_012679.jpg,1782803037.2955875,30,0.01358364121120461,0,0,0,1
img_012680.jpg,1782803037.3999941,30,0.09249694991430825,0,0,0,1
img_012681.jpg,1782803037.4647772,30,0.060963030640876395,0,0,0,1
img_012682.jpg,1782803037.5481923,30,0.04017960709367709,0,0,0,1
img_012683.jpg,1782803037.6352568,30,0.026481636644878227,0,0,0,1
img_012684.jpg,1782803037.7152905,30,0.017453557416735283,0,0,0,1
img_012685.jpg,1782803037.7950172,30,0.011503317207480549,0,0,0,1
img_012686.jpg,1782803037.88755,30,0.04281349506965861,0,0,0,1
img_012687.jpg,1782803037.9687953,30,0.028217583544026297,0,0,0,1
img_012688.jpg,1782803038.0606358,30,0.018597687943220108,0,0,0,1
img_012689.jpg,1782803038.1372764,30,0.012257392497615786,0,0,0,1
img_012690.jpg,1782803038.2119765,30,0.07037465700998201,0,0,0,1
img_012691.jpg,1782803038.2776637,30,0.11034910969324879,0,0,0,1
img_012692.jpg,1782803038.372023,30,0.07272905930039031,0,0,0,1
img_012693.jpg,1782803038.4491994,30,0.04793437918460438,0,0,0,1
img_012694.jpg,1782803038.525067,30,0.03159266364663544,0,0,0,1
img_012695.jpg,1782803038.614193,30,0.020822140878169755,0,0,0,1
img_012696.jpg,1782803038.7090316,30,0.01372348832626911,0,0,0,1
img_012697.jpg,1782803038.7709801,30,0.0,0,0,0,1
img_012698.jpg,1782803038.854092,30,0.0,0,0,0,1
img_012699.jpg,1782803038.9585087,30,0.08,0,0,0,1
img_012700.jpg,1782803039.024967,30,0.05272652185600001,0,0,0,1
img_012701.jpg,1782803039.1076632,30,0.03475107633789058,0,0,0,1
img_012702.jpg,1782803039.1938276,30,0.022903792325616408,0,0,0,1
img_012703.jpg,1782803039.2799594,30,0.015095466333023737,0,0,0,1
img_012704.jpg,1782803039.3642366,30,0.0,0,0,0,1
img_012705.jpg,1782803039.4365404,30,0.08,0,0,0,1
img_012706.jpg,1782803039.517611,30,0.05272652185600001,0,0,0,1
img_012707.jpg,1782803039.6138337,30,0.03475107633789058,0,0,0,1
img_012708.jpg,1782803039.6916096,30,0.022903792325616408,0,0,0,1
img_012709.jpg,1782803039.7740707,30,0.1010714889395671,0,0,0,1
img_012710.jpg,1782803039.8640947,30,0.06661435088238184,0,0,0,1
img_012711.jpg,1782803039.939192,30,0.04390428784653949,0,0,0,1
img_012712.jpg,1782803040.019225,30,0.028936504908908502,0,0,0,1
img_012713.jpg,1782803040.106389,30,0.019071515731447698,0,0,0,1
img_012714.jpg,1782803040.1989279,30,0.05165076044188956,0,0,0,1
img_012715.jpg,1782803040.281426,30,0.03404206186647888,0,0,0,1
img_012716.jpg,1782803040.3601208,30,0.02243649398782754,0,0,0,1
img_012717.jpg,1782803040.4420002,30,0.01478747863276502,0,0,0,1
img_012718.jpg,1782803040.5232608,30,0.0,0,0,0,1
img_012719.jpg,1782803040.6055183,30,0.0,0,0,0,1
img_012720.jpg,1782803040.6934152,30,0.0368,0,0,0,1
img_012721.jpg,1782803040.7847655,30,0.024254200053760007,0,0,0,1
img_012722.jpg,1782803040.866133,30,0.015985495115429668,0,0,0,1
img_012723.jpg,1782803040.9435182,30,0.06873012306569969,0,0,0,1
img_012724.jpg,1782803041.0191047,30,0.04529875419986481,0,0,0,1
img_012725.jpg,1782803041.1034229,30,0.02985557191710931,0,0,0,1
img_012726.jpg,1782803041.1771276,30,0.01967725581513555,0,0,0,1
img_012727.jpg,1782803041.2555707,30,0.0129689157350356,0,0,0,1
img_012728.jpg,1782803041.3476968,30,0.04689873905588341,0,0,0,1
img_012729.jpg,1782803041.440237,30,0.030910092373110973,0,0,0,1
img_012730.jpg,1782803041.5203767,30,0.08616230218460114,0,0,0,1
img_012731.jpg,1782803041.6222055,30,0.056787981366245625,0,0,0,1
img_012732.jpg,1782803041.6855717,30,0.03742790925831839,0,0,0,1
img_012733.jpg,1782803041.770316,30,0.024668043444163873,0,0,0,1
img_012734.jpg,1782803041.8749673,30,0.016258251647543305,0,0,0,1
img_012735.jpg,1782803041.932112,30,0.010715513260431754,0,0,0,1
img_012736.jpg,1782803042.0407896,30,0.0,0,0,0,1
img_012737.jpg,1782803042.1270435,30,0.0,0,0,0,1
img_012738.jpg,1782803042.211327,30,0.0,0,0,0,1
img_012739.jpg,1782803042.2901466,30,0.0,0,0,0,1
img_012740.jpg,1782803042.3784,30,0.0,0,0,0,1
img_012741.jpg,1782803042.4647586,30,0.0,0,0,0,1
img_012742.jpg,1782803042.5405262,30,0.0,0,0,0,1
img_012743.jpg,1782803042.6222682,30,0.0,0,0,0,1
img_012744.jpg,1782803042.712826,30,0.0,0,0,0,1
img_012745.jpg,1782803042.7909708,30,0.0,0,0,0,1
img_012746.jpg,1782803042.8520777,30,0.0,0,0,0,1
img_012747.jpg,1782803042.953779,30,0.04,0,0,0,1
img_012748.jpg,1782803043.0360827,30,0.08464000000000002,0,0,0,1
img_012749.jpg,1782803043.1142035,30,0.05578466012364803,0,0,0,1
img_012750.jpg,1782803043.191655,30,0.03676663876548825,0,0,0,1
img_012751.jpg,1782803043.2927954,30,0.02423221228050217,0,0,0,1
img_012752.jpg,1782803043.378254,30,-0.021130667083720325,0,0,0,1
img_012753.jpg,1782803043.4621527,30,-0.0930402137170227,0,0,0,1
img_012754.jpg,1782803043.5480802,30,-0.06132108577546887,0,0,0,1
img_012755.jpg,1782803043.6351767,30,-0.04041559461717388,0,0,0,1
img_012756.jpg,1782803043.6925,30,-0.026637171661320687,0,0,0,1
img_012757.jpg,1782803043.7706048,30,-0.017556067672283116,0,0,0,1
img_012758.jpg,1782803043.858829,30,-0.01157087982285064,0,0,0,1
img_012759.jpg,1782803043.9440272,30,0.0,0,0,0,1
img_012760.jpg,1782803044.0241628,30,0.0,0,0,0,1
img_012761.jpg,1782803044.1062303,30,0.0,0,0,0,1
img_012762.jpg,1782803044.2011032,30,0.0,0,0,0,1
img_012763.jpg,1782803044.27847,30,0.0,0,0,0,1
img_012764.jpg,1782803044.3602734,30,0.0,0,0,0,1
img_012765.jpg,1782803044.4372547,30,0.0,0,0,0,1
img_012766.jpg,1782803044.5203373,30,0.0,0,0,0,1
img_012767.jpg,1782803044.6024737,30,0.0,0,0,0,1
img_012768.jpg,1782803044.692494,30,0.06,0,0,0,1
img_012769.jpg,1782803044.768992,30,0.05731143680000001,0,0,0,1
img_012770.jpg,1782803044.8562677,30,0.03777290906292455,0,0,0,1
img_012771.jpg,1782803044.9411168,30,0.0694133110123906,0,0,0,1
img_012772.jpg,1782803045.0245256,30,0.045749030752401734,0,0,0,1
img_012773.jpg,1782803045.1075752,30,0.05277428355784411,0,0,0,1
img_012774.jpg,1782803045.223521,30,0.05213498440988328,0,0,0,1
img_012775.jpg,1782803045.3006532,30,0.03436120493687413,0,0,0,1
img_012776.jpg,1782803045.3917146,30,0.05790417794988466,0,0,0,1
img_012777.jpg,1782803045.4856958,30,0.0850892885194398,0,0,0,1
img_012778.jpg,1782803045.5676162,30,0.07528522646673551,0,0,0,1
img_012779.jpg,1782803045.6440115,30,0.04961910173415301,0,0,0,1
img_012780.jpg,1782803045.705562,30,0.12564957359542078,0,0,0,1
img_012781.jpg,1782803045.7959628,30,0.08281331235470044,0,0,0,1
img_012782.jpg,1782803045.8818586,30,0.10448573257085698,0,0,0,1
img_012783.jpg,1782803045.9633694,30,0.08918070243420466,0,0,0,1
img_012784.jpg,1782803046.0608256,30,0.05877735320038158,0,0,0,1
img_012785.jpg,1782803046.1436024,30,0.038739067476971895,0,0,0,1
img_012786.jpg,1782803046.2231524,30,0.02553220360007022,0,0,0,1
img_012787.jpg,1782803046.3067763,30,0.059881620556931484,0,0,0,1
img_012788.jpg,1782803046.398761,30,0.12869109091237696,0,0,0,1
img_012789.jpg,1782803046.4773228,30,0.0848179202207991,0,0,0,1
img_012790.jpg,1782803046.545254,30,0.05590192405378037,0,0,0,1
img_012791.jpg,1782803046.6304533,30,0.13142977012947796,0,0,0,1
img_012792.jpg,1782803046.7257993,30,0.1084832212551763,0,0,0,1
img_012793.jpg,1782803046.8085797,30,0.07149928670650423,0,0,0,1
img_012794.jpg,1782803046.8902726,30,0.047123858790236325,0,0,0,1
img_012795.jpg,1782803046.9776425,30,0.031058464630530677,0,0,0,1
img_012796.jpg,1782803047.0712166,30,0.02047006017694349,0,0,0,1
img_012797.jpg,1782803047.151223,30,0.013491438441415576,0,0,0,1
img_012798.jpg,1782803047.2162218,30,0.0,0,0,0,1
img_012799.jpg,1782803047.314346,30,0.0,0,0,0,1
img_012800.jpg,1782803047.4017606,30,0.0,0,0,0,1
img_012801.jpg,1782803047.4812255,30,0.0,0,0,0,1
img_012802.jpg,1782803047.5587788,30,0.0,0,0,0,1
img_012803.jpg,1782803047.6523848,30,0.0,0,0,0,1
img_012804.jpg,1782803047.7158337,30,0.0,0,0,0,1
img_012805.jpg,1782803047.7943387,30,-0.02,0,0,0,1
img_012806.jpg,1782803047.8787107,30,-0.06771200000000001,0,0,0,1
img_012807.jpg,1782803047.9754481,30,-0.044627728098918414,0,0,0,1
img_012808.jpg,1782803048.0424876,30,-0.02941331101239059,0,0,0,1
img_012809.jpg,1782803048.122602,30,-0.01938576982440173,0,0,0,1
img_012810.jpg,1782803048.2082431,30,-0.012776802704271293,0,0,0,1
img_012811.jpg,1782803048.2985518,30,0.0,0,0,0,1
img_012812.jpg,1782803048.3808465,30,0.0,0,0,0,1
img_012813.jpg,1782803048.4579232,30,0.0,0,0,0,1
img_012814.jpg,1782803048.524742,30,-0.04,0,0,0,1
img_012815.jpg,1782803048.614233,30,-0.14,0,0,0,1
img_012816.jpg,1782803048.698721,30,-0.09227141324800003,0,0,0,1
img_012817.jpg,1782803048.7863457,30,-0.06081438359130853,0,0,0,1
img_012818.jpg,1782803048.8955958,30,-0.04008163656982872,0,0,0,1
img_012819.jpg,1782803048.9501154,30,-0.026417066082791544,0,0,0,1
img_012820.jpg,1782803049.0270739,30,-0.01741100015232131,0,0,0,1
img_012821.jpg,1782803049.1057425,30,-0.011475268500827364,0,0,0,1
img_012822.jpg,1782803049.1981974,30,0.0,0,0,0,1
img_012823.jpg,1782803049.262598,30,0.0,0,0,0,1
img_012824.jpg,1782803049.3433883,30,0.0,0,0,0,1
img_012825.jpg,1782803049.424094,30,0.0,0,0,0,1
img_012826.jpg,1782803049.5188334,30,0.0,0,0,0,1
img_012827.jpg,1782803049.5988483,30,0.0,0,0,0,1
img_012828.jpg,1782803049.6681416,30,0.0,0,0,0,1
img_012829.jpg,1782803049.7451289,30,0.0,0,0,0,1
img_012830.jpg,1782803049.8542697,30,0.0,0,0,0,1
img_012831.jpg,1782803049.9172926,30,0.0,0,0,0,1
img_012832.jpg,1782803050.001754,30,0.02,0,0,0,1
img_012833.jpg,1782803050.1057212,30,0.046721280000000004,0,0,0,1
img_012834.jpg,1782803050.185635,30,0.0307931323882537,0,0,0,1
img_012835.jpg,1782803050.2540388,30,0.0639782426731445,0,0,0,1
img_012836.jpg,1782803050.335008,30,0.04216687763267533,0,0,0,1
img_012837.jpg,1782803050.4204712,30,0.027791409938731672,0,0,0,1
img_012838.jpg,1782803050.5002613,30,0.018316804794294893,0,0,0,1
img_012839.jpg,1782803050.589349,30,0.012072267603980944,0,0,0,1
img_012840.jpg,1782803050.6965418,30,0.0,0,0,0,1
img_012841.jpg,1782803050.7941275,30,0.0,0,0,0,1
img_012842.jpg,1782803050.8712606,30,0.02,0,0,0,1
img_012843.jpg,1782803050.956173,30,0.06771200000000001,0,0,0,1
img_012844.jpg,1782803051.0515292,30,0.044627728098918414,0,0,0,1
img_012845.jpg,1782803051.113912,30,0.02941331101239059,0,0,0,1
img_012846.jpg,1782803051.1916192,30,0.01938576982440173,0,0,0,1
img_012847.jpg,1782803051.279527,30,0.012776802704271293,0,0,0,1
img_012848.jpg,1782803051.3782492,30,0.0,0,0,0,1
img_012849.jpg,1782803051.4525254,30,0.0,0,0,0,1
img_012850.jpg,1782803051.5316324,30,0.0,0,0,0,1
img_012851.jpg,1782803051.6032052,30,0.0,0,0,0,1
img_012852.jpg,1782803051.6952069,30,0.0,0,0,0,1
img_012853.jpg,1782803051.7821946,30,0.0,0,0,0,1
img_012854.jpg,1782803051.8660626,30,0.0,0,0,0,1
img_012855.jpg,1782803051.949585,30,0.0,0,0,0,1
img_012856.jpg,1782803052.0446932,30,0.0,0,0,0,1
img_012857.jpg,1782803052.10553,30,0.0,0,0,0,1
img_012858.jpg,1782803052.188778,30,-0.08,0,0,0,1
img_012859.jpg,1782803052.2838497,30,-0.07163929600000002,0,0,0,1
img_012860.jpg,1782803052.370244,30,-0.0472161363286557,0,0,0,1
img_012861.jpg,1782803052.448509,30,-0.0951637377885742,0,0,0,1
img_012862.jpg,1782803052.5306275,30,-0.0627206612550989,0,0,0,1
img_012863.jpg,1782803052.6295264,30,-0.04133802895612181,0,0,0,1
img_012864.jpg,1782803052.7102315,30,-0.04961427292444182,0,0,0,1
img_012865.jpg,1782803052.7874024,30,-0.06978155895498776,0,0,0,1
img_012866.jpg,1782803052.8746932,30,-0.045991736167323945,0,0,0,1
img_012867.jpg,1782803052.9691584,30,-0.11591239727393804,0,0,0,1
img_012868.jpg,1782803053.0516183,30,-0.07639571935307063,0,0,0,1
img_012869.jpg,1782803053.1361444,30,-0.124661336860439,0,0,0,1
img_012870.jpg,1782803053.2296648,30,-0.10363436331100702,0,0,0,1
img_012871.jpg,1782803053.301521,30,-0.09424292829008774,0,0,0,1
img_012872.jpg,1782803053.3759053,30,-0.10453335734435186,0,0,0,1
img_012873.jpg,1782803053.4592347,30,-0.06889600438372535,0,0,0,1
img_012874.jpg,1782803053.552525,30,-0.04540808351161958,0,0,0,1
img_012875.jpg,1782803053.6341748,30,-0.029927628846431045,0,0,0,1
img_012876.jpg,1782803053.6913493,30,-0.019724747205870037,0,0,0,1
img_012877.jpg,1782803053.7733293,30,-0.013000216433179774,0,0,0,1
img_012878.jpg,1782803053.8734524,30,0.04899661681095664,0,0,0,1
img_012879.jpg,1782803053.9577038,30,0.09225473646879372,0,0,0,1
img_012880.jpg,1782803054.0419421,30,0.06080339223426716,0,0,0,1
img_012881.jpg,1782803054.122488,30,0.04007439236948786,0,0,0,1
img_012882.jpg,1782803054.203325,30,0.026412291564196517,0,0,0,1
img_012883.jpg,1782803054.2891464,30,0.017407853355333156,0,0,0,1
img_012884.jpg,1782803054.3763976,30,0.02679872279247306,0,0,0,1
img_012885.jpg,1782803054.456945,30,0.017662543037877707,0,0,0,1
img_012886.jpg,1782803054.540296,30,0.011641055768989998,0,0,0,1
img_012887.jpg,1782803054.6278102,30,0.0,0,0,0,1
img_012888.jpg,1782803054.707899,30,0.0,0,0,0,1
img_012889.jpg,1782803054.7969923,30,0.0,0,0,0,1
img_012890.jpg,1782803054.8761997,30,0.0,0,0,0,1
img_012891.jpg,1782803054.9554243,30,0.0,0,0,0,1
img_012892.jpg,1782803055.0455098,30,0.0736,0,0,0,1
img_012893.jpg,1782803055.1378458,30,0.048508400107520014,0,0,0,1
img_012894.jpg,1782803055.2146916,30,0.031970990230859336,0,0,0,1
img_012895.jpg,1782803055.2755084,30,0.021071488939567097,0,0,0,1
img_012896.jpg,1782803055.3734832,30,0.013887829026381839,0,0,0,1
img_012897.jpg,1782803055.4589894,30,0.0,0,0,0,1
img_012898.jpg,1782803055.5365934,30,0.0,0,0,0,1
img_012899.jpg,1782803055.6216648,30,0.0,0,0,0,1
img_012900.jpg,1782803055.722779,30,0.031147520000000005,0,0,0,1
img_012901.jpg,1782803055.8033166,30,0.02052875492550247,0,0,0,1
img_012902.jpg,1782803055.8819654,30,0.013530123065699671,0,0,0,1
img_012903.jpg,1782803055.9693906,30,0.0,0,0,0,1
img_012904.jpg,1782803056.0669806,30,0.0,0,0,0,1
img_012905.jpg,1782803056.1479104,30,0.0,0,0,0,1
img_012906.jpg,1782803056.2247162,30,0.0,0,0,0,1
img_012907.jpg,1782803056.3162131,30,0.0,0,0,0,1
img_012908.jpg,1782803056.3985946,30,0.0,0,0,0,1
img_012909.jpg,1782803056.4791117,30,0.0,0,0,0,1
img_012910.jpg,1782803056.5606198,30,0.0,0,0,0,1
img_012911.jpg,1782803056.6545432,30,0.0,0,0,0,1
img_012912.jpg,1782803056.7422493,30,0.0,0,0,0,1
img_012913.jpg,1782803056.8203404,30,0.0,0,0,0,1
img_012914.jpg,1782803056.8996093,30,-0.031147520000000005,0,0,0,1
img_012915.jpg,1782803056.9893913,30,-0.02052875492550247,0,0,0,1
img_012916.jpg,1782803057.0716453,30,-0.013530123065699671,0,0,0,1
img_012917.jpg,1782803057.1525452,30,0.0,0,0,0,1
img_012918.jpg,1782803057.236416,30,0.0,0,0,0,1
img_012919.jpg,1782803057.3244238,30,0.0,0,0,0,1
img_012920.jpg,1782803057.3808877,30,0.0,0,0,0,1
img_012921.jpg,1782803057.4605365,30,0.0,0,0,0,1
img_012922.jpg,1782803077.5696924,30,0.029850243793217716,0,0,0,1
img_012923.jpg,1782803077.6445167,30,0.01967374414712528,0,0,0,1
img_012924.jpg,1782803077.7243295,30,0.01296660125953442,0,0,0,1
img_012925.jpg,1782803077.8036087,30,0.07097493130606994,0,0,0,1
img_012926.jpg,1782803077.890739,30,0.086414847308861,0,0,0,1
img_012927.jpg,1782803077.95768,30,0.056954429191419534,0,0,0,1
img_012928.jpg,1782803078.0520785,30,0.10340622886761751,0,0,0,1
img_012929.jpg,1782803078.143547,30,0.06815313483043717,0,0,0,1
img_012930.jpg,1782803078.2226677,30,0.09307002825484348,0,0,0,1
img_012931.jpg,1782803078.299296,30,0.08100257222877097,0,0,0,1
img_012932.jpg,1782803078.376822,30,0.07802967248658305,0,0,0,1
img_012933.jpg,1782803078.4788241,30,0.1453872986876564,0,0,0,1
img_012934.jpg,1782803078.5468316,30,0.09582208227299395,0,0,0,1
img_012935.jpg,1782803078.6319692,30,0.10847150560099311,0,0,0,1
img_012936.jpg,1782803078.7238014,30,0.07149156513529989,0,0,0,1
img_012937.jpg,1782803078.8092933,30,0.09246962387207641,0,0,0,1
img_012938.jpg,1782803078.9128678,30,0.06094502055133922,0,0,0,1
img_012939.jpg,1782803078.9698954,30,0.1360694189072321,0,0,0,1
img_012940.jpg,1782803079.0499845,30,0.11180703297643196,0,0,0,1
img_012941.jpg,1782803079.1226518,30,0.10009777130280373,0,0,0,1
img_012942.jpg,1782803079.194106,30,0.2000977713028037,0,0,0,1
img_012943.jpg,1782803079.2777848,30,0.13188074389917714,0,0,0,1
img_012944.jpg,1782803079.374527,30,0.13949395270536247,0,0,0,1
img_012945.jpg,1782803079.448221,30,0.09193788682623906,0,0,0,1
img_012946.jpg,1782803079.5206914,30,0.060594562489226865,0,0,0,1
img_012947.jpg,1782803079.6059554,30,0.03993675654303723,0,0,0,1
img_012948.jpg,1782803079.699231,30,0.02632157833405255,0,0,0,1
img_012949.jpg,1782803079.7619572,30,0.017348065941435474,0,0,0,1
img_012950.jpg,1782803079.8495338,30,0.011433789725255338,0,0,0,1
img_012951.jpg,1782803079.9440486,30,0.02,0,0,0,1
img_012952.jpg,1782803080.0217474,30,0.046721280000000004,0,0,0,1
img_012953.jpg,1782803080.0968032,30,0.0307931323882537,0,0,0,1
img_012954.jpg,1782803080.191059,30,0.10192968179719342,0,0,0,1
img_012955.jpg,1782803080.2824216,30,0.06717996993818556,0,0,0,1
img_012956.jpg,1782803080.3671136,30,0.14180557234313074,0,0,0,1
img_012957.jpg,1782803080.4437509,30,0.09346143261815842,0,0,0,1
img_012958.jpg,1782803080.525091,30,0.1391057565680093,0,0,0,1
img_012959.jpg,1782803080.6098108,30,0.23910575656800925,0,0,0,1
img_012960.jpg,1782803080.6807082,30,0.15759018624473198,0,0,0,1
img_012961.jpg,1782803080.7670693,30,0.22498297134515338,0,0,0,1
img_012962.jpg,1782803080.8501122,30,0.14828211944822564,0,0,0,1
img_012963.jpg,1782803080.9373305,30,0.15546550702889994,0,0,0,1
img_012964.jpg,1782803081.0263703,30,0.10246444317766769,0,0,0,1
img_012965.jpg,1782803081.114229,30,0.09340480574280118,0,0,0,1
img_012966.jpg,1782803081.2026436,30,0.10388072137425038,0,0,0,1
img_012967.jpg,1782803081.2771719,30,0.06846586407445573,0,0,0,1
img_012968.jpg,1782803081.3618844,30,0.11794950735261935,0,0,0,1
img_012969.jpg,1782803081.4460936,30,0.09882605590288475,0,0,0,1
img_012970.jpg,1782803081.5388463,30,0.0907982907133931,0,0,0,1
img_012971.jpg,1782803081.6180754,30,0.10185105939903066,0,0,0,1
img_012972.jpg,1782803081.6856008,30,0.06712815136824682,0,0,0,1
img_012973.jpg,1782803081.7671442,30,0.14175789925878707,0,0,0,1
img_012974.jpg,1782803081.8559551,30,0.09343001216911355,0,0,0,1
img_012975.jpg,1782803081.9628384,30,0.1127528293159427,0,0,0,1
img_012976.jpg,1782803082.0489755,30,0.07431330649066115,0,0,0,1
img_012977.jpg,1782803082.1425183,30,0.0489785272358934,0,0,0,1
img_012978.jpg,1782803082.2111547,30,0.032280842334725314,0,0,0,1
img_012979.jpg,1782803082.2952209,30,0.02127570673614981,0,0,0,1
img_012980.jpg,1782803082.3820045,30,0.03524176652480231,0,0,0,1
img_012981.jpg,1782803082.4810553,30,0.05858986069166527,0,0,0,1
img_012982.jpg,1782803082.5671651,30,0.03861549462873856,0,0,0,1
img_012983.jpg,1782803082.6376653,30,0.1091262550584395,0,0,0,1
img_012984.jpg,1782803082.7260416,30,0.07192309840502802,0,0,0,1
img_012985.jpg,1782803082.8217893,30,0.12087571049001572,0,0,0,1
img_012986.jpg,1782803082.8914049,30,0.07966694738764181,0,0,0,1
img_012987.jpg,1782803082.9811842,30,0.05250701303294123,0,0,0,1
img_012988.jpg,1782803083.0867863,30,0.09522593583108148,0,0,0,1
img_012989.jpg,1782803083.158764,30,0.06276165483569465,0,0,0,1
img_012990.jpg,1782803083.240924,30,0.08887174748069741,0,0,0,1
img_012991.jpg,1782803083.3350227,30,0.07799495343806936,0,0,0,1
img_012992.jpg,1782803083.441057,30,0.05140503271387585,0,0,0,1
img_012993.jpg,1782803083.5107477,30,0.03388010726120713,0,0,0,1
img_012994.jpg,1782803083.601054,30,0.02232975269989578,0,0,0,1
img_012995.jpg,1782803083.7008197,30,0.014717127422126629,0,0,0,1
img_012996.jpg,1782803083.7910883,30,0.051460050518080946,0,0,0,1
img_012997.jpg,1782803083.8608239,30,0.07121884381782344,0,0,0,1
img_012998.jpg,1782803083.954368,30,0.04693902406399398,0,0,0,1
img_012999.jpg,1782803084.0509572,30,0.030936643477618608,0,0,0,1
img_013000.jpg,1782803084.1509504,30,0.020389770105924222,0,0,0,1
img_013001.jpg,1782803084.2432358,30,0.013438520739110364,0,0,0,1
img_013002.jpg,1782803084.343711,30,0.07137436395358301,0,0,0,1
img_013003.jpg,1782803084.4211683,30,0.11119526165031267,0,0,0,1
img_013004.jpg,1782803084.51093,30,0.07328674242111063,0,0,0,1
img_013005.jpg,1782803084.6109138,30,0.06943010633181704,0,0,0,1
img_013006.jpg,1782803084.7028506,30,0.04576010023711195,0,0,0,1
img_013007.jpg,1782803084.7709558,30,0.030159636566060435,0,0,0,1
img_013008.jpg,1782803084.861285,30,0.019877659207117534,0,0,0,1
img_013009.jpg,1782803084.9611442,30,0.01310099790787753,0,0,0,1
img_013010.jpg,1782803085.0512023,30,0.0,0,0,0,1
img_013011.jpg,1782803085.1298618,30,0.0,0,0,0,1
img_013012.jpg,1782803085.2309895,30,0.0,0,0,0,1
img_013013.jpg,1782803085.3224223,30,0.04,0,0,0,1
img_013014.jpg,1782803085.416985,30,0.026363260928000006,0,0,0,1
img_013015.jpg,1782803085.5208664,30,0.01737553816894529,0,0,0,1
img_013016.jpg,1782803085.6110213,30,0.011451896162808204,0,0,0,1
img_013017.jpg,1782803085.6808758,30,0.0,0,0,0,1
img_013018.jpg,1782803085.7708933,30,0.04,0,0,0,1
img_013019.jpg,1782803085.8711069,30,0.0429835776,0,0,0,1
img_013020.jpg,1782803085.9616575,30,0.028329681797193407,0,0,0,1
img_013021.jpg,1782803086.0309167,30,0.07476224267314452,0,0,0,1
img_013022.jpg,1782803086.1309886,30,0.049274412778864136,0,0,0,1
img_013023.jpg,1782803086.2258322,30,0.03247585502907933,0,0,0,1
img_013024.jpg,1782803086.3108993,30,0.02140423599978799,0,0,0,1
img_013025.jpg,1782803086.4211102,30,0.014107136465672545,0,0,0,1
img_013026.jpg,1782803086.4911642,30,0.0,0,0,0,1
img_013027.jpg,1782803086.5808318,30,0.0,0,0,0,1
img_013028.jpg,1782803086.6736088,30,0.0,0,0,0,1
img_013029.jpg,1782803086.7709403,30,0.0,0,0,0,1
img_013030.jpg,1782803086.8412402,30,0.0,0,0,0,1
img_013031.jpg,1782803086.9368794,30,0.0,0,0,0,1
img_013032.jpg,1782803087.0450537,30,0.0,0,0,0,1
img_013033.jpg,1782803087.1389778,30,0.0,0,0,0,1
img_013034.jpg,1782803087.2109768,30,0.0,0,0,0,1
img_013035.jpg,1782803087.3010638,30,0.0,0,0,0,1
img_013036.jpg,1782803087.4009562,30,0.0,0,0,0,1
img_013037.jpg,1782803087.4914823,30,0.0,0,0,0,1
img_013038.jpg,1782803087.564096,30,0.0,0,0,0,1
img_013039.jpg,1782803087.661378,30,0.0,0,0,0,1
img_013040.jpg,1782803087.7508395,22,0.0,0,0,0,1
img_013041.jpg,1782803087.8409612,18,0.0,0,0,0,1
img_013042.jpg,1782803087.9109647,18,0.0,0,0,0,1
img_013043.jpg,1782803088.0128088,18,0.0,0,0,0,1
img_013044.jpg,1782803088.100898,18,0.0,0,0,0,1
img_013045.jpg,1782803088.1774528,18,0.0,0,0,0,1
img_013046.jpg,1782803088.2812428,18,0.0,0,0,0,1
img_013047.jpg,1782803088.3608289,18,0.0,0,0,0,1
img_013048.jpg,1782803088.4609864,18,0.0,0,0,0,1
img_013049.jpg,1782803088.5640318,18,-0.0736,0,0,0,1
img_013050.jpg,1782803088.634495,18,-0.048508400107520014,0,0,0,1
img_013051.jpg,1782803088.7212539,18,-0.09625750985100495,0,0,0,1
img_013052.jpg,1782803088.8130262,18,-0.06344154621203937,0,0,0,1
img_013053.jpg,1782803088.9130087,18,-0.10448092471387015,0,0,0,1
img_013054.jpg,1782803088.9810379,18,-0.06886144700576208,0,0,0,1
img_013055.jpg,1782803089.0749748,18,-0.14335253124530112,0,0,0,1
img_013056.jpg,1782803089.180936,18,-0.11702460338231374,0,0,0,1
img_013057.jpg,1782803089.2608733,18,-0.07712875384909124,0,0,0,1
img_013058.jpg,1782803089.3412614,28,-0.05083413656937692,0,0,0,1
img_013059.jpg,1782803089.42591,28,-0.03350384016070177,0,0,0,1
img_013060.jpg,1782803089.5313647,30,-0.02208176200616466,0,0,0,1
img_013061.jpg,1782803089.6031015,30,-0.014553681337962894,0,0,0,1
img_013062.jpg,1782803089.6911056,30,-0.09338938683092587,0,0,0,1
img_013063.jpg,1782803089.7911775,30,-0.10386871485260003,0,0,0,1
img_013064.jpg,1782803089.860864,30,-0.12088132183114143,0,0,0,1
img_013065.jpg,1782803089.9508817,30,-0.1530979507978781,0,0,0,1
img_013066.jpg,1782803090.047526,30,-0.12967829414202628,0,0,0,1
img_013067.jpg,1782803090.1444252,30,-0.16054370816181104,0,0,0,1
img_013068.jpg,1782803090.2109573,30,-0.10581139171546271,0,0,0,1
img_013069.jpg,1782803090.3014264,30,-0.06973833322373905,0,0,0,1
img_013070.jpg,1782803090.4030404,30,-0.04596324688653112,0,0,0,1
img_013071.jpg,1782803090.4708593,30,-0.03029352676919259,0,0,0,1
img_013072.jpg,1782803090.5608697,30,-0.01996590376613943,0,0,0,1
img_013073.jpg,1782803090.6481628,30,-0.013159158266251796,0,0,0,1
img_013074.jpg,1782803090.7310333,30,0.0,0,0,0,1
img_013075.jpg,1782803090.8211825,30,0.08,0,0,0,1
img_013076.jpg,1782803090.9084177,30,0.09344256000000002,0,0,0,1
img_013077.jpg,1782803090.9912665,30,0.0615862647765074,0,0,0,1
img_013078.jpg,1782803091.0709028,30,0.11212661450683588,0,0,0,1
img_013079.jpg,1782803091.1622968,30,0.07390057988042463,0,0,0,1
img_013080.jpg,1782803091.2419233,30,0.04870650675295355,0,0,0,1
img_013081.jpg,1782803091.3412333,30,0.03210155866048772,0,0,0,1
img_013082.jpg,1782803091.427139,30,0.021157544179048405,0,0,0,1
img_013083.jpg,1782803091.496252,30,0.013944546444698521,0,0,0,1
img_013084.jpg,1782803091.5849757,30,0.0,0,0,0,1
img_013085.jpg,1782803091.681359,30,0.0,0,0,0,1
img_013086.jpg,1782803091.758017,30,0.02,0,0,0,1
img_013087.jpg,1782803091.8452249,30,0.06771200000000001,0,0,0,1
img_013088.jpg,1782803091.951066,30,0.044627728098918414,0,0,0,1
img_013089.jpg,1782803092.03096,30,0.02941331101239059,0,0,0,1
img_013090.jpg,1782803092.1063452,30,0.01938576982440173,0,0,0,1
img_013091.jpg,1782803092.1964958,30,0.012776802704271293,0,0,0,1
img_013092.jpg,1782803092.301111,30,0.0,0,0,0,1
img_013093.jpg,1782803092.3710842,30,0.0,0,0,0,1
img_013094.jpg,1782803092.4530945,30,0.0,0,0,0,1
img_013095.jpg,1782803092.5610983,30,0.0,0,0,0,1
img_013096.jpg,1782803092.6415474,30,0.0,0,0,0,1
img_013097.jpg,1782803092.7243316,30,-0.04,0,0,0,1
img_013098.jpg,1782803092.8130238,30,-0.11040000000000001,0,0,0,1
img_013099.jpg,1782803092.911189,30,-0.07276260016128001,0,0,0,1
img_013100.jpg,1782803093.0011702,30,-0.047956485346289005,0,0,0,1
img_013101.jpg,1782803093.0712354,30,-0.03160723340935064,0,0,0,1
img_013102.jpg,1782803093.1710267,30,-0.020831743539572754,0,0,0,1
img_013103.jpg,1782803093.2557437,30,-0.013729817262973374,0,0,0,1
img_013104.jpg,1782803093.3297355,30,0.0,0,0,0,1
img_013105.jpg,1782803093.418748,30,0.0,0,0,0,1
img_013106.jpg,1782803093.5157213,30,0.0,0,0,0,1
img_013107.jpg,1782803093.581164,30,0.0,0,0,0,1
img_013108.jpg,1782803093.6767397,30,-0.0552,0,0,0,1
img_013109.jpg,1782803093.7761571,30,-0.03638130008064001,0,0,0,1
img_013110.jpg,1782803093.8610287,30,-0.023978242673144502,0,0,0,1
img_013111.jpg,1782803093.9498208,30,-0.01580361670467532,0,0,0,1
img_013112.jpg,1782803094.0239341,30,-0.010415871769786377,0,0,0,1
img_013113.jpg,1782803094.1228702,30,0.0,0,0,0,1
img_013114.jpg,1782803094.2038248,30,0.0,0,0,0,1
img_013115.jpg,1782803094.2953105,30,0.0,0,0,0,1
img_013116.jpg,1782803094.3656673,30,0.0,0,0,0,1
img_013117.jpg,1782803094.4612682,30,0.0,0,0,0,1
img_013118.jpg,1782803094.5491881,30,0.0,0,0,0,1
img_013119.jpg,1782803094.621085,30,0.0,0,0,0,1
img_013120.jpg,1782803094.7215164,30,0.0,0,0,0,1
img_013121.jpg,1782803094.8111134,30,0.0,0,0,0,1
img_013122.jpg,1782803094.8712769,30,0.0,0,0,0,1
img_013123.jpg,1782803094.965825,30,0.0,0,0,0,1
img_013124.jpg,1782803095.0710223,30,0.0,0,0,0,1
img_013125.jpg,1782803095.1410248,30,0.0,0,0,0,1
img_013126.jpg,1782803095.2263815,30,0.0,0,0,0,1
img_013127.jpg,1782803095.32686,30,0.0,0,0,0,1
img_013128.jpg,1782803095.4112449,30,0.0,0,0,0,1
img_013129.jpg,1782803095.48332,30,0.0,0,0,0,1
img_013130.jpg,1782803095.5709438,30,0.08,0,0,0,1
img_013131.jpg,1782803095.6703384,30,0.07163929600000002,0,0,0,1
img_013132.jpg,1782803095.741294,30,0.0472161363286557,0,0,0,1
img_013133.jpg,1782803095.8256028,30,0.03111928305110926,0,0,0,1
img_013134.jpg,1782803095.9214346,30,0.020510144474217038,0,0,0,1
img_013135.jpg,1782803095.9913187,30,0.013517857261119032,0,0,0,1
img_013136.jpg,1782803096.0890293,30,0.07144151438581116,0,0,0,1
img_013137.jpg,1782803096.1756938,30,0.08677816995405853,0,0,0,1
img_013138.jpg,1782803096.254643,30,0.08216727003677107,0,0,0,1
img_013139.jpg,1782803096.3409514,30,0.14919388843382939,0,0,0,1
img_013140.jpg,1782803096.4384413,30,0.09833093524109915,0,0,0,1
img_013141.jpg,1782803096.5378456,30,0.14322730358806635,0,0,0,1
img_013142.jpg,1782803096.6112936,30,0.0943984694126516,0,0,0,1
img_013143.jpg,1782803096.698006,30,0.08762639892199897,0,0,0,1
img_013144.jpg,1782803096.7912593,30,0.12495098404757994,0,0,0,1
img_013145.jpg,1782803096.8933692,30,0.0823528848914179,0,0,0,1
img_013146.jpg,1782803096.9627554,30,0.054277264814149975,0,0,0,1
img_013147.jpg,1782803097.0582623,30,0.03577314236883974,0,0,0,1
img_013148.jpg,1782803097.1629343,30,0.023577417162105357,0,0,0,1
img_013149.jpg,1782803097.2483108,30,0.015539440016322225,0,0,0,1
img_013150.jpg,1782803097.3212383,30,0.010241757795632687,0,0,0,1
img_013151.jpg,1782803097.4074762,30,0.0,0,0,0,1
img_013152.jpg,1782803097.5113146,30,0.0,0,0,0,1
img_013153.jpg,1782803097.5849535,30,0.0,0,0,0,1
img_013154.jpg,1782803097.671176,30,0.0,0,0,0,1
img_013155.jpg,1782803097.777693,30,0.0,0,0,0,1
img_013156.jpg,1782803097.8609996,30,0.0,0,0,0,1
img_013157.jpg,1782803097.9368558,30,0.0,0,0,0,1
img_013158.jpg,1782803098.0234346,30,0.0,0,0,0,1
img_013159.jpg,1782803098.1221118,30,0.0,0,0,0,1
img_013160.jpg,1782803098.1911557,30,-0.0736,0,0,0,1
img_013161.jpg,1782803098.28341,30,-0.048508400107520014,0,0,0,1
img_013162.jpg,1782803098.3844166,30,-0.031970990230859336,0,0,0,1
img_013163.jpg,1782803098.4595063,28,-0.021071488939567097,0,0,0,1
img_013164.jpg,1782803098.549014,20,-0.013887829026381839,0,0,0,1
img_013165.jpg,1782803098.6390216,20,0.0,0,0,0,1
img_013166.jpg,1782803098.7352753,20,0.0,0,0,0,1
img_013167.jpg,1782803098.8113434,20,0.0,0,0,0,1
img_013168.jpg,1782803098.9012449,20,0.0,0,0,0,1
img_013169.jpg,1782803099.0125067,20,-0.0552,0,0,0,1
img_013170.jpg,1782803099.1012495,20,-0.03638130008064001,0,0,0,1
img_013171.jpg,1782803099.1629817,20,-0.06832968179719341,0,0,0,1
img_013172.jpg,1782803099.262447,20,-0.06327876219854953,0,0,0,1
img_013173.jpg,1782803099.3611283,20,-0.04170586297603061,0,0,0,1
img_013174.jpg,1782803099.4312146,20,-0.027487563696612746,0,0,0,1
img_013175.jpg,1782803099.521405,20,-0.10528855860088374,0,0,0,1
img_013176.jpg,1782803099.629412,20,-0.11313445711980495,0,0,0,1
img_013177.jpg,1782803099.69148,20,-0.07456483032492615,0,0,0,1
img_013178.jpg,1782803099.785282,20,-0.0491443019477019,0,0,0,1
img_013179.jpg,1782803099.871544,20,-0.0323901013842921,0,0,0,1
img_013180.jpg,1782803099.954944,20,-0.02134771735696167,0,0,0,1
img_013181.jpg,1782803100.041364,22,-0.01406988607246938,0,0,0,1
img_013182.jpg,1782803100.1213171,30,0.0,0,0,0,1
img_013183.jpg,1782803100.2003195,30,0.0,0,0,0,1
img_013184.jpg,1782803100.299017,30,0.0,0,0,0,1
img_013185.jpg,1782803100.3819647,30,0.0,0,0,0,1
img_013186.jpg,1782803100.451338,30,0.0,0,0,0,1
img_013187.jpg,1782803100.5515068,30,0.0,0,0,0,1
img_013188.jpg,1782803100.6437206,30,0.0,0,0,0,1
img_013189.jpg,1782803123.9542828,30,0.0,0,0,0,1
img_013190.jpg,1782803124.0466027,30,0.0,0,0,1,0
img_013191.jpg,1782803124.1162634,30,0.0,0,0,1,0
img_013192.jpg,1782803124.2088819,30,0.0,0,0,1,0
img_013193.jpg,1782803124.2815776,30,0.0,0,0,1,0
img_013194.jpg,1782803124.3564181,30,0.0,0,0,1,0
img_013195.jpg,1782803124.4219527,30,0.0,0,0,1,0
img_013196.jpg,1782803124.5154932,30,0.0,0,0,1,0
img_013197.jpg,1782803124.5929222,30,0.0,0,0,1,0
img_013198.jpg,1782803124.671663,30,0.0,0,0,1,0
img_013199.jpg,1782803124.7390568,30,0.0,0,0,1,0
img_013200.jpg,1782803124.8472238,30,0.0,0,0,1,0
img_013201.jpg,1782803124.9140863,30,0.0,0,0,1,0
img_013202.jpg,1782803124.9988475,30,0.0,0,0,1,0
img_013203.jpg,1782803125.0981717,30,0.0,0,0,1,0
img_013204.jpg,1782803125.181845,30,0.0,0,0,1,0
img_013205.jpg,1782803125.25632,30,0.06,0,0,1,0
img_013206.jpg,1782803125.3270524,30,0.05731143680000001,0,0,1,0
img_013207.jpg,1782803125.4172359,30,0.03777290906292455,0,0,1,0
img_013208.jpg,1782803125.5061398,30,0.024895426440887398,0,0,1,0
img_013209.jpg,1782803125.5924342,30,0.016408115579373626,0,0,1,0
img_013210.jpg,1782803125.669916,30,0.010814285808895223,0,0,1,0
img_013211.jpg,1782803125.760845,30,0.0,0,0,1,0
img_013212.jpg,1782803125.838909,30,0.0,0,0,1,0
img_013213.jpg,1782803125.9219599,30,0.0,0,0,1,0
img_013214.jpg,1782803125.9983277,30,0.0,0,0,1,0
img_013215.jpg,1782803126.0889845,30,0.0,0,0,1,0
img_013216.jpg,1782803126.173222,30,0.0,0,0,1,0
img_013217.jpg,1782803126.2555368,30,0.0,0,0,1,0
img_013218.jpg,1782803126.3219738,30,0.0,0,0,1,0
img_013219.jpg,1782803126.4189174,30,0.0,0,0,1,0
img_013220.jpg,1782803126.4972353,30,0.0,0,0,1,0
img_013221.jpg,1782803126.5748887,30,0.0552,0,0,1,0
img_013222.jpg,1782803126.6589334,30,0.03638130008064001,0,0,1,0
img_013223.jpg,1782803126.750569,30,0.023978242673144502,0,0,1,0
img_013224.jpg,1782803126.8282886,30,0.01580361670467532,0,0,1,0
img_013225.jpg,1782803126.9079666,30,0.010415871769786377,0,0,1,0
img_013226.jpg,1782803126.9996877,30,0.03925823435667142,0,0,1,0
img_013227.jpg,1782803127.07705,30,0.025874376897937576,0,0,1,0
img_013228.jpg,1782803127.16577,30,0.01705332373774359,0,0,1,0
img_013229.jpg,1782803127.253682,30,0.011239530584694766,0,0,1,0
img_013230.jpg,1782803127.3382754,30,0.0,0,0,1,0
img_013231.jpg,1782803127.4116342,30,0.0,0,0,1,0
img_013232.jpg,1782803127.489404,30,0.06,0,0,1,0
img_013233.jpg,1782803127.574938,30,0.03954489139200001,0,0,1,0
img_013234.jpg,1782803127.6673505,30,0.026063307253417937,0,0,1,0
img_013235.jpg,1782803127.7366645,30,0.017177844244212304,0,0,1,0
img_013236.jpg,1782803127.8198037,30,0.011321599749767802,0,0,1,0
img_013237.jpg,1782803127.9138093,30,0.04,0,0,1,0
img_013238.jpg,1782803127.989461,30,0.026363260928000006,0,0,1,0
img_013239.jpg,1782803128.0649989,30,0.03888645453146228,0,0,1,0
img_013240.jpg,1782803128.1417341,30,0.08369749511542969,0,0,1,0
img_013241.jpg,1782803128.2330472,30,0.05516347256870197,0,0,1,0
img_013242.jpg,1782803128.3162136,30,0.03635722552558152,0,0,1,0
img_013243.jpg,1782803128.3926356,30,0.023962375578726193,0,0,1,0
img_013244.jpg,1782803128.4594703,30,0.015793158995917343,0,0,1,0
img_013245.jpg,1782803128.565586,30,0.04344546339221289,0,0,1,0
img_013246.jpg,1782803128.6356263,30,0.028634102188669516,0,0,1,0
img_013247.jpg,1782803128.7204578,30,0.09994337401357596,0,0,1,0
img_013248.jpg,1782803128.8070436,30,0.06587083117861495,0,0,1,0
img_013249.jpg,1782803128.9075668,30,0.14060116468432576,0,0,1,0
img_013250.jpg,1782803128.9797547,30,0.0926676297838395,0,0,1,0
img_013251.jpg,1782803129.058805,30,0.11215917130111844,0,0,1,0
img_013252.jpg,1782803129.1538217,30,0.1184845207821253,0,0,1,0
img_013253.jpg,1782803129.2324753,30,0.07809095843270522,0,0,1,0
img_013254.jpg,1782803129.2983236,30,0.05146830783197525,0,0,1,0
img_013255.jpg,1782803129.381642,30,0.03392181072242475,0,0,1,0
img_013256.jpg,1782803129.4871285,30,0.06641450694782348,0,0,1,0
img_013257.jpg,1782803129.5719159,30,0.0437725744017485,0,0,1,0
img_013258.jpg,1782803129.65402,30,0.07408517841574874,0,0,1,0
img_013259.jpg,1782803129.722824,30,0.11348969501108976,0,0,1,0
img_013260.jpg,1782803129.8170822,30,0.0747989610554125,0,0,1,0
img_013261.jpg,1782803129.8995106,30,0.11850984063730118,0,0,1,0
img_013262.jpg,1782803129.9815772,30,0.07810764628142174,0,0,1,0
img_013263.jpg,1782803130.0817137,30,0.12611031181259538,0,0,1,0
img_013264.jpg,1782803130.1509326,30,0.13377434648472628,0,0,1,0
img_013265.jpg,1782803130.2301016,30,0.23377434648472623,0,0,1,0
img_013266.jpg,1782803130.3131347,30,0.15407635236623796,0,0,1,0
img_013267.jpg,1782803130.407541,30,0.1599774066713611,0,0,1,0
img_013268.jpg,1782803130.4830513,30,0.15572000684610884,0,0,1,0
img_013269.jpg,1782803130.564105,30,0.10263217930484786,0,0,1,0
img_013270.jpg,1782803130.6467135,30,0.14686787656362324,0,0,1,0
img_013271.jpg,1782803130.738907,30,0.09679790379470242,0,0,1,0
img_013272.jpg,1782803130.8004527,30,0.11537536611008925,0,0,1,0
img_013273.jpg,1782803130.8817785,30,0.09698195923869053,0,0,1,0
img_013274.jpg,1782803130.960806,30,0.06391901741795648,0,0,1,0
img_013275.jpg,1782803131.0657551,30,0.0836289718351537,0,0,1,0
img_013276.jpg,1782803131.1536324,30,0.055118310140763016,0,0,1,0
img_013277.jpg,1782803131.2386491,30,0.10665213770314183,0,0,1,0
img_013278.jpg,1782803131.330472,30,0.07029245336992289,0,0,1,0
img_013279.jpg,1782803131.3955824,30,0.09473588992971853,0,0,1,0
img_013280.jpg,1782803131.4760005,30,0.10491722065759267,0,0,1,0
img_013281.jpg,1782803131.5506122,30,0.06914900160091669,0,0,1,0
img_013282.jpg,1782803131.6437855,30,0.14361708147284336,0,0,1,0
img_013283.jpg,1782803131.7164023,30,0.09465536481466011,0,0,1,0
img_013284.jpg,1782803131.8006024,30,0.08781043697945423,0,0,1,0
img_013285.jpg,1782803131.8848352,30,0.0772346380666047,0,0,1,0
img_013286.jpg,1782803131.9776285,30,0.050903922900738544,0,0,1,0
img_013287.jpg,1782803132.0570817,30,0.09386908034318513,0,0,1,0
img_013288.jpg,1782803132.1388495,30,0.06186737645396965,0,0,1,0
img_013289.jpg,1782803132.2086732,30,0.11236454743063992,0,0,1,0
img_013290.jpg,1782803132.300408,30,0.09482502993289654,0,0,1,0
img_013291.jpg,1782803132.3729417,30,0.08793198387571637,0,0,1,0
img_013292.jpg,1782803132.435565,30,0.15449742516565904,0,0,1,0
img_013293.jpg,1782803132.5137389,30,0.1018263983086606,0,0,1,0
img_013294.jpg,1782803132.6010187,30,0.11609099444617432,0,0,1,0
img_013295.jpg,1782803132.6801443,30,0.07651342944938734,0,0,1,0
img_013296.jpg,1782803132.768969,30,0.05042858762675797,0,0,1,0
img_013297.jpg,1782803132.8395154,30,0.12639430061661733,0,0,1,0
img_013298.jpg,1782803132.9310257,30,0.10487584634586831,0,0,1,0
img_013299.jpg,1782803133.0101738,30,0.0951323179962218,0,0,1,0
img_013300.jpg,1782803133.0899127,30,0.13130399395200215,0,0,1,0
img_013301.jpg,1782803133.1693418,30,0.08654003633612918,0,0,1,0
img_013302.jpg,1782803133.2649245,30,0.13324748675489975,0,0,1,0
img_013303.jpg,1782803133.3258734,30,0.08782095653299118,0,0,1,0
img_013304.jpg,1782803133.4097426,30,0.05788116980064484,0,0,1,0
img_013305.jpg,1782803133.5142047,30,0.09977462211926581,0,0,1,0
img_013306.jpg,1782803133.580404,30,0.06575960992307014,0,0,1,0
img_013307.jpg,1782803133.6602094,30,0.04334094387313492,0,0,1,0
img_013308.jpg,1782803133.7502556,30,0.028565215304831477,0,0,1,0
img_013309.jpg,1782803133.8428595,30,0.018826805613644287,0,0,1,0
img_013310.jpg,1782803133.9268458,30,0.012408399720830991,0,0,1,0
img_013311.jpg,1782803134.011935,30,0.0,0,0,1,0
img_013312.jpg,1782803134.100939,30,0.0,0,0,1,0
img_013313.jpg,1782803134.1777978,30,0.1,0,0,1,0
img_013314.jpg,1782803134.259876,30,0.06590815232000002,0,0,1,0
img_013315.jpg,1782803134.3218834,30,0.043438845422363245,0,0,1,0
img_013316.jpg,1782803134.4330945,30,0.028629740407020522,0,0,1,0
img_013317.jpg,1782803134.515852,30,0.018869332916279676,0,0,1,0
img_013318.jpg,1782803134.578073,30,0.01243642868022951,0,0,1,0
img_013319.jpg,1782803134.6587806,30,0.0,0,0,1,0
img_013320.jpg,1782803134.7559967,30,0.0,0,0,1,0
img_013321.jpg,1782803134.833752,30,0.0,0,0,1,0
img_013322.jpg,1782803134.9084022,30,0.0,0,0,1,0
img_013323.jpg,1782803134.9993877,30,0.0,0,0,1,0
img_013324.jpg,1782803135.0948782,30,0.0,0,0,1,0
img_013325.jpg,1782803164.5709996,30,0.0,0,0,1,0
img_013326.jpg,1782803164.673423,30,0.0,0,0,1,0
img_013327.jpg,1782803164.7623582,30,0.0,0,0,1,0
img_013328.jpg,1782803164.8254366,30,0.0,0,0,1,0
img_013329.jpg,1782803164.9126017,30,0.0,0,0,1,0
img_013330.jpg,1782803165.0174124,30,0.0,0,0,1,0
img_013331.jpg,1782803165.110815,30,0.06,0,0,1,0
img_013332.jpg,1782803165.1926782,30,0.16,0,0,1,0
img_013333.jpg,1782803165.270678,30,0.10545304371200002,0,0,1,0
img_013334.jpg,1782803165.3526347,30,0.06950215267578116,0,0,1,0
img_013335.jpg,1782803165.4370549,30,0.045807584651232816,0,0,1,0
img_013336.jpg,1782803165.5274985,30,0.030190932666047474,0,0,1,0
img_013337.jpg,1782803165.6087394,30,0.10137565805276369,0,0,1,0
img_013338.jpg,1782803165.6998117,30,0.06681482312481786,0,0,1,0
img_013339.jpg,1782803165.78613,30,0.14146963727483244,0,0,1,0
img_013340.jpg,1782803165.8665776,30,0.11567571139744354,0,0,1,0
img_013341.jpg,1782803165.9578767,30,0.07623972406507071,0,0,1,0
img_013342.jpg,1782803166.0373075,30,0.09051447825278179,0,0,1,0
img_013343.jpg,1782803166.1154377,30,0.059656420198496714,0,0,1,0
img_013344.jpg,1782803166.2009387,30,0.11049319405600763,0,0,1,0
img_013345.jpg,1782803166.3230748,30,0.07282402264166671,0,0,1,0
img_013346.jpg,1782803166.4306679,30,0.14699810083033338,0,0,1,0
img_013347.jpg,1782803166.5026653,30,0.09688373220276333,0,0,1,0
img_013348.jpg,1782803166.6048799,30,0.1420023909364189,0,0,1,0
img_013349.jpg,1782803166.7076397,30,0.11605737237001831,0,0,1,0
img_013350.jpg,1782803166.7923448,30,0.07649126976022128,0,0,1,0
img_013351.jpg,1782803166.9162834,30,0.05041398258506875,0,0,1,0
img_013352.jpg,1782803167.0026445,30,0.056116222209505864,0,0,1,0
img_013353.jpg,1782803167.1127799,30,0.05452912573268565,0,0,1,0
img_013354.jpg,1782803167.192538,30,0.03593913924666279,0,0,1,0
img_013355.jpg,1782803167.3224607,30,0.023686822637187417,0,0,1,0
img_013356.jpg,1782803167.412552,30,0.0369690729820497,0,0,1,0
img_013357.jpg,1782803167.5287285,30,0.04081224282206662,0,0,1,0
img_013358.jpg,1782803167.6527703,30,0.026898595164375937,0,0,1,0
img_013359.jpg,1782803167.7769125,30,0.01772836707287705,0,0,1,0
img_013360.jpg,1782803167.8723717,30,0.05060486669924448,0,0,1,0
img_013361.jpg,1782803168.0028393,30,0.03335273262547102,0,0,1,0
img_013362.jpg,1782803168.1227639,30,0.059827372662662776,0,0,1,0
img_013363.jpg,1782803168.2872791,30,0.11063788822167779,0,0,1,0
img_013364.jpg,1782803168.4454556,30,0.07291938789277476,0,0,1,0
img_013365.jpg,1782803168.6427236,30,0.08792897231944902,0,0,1,0
img_013366.jpg,1782803168.8479762,30,0.12827908217118167,0,0,1,0
img_013367.jpg,1782803169.0425353,30,0.13546314193771314,0,0,1,0
img_013368.jpg,1782803169.2486846,30,0.14105728306919396,0,0,1,0
img_013369.jpg,1782803169.442847,30,0.11538030374749776,0,0,1,0
img_013370.jpg,1782803169.6424649,30,0.10265763732736904,0,0,1,0
img_013371.jpg,1782803169.8466542,30,0.11108579029517437,0,0,1,0
img_013372.jpg,1782803170.0034277,30,0.07321459187361931,0,0,0,1
img_013373.jpg,1782803170.212775,30,0.048254384732531366,0,0,0,1
img_013374.jpg,1782803170.4028444,30,0.031803573390595606,0,0,0,1
img_013375.jpg,1782803170.6109536,30,0.06156506095637612,0,0,0,1
img_013376.jpg,1782803170.8183746,30,0.08473997418599863,0,0,0,1
img_013377.jpg,1782803171.0064244,30,0.13172391415102924,0,0,0,1
img_013378.jpg,1782803171.2029731,30,0.20118600101894688,0,0,0,1
img_013379.jpg,1782803171.4195328,30,0.1966611247614417,0,0,0,1
img_013380.jpg,1782803171.6126857,30,0.12961571366199628,0,0,0,1
img_013381.jpg,1782803171.7829535,30,0.14093020084003258,0,0,0,1
img_013382.jpg,1782803171.942567,30,0.12096140373318542,0,0,0,1
img_013383.jpg,1782803172.112646,30,0.10098375726617179,0,0,0,1
img_013384.jpg,1782803172.2432482,30,0.11863483997808079,0,0,0,1
img_013385.jpg,1782803172.3827338,30,0.09931702337102365,0,0,0,1
img_013386.jpg,1782803172.502551,30,0.1392619285812344,0,0,0,1
img_013387.jpg,1782803172.632778,30,0.0917849640130896,0,0,0,1
img_013388.jpg,1782803172.764023,30,0.10261937005742472,0,0,0,1
img_013389.jpg,1782803172.892568,30,0.09351579426877389,0,0,0,1
img_013390.jpg,1782803173.0328617,30,0.103967146807563,0,0,0,1
img_013391.jpg,1782803173.1556494,30,0.06852282548068664,0,0,0,1
img_013392.jpg,1782803173.3235657,30,0.045162128191778735,0,0,0,1
img_013393.jpg,1782803173.4530294,30,0.0297655242395912,0,0,0,1
img_013394.jpg,1782803173.5860276,30,0.10738428230042392,0,0,0,1
img_013395.jpg,1782803173.673339,30,0.07077499634630223,0,0,0,1
img_013396.jpg,1782803173.7835212,30,0.04664649239639532,0,0,0,1
img_013397.jpg,1782803173.9158993,30,0.11651477300468371,0,0,0,1
img_013398.jpg,1782803174.0024438,30,0.0767927340672292,0,0,0,1
img_013399.jpg,1782803174.112433,30,0.05061267213972196,0,0,0,1
img_013400.jpg,1782803174.219104,30,0.07621148044313582,0,0,0,1
img_013401.jpg,1782803174.332648,30,0.05022957861578897,0,0,0,1
img_013402.jpg,1782803174.41259,30,0.03310538718378835,0,0,0,1
img_013403.jpg,1782803174.5427988,30,0.07880439971235847,0,0,0,1
img_013404.jpg,1782803174.6225922,30,0.05193852379728287,0,0,0,1
img_013405.jpg,1782803174.714243,30,0.08044390521865862,0,0,0,1
img_013406.jpg,1782803174.8400393,30,0.07195730657355431,0,0,0,1
img_013407.jpg,1782803174.924303,30,0.04742573122186756,0,0,0,1
img_013408.jpg,1782803175.0127516,30,0.11723167272411816,0,0,0,1
img_013409.jpg,1782803175.158518,30,0.07726522942629571,0,0,0,1
img_013410.jpg,1782803175.2168448,30,0.05092408510068045,0,0,0,1
img_013411.jpg,1782803175.3036015,30,0.03356312357572291,0,0,0,1
img_013412.jpg,1782803175.3974853,30,0.02212083460963729,0,0,0,1
img_013413.jpg,1782803175.4950614,30,0.014579433368975025,0,0,0,1
img_013414.jpg,1782803175.5567753,30,0.0,0,0,0,1
img_013415.jpg,1782803175.6396263,30,0.0,0,0,0,1
img_013416.jpg,1782803175.728545,30,0.0,0,0,0,1
img_013417.jpg,1782803175.8198304,30,0.04,0,0,0,1
img_013418.jpg,1782803175.9045131,30,0.06229504000000001,0,0,0,1
img_013419.jpg,1782803175.9905508,30,0.04105750985100494,0,0,0,1
img_013420.jpg,1782803176.0947893,30,0.027060246131399342,0,0,0,1
img_013421.jpg,1782803176.152641,30,0.017834908238449593,0,0,0,1
img_013422.jpg,1782803176.2464716,30,0.01175465848792959,0,0,0,1
img_013423.jpg,1782803176.3279748,30,0.02,0,0,0,1
img_013424.jpg,1782803176.424725,30,0.06771200000000001,0,0,0,1
img_013425.jpg,1782803176.5037332,30,0.044627728098918414,0,0,0,1
img_013426.jpg,1782803176.5706084,30,0.02941331101239059,0,0,0,1
img_013427.jpg,1782803176.6551332,30,0.01938576982440173,0,0,0,1
img_013428.jpg,1782803176.7529113,30,0.012776802704271293,0,0,0,1
img_013429.jpg,1782803176.8361232,30,0.0,0,0,0,1
img_013430.jpg,1782803176.9197307,30,0.0,0,0,0,1
img_013431.jpg,1782803177.0057433,30,0.0,0,0,0,1
img_013432.jpg,1782803177.1002684,30,0.0552,0,0,0,1
img_013433.jpg,1782803177.1629698,30,0.03638130008064001,0,0,0,1
img_013434.jpg,1782803177.2447755,30,0.023978242673144502,0,0,0,1
img_013435.jpg,1782803177.3424976,30,0.01580361670467532,0,0,0,1
img_013436.jpg,1782803177.4301684,30,0.010415871769786377,0,0,0,1
img_013437.jpg,1782803177.5096383,30,0.0,0,0,0,1
img_013438.jpg,1782803177.5916898,30,0.0,0,0,0,1
img_013439.jpg,1782803177.6908572,30,0.0,0,0,0,1
img_013440.jpg,1782803177.7561889,30,0.0,0,0,0,1
img_013441.jpg,1782803177.8360512,30,0.0,0,0,0,1
img_013442.jpg,1782803177.9258428,30,0.0,0,0,0,1
img_013443.jpg,1782803178.0219505,30,0.0,0,0,0,1
img_013444.jpg,1782803178.1027253,30,0.0,0,0,0,1
img_013445.jpg,1782803178.1671245,30,0.0,0,0,0,1
img_013446.jpg,1782803178.253115,30,0.0,0,0,0,1
img_013447.jpg,1782803178.3486989,30,0.0,0,0,0,1
img_013448.jpg,1782803178.431297,30,0.0,0,0,0,1
img_013449.jpg,1782803178.5141277,30,0.0,0,0,0,1
img_013450.jpg,1782803178.5986974,30,0.0,0,0,0,1
img_013451.jpg,1782803178.6908355,30,0.0,0,0,0,1
img_013452.jpg,1782803178.757121,30,0.0,0,0,0,1
img_013453.jpg,1782803178.8365858,30,-0.02,0,0,0,1
img_013454.jpg,1782803178.9327393,30,-0.028655718400000006,0,0,0,1
img_013455.jpg,1782803179.020696,30,-0.018886454531462274,0,0,0,1
img_013456.jpg,1782803179.0888643,30,-0.012447713220443699,0,0,0,1
img_013457.jpg,1782803179.177391,30,0.0,0,0,0,1
img_013458.jpg,1782803179.269193,30,0.0,0,0,0,1
img_013459.jpg,1782803179.3479328,30,0.0,0,0,0,1
img_013460.jpg,1782803179.4331927,30,0.0,0,0,0,1
img_013461.jpg,1782803179.5173469,30,0.0,0,0,0,1
img_013462.jpg,1782803179.6158986,30,0.0,0,0,0,1
img_013463.jpg,1782803179.6805441,30,0.0,0,0,0,1
img_013464.jpg,1782803179.7688491,30,0.0,0,0,0,1
img_013465.jpg,1782803179.8648825,30,0.0,0,0,0,1
img_013466.jpg,1782803179.9425867,30,0.0,0,0,0,1
img_013467.jpg,1782803180.0250885,30,0.0,0,0,0,1
img_013468.jpg,1782803180.0897846,30,0.0,0,0,0,1
img_013469.jpg,1782803180.2076485,30,0.0,0,0,0,1
img_013470.jpg,1782803180.272695,30,0.0,0,0,0,1
img_013471.jpg,1782803180.3508825,30,0.0,0,0,0,1
img_013472.jpg,1782803180.432554,30,0.0,0,0,0,1
img_013473.jpg,1782803180.5357141,30,0.0,0,0,0,1
img_013474.jpg,1782803180.6176105,30,0.0,0,0,0,1
img_013475.jpg,1782803180.6970553,30,0.0,0,0,0,1
img_013476.jpg,1782803180.7879677,30,0.0,0,0,0,1
img_013477.jpg,1782803180.8886435,30,0.0,0,0,0,1
img_013478.jpg,1782803180.967095,30,0.0,0,0,0,1
img_013479.jpg,1782803181.0499213,30,0.0,0,0,0,1
img_013480.jpg,1782803181.1496408,30,0.0,0,0,0,1
img_013481.jpg,1782803181.2335925,30,0.0,0,0,0,1
img_013482.jpg,1782803181.3143315,30,0.0,0,0,0,1
img_013483.jpg,1782803181.3778224,30,0.0,0,0,0,1
img_013484.jpg,1782803181.4749272,30,0.0,0,0,0,1
img_013485.jpg,1782803181.5529914,30,0.0,0,0,0,1
img_013486.jpg,1782803181.6337483,30,0.0,0,0,0,1
img_013487.jpg,1782803181.6981392,30,0.0,0,0,0,1
img_013488.jpg,1782803181.8156865,30,0.0,0,0,0,1
img_013489.jpg,1782803181.8980627,30,0.0,0,0,0,1
img_013490.jpg,1782803181.9598033,30,0.0,0,0,0,1
img_013491.jpg,1782803182.0566366,30,0.0,0,0,0,1
img_013492.jpg,1782803182.13928,30,0.0,0,0,0,1
img_013493.jpg,1782803182.2183223,30,0.0,0,0,0,1
img_013494.jpg,1782803182.2986457,30,0.0,0,0,0,1
img_013495.jpg,1782803182.3949683,30,0.0,0,0,0,1
img_013496.jpg,1782803182.4818075,30,0.0,0,0,0,1
img_013497.jpg,1782803182.5625997,30,0.0,0,0,0,1
img_013498.jpg,1782803182.6244876,30,0.0,0,0,0,1
img_013499.jpg,1782803182.7176204,30,0.0,0,0,0,1
img_013500.jpg,1782803182.8008454,30,0.0,0,0,0,1
img_013501.jpg,1782803182.880701,30,0.0,0,0,0,1
img_013502.jpg,1782803182.966014,30,0.0,0,0,0,1
img_013503.jpg,1782803183.062842,30,0.0,0,0,0,1
img_013504.jpg,1782803183.1536202,30,0.0,0,0,0,1
img_013505.jpg,1782803183.2327843,30,0.0,0,0,0,1
img_013506.jpg,1782803183.3259487,30,0.0,0,0,0,1
img_013507.jpg,1782803183.38471,30,0.0,0,0,0,1
img_013508.jpg,1782803183.4680557,30,0.0,0,0,0,1
img_013509.jpg,1782803183.5499246,30,0.0,0,0,0,1
img_013510.jpg,1782803183.641822,30,0.0,0,0,0,1
img_013511.jpg,1782803183.702896,30,0.0,0,0,0,1
img_013512.jpg,1782803183.788196,30,0.0,0,0,0,1
img_013513.jpg,1782803183.8690765,30,0.0,0,0,0,1
img_013514.jpg,1782803183.963121,30,0.0,0,0,0,1
img_013515.jpg,1782803184.0430756,30,0.0,0,0,0,1
img_013516.jpg,1782803184.1028478,30,0.0,0,0,0,1
img_013517.jpg,1782803184.18832,30,0.02,0,0,0,1
img_013518.jpg,1782803184.283777,30,0.028655718400000006,0,0,0,1
img_013519.jpg,1782803184.3638344,30,0.018886454531462274,0,0,0,1
img_013520.jpg,1782803184.4494941,30,0.07598549511542968,0,0,0,1
img_013521.jpg,1782803184.5378723,30,0.05008063586178355,0,0,0,1
img_013522.jpg,1782803184.6298888,30,0.03300722176660885,0,0,0,1
img_013523.jpg,1782803184.688155,30,0.021754449998536762,0,0,0,1
img_013524.jpg,1782803184.7727523,30,0.014337956041413852,0,0,0,1
img_013525.jpg,1782803184.8552995,30,0.0,0,0,1,0
img_013526.jpg,1782803184.954691,30,0.0,0,0,1,0
img_013527.jpg,1782803185.0369155,30,0.0,0,0,1,0
img_013528.jpg,1782803185.1072886,30,0.04,0,0,1,0
img_013529.jpg,1782803185.199741,30,0.0429835776,0,0,1,0
img_013530.jpg,1782803185.2833536,30,0.0507931323882537,0,0,1,0
img_013531.jpg,1782803185.361533,30,0.12032968179719342,0,0,1,0
img_013532.jpg,1782803185.4226694,30,0.07930706996506558,0,0,1,0
img_013533.jpg,1782803185.5177858,30,0.15296250436786032,0,0,1,0
img_013534.jpg,1782803185.6041994,30,0.1239091204731044,0,0,1,0
img_013535.jpg,1782803185.6819036,30,0.16487667956843555,0,0,1,0
img_013536.jpg,1782803185.766899,30,0.19033562158672385,0,0,1,0
img_013537.jpg,1782803185.86001,30,0.156355099341953,0,0,1,0
img_013538.jpg,1782803185.9399498,30,0.25635509934195294,0,0,1,0
img_013539.jpg,1782803186.003694,30,0.35635509934195303,0,0,1,0
img_013540.jpg,1782803186.0940335,30,0.4563550993419531,0,0,1,0
img_013541.jpg,1782803186.196809,30,0.5563550993419532,0,0,1,0
img_013542.jpg,1782803186.2795393,30,0.6563550993419532,0,0,1,0
img_013543.jpg,1782803186.3617182,30,0.6774466913945971,0,0,1,0
img_013544.jpg,1782803186.428698,30,0.4464925972511514,0,0,1,0
img_013545.jpg,1782803186.5241628,30,0.4907731894710594,0,0,1,0
img_013546.jpg,1782803186.6019526,30,0.36591431709381317,0,0,1,0
img_013547.jpg,1782803186.6818516,30,0.24116736547087822,0,0,1,0
img_013548.jpg,1782803186.767112,30,0.22165013348378723,0,0,1,0
img_013549.jpg,1782803186.855347,30,0.14608550759397781,0,0,1,0
img_013550.jpg,1782803186.9361866,30,0.1836467736275428,0,0,1,0
img_013551.jpg,1782803187.0039406,30,0.12103819529320653,0,0,1,0
img_013552.jpg,1782803187.0976357,30,0.07977403811922563,0,0,1,0
img_013553.jpg,1782803187.1810327,30,0.09597508619498359,0,0,1,0
img_013554.jpg,1782803187.2708235,30,0.06325540599864109,0,0,1,0
img_013555.jpg,1782803187.3387363,30,0.0416904693362188,0,0,1,0
img_013556.jpg,1782803187.4359655,30,0.0952868132461756,0,0,1,0
img_013557.jpg,1782803187.5193076,30,0.08259066139039496,0,0,1,0
img_013558.jpg,1782803187.5990562,30,0.054433978911276944,0,0,1,0
img_013559.jpg,1782803187.666132,30,0.12367926059837481,0,0,1,0
img_013560.jpg,1782803187.7632346,30,0.08151471546342663,0,0,1,0
img_013561.jpg,1782803187.845595,30,0.05372484283084983,0,0,1,0
img_013562.jpg,1782803187.9284449,30,0.03540905124663711,0,0,1,0
img_013563.jpg,1782803188.0212522,30,0.02333745143070045,0,0,1,0
img_013564.jpg,1782803188.1088936,30,0.05817259337966928,0,0,1,0
img_013565.jpg,1782803188.173223,30,0.15817259337966927,0,0,0,1
img_013566.jpg,1782803188.2638302,30,0.1276415915621377,0,0,0,1
img_013567.jpg,1782803188.3664198,30,0.084126214590446,0,0,0,1
img_013568.jpg,1782803188.4534607,30,0.05544603365332123,0,0,0,1
img_013569.jpg,1782803188.5236182,30,0.03654345631562942,0,0,0,1
img_013570.jpg,1782803188.6095734,30,0.024085116851497706,0,0,0,1
img_013571.jpg,1782803188.7044518,30,0.0158740555009351,0,0,0,1
img_013572.jpg,1782803188.783312,30,0.07343580057599147,0,0,0,1
img_013573.jpg,1782803188.8635504,30,0.1129400616075192,0,0,0,1
img_013574.jpg,1782803188.9627595,30,0.07443670783458561,0,0,0,1
img_013575.jpg,1782803189.0437837,30,0.14848177120781877,0,0,0,1
img_013576.jpg,1782803189.1232133,30,0.09786159193508312,0,0,0,1
img_013577.jpg,1782803189.2128346,30,0.09010735551668635,0,0,0,1
img_013578.jpg,1782803189.3108244,30,0.07888013433637128,0,0,0,1
img_013579.jpg,1782803189.3828688,30,0.051988439088636214,0,0,0,1
img_013580.jpg,1782803189.4695997,30,0.05281791176448781,0,0,0,1
img_013581.jpg,1782803189.5684485,30,0.034811309737981834,0,0,0,1
img_013582.jpg,1782803189.6332703,30,0.08024829256222783,0,0,0,1
img_013583.jpg,1782803189.7237957,30,0.05289016689611235,0,0,0,1
img_013584.jpg,1782803189.8143408,30,0.03485893176019196,0,0,0,1
img_013585.jpg,1782803189.9107404,30,0.022974877841632182,0,0,0,1
img_013586.jpg,1782803189.9929204,30,0.10113688761430162,0,0,0,1
img_013587.jpg,1782803190.0635335,30,0.10990160074260531,0,0,0,1
img_013588.jpg,1782803190.1732664,30,0.09873273306473324,0,0,0,1
img_013589.jpg,1782803190.2531369,30,0.08505929408913412,0,0,0,1
img_013590.jpg,1782803190.3408716,30,0.05606100911058328,0,0,0,1
img_013591.jpg,1782803190.411235,30,0.0982340381111977,0,0,0,1
img_013592.jpg,1782803190.5100079,30,0.06474423946841505,0,0,0,1
img_013593.jpg,1782803190.593164,30,0.13956470031094184,0,0,0,1
img_013594.jpg,1782803190.6645217,30,0.09198451526588708,0,0,0,1
img_013595.jpg,1782803190.751875,30,0.11162723822336308,0,0,0,1
img_013596.jpg,1782803190.85315,30,0.09429682680746025,0,0,0,1
img_013597.jpg,1782803190.9127505,30,0.08755358287520382,0,0,0,1
img_013598.jpg,1782803191.0002017,30,0.12488935254557253,0,0,0,1
img_013599.jpg,1782803191.0865767,30,0.08231226470719775,0,0,0,1
img_013600.jpg,1782803191.187126,30,0.18231226470719775,0,0,0,1
img_013601.jpg,1782803191.257814,30,0.12015864512126152,0,0,0,1
img_013602.jpg,1782803191.3378303,30,0.1335660950521849,0,0,0,1
img_013603.jpg,1782803191.431666,30,0.16383434285216927,0,0,0,1
img_013604.jpg,1782803191.513066,30,0.1373697698255204,0,0,0,1
img_013605.jpg,1782803191.578653,30,0.16705377318032044,0,0,0,1
img_013606.jpg,1782803191.6616695,30,0.11010205528399292,0,0,0,1
img_013607.jpg,1782803191.7567995,30,0.07256623030402468,0,0,0,1
img_013608.jpg,1782803191.8428211,30,0.047827061601658595,0,0,0,1
img_013609.jpg,1782803191.9099743,30,0.031521932610601384,0,0,0,1
img_013610.jpg,1782803191.994904,30,0.020775523359202918,0,0,0,1
img_013611.jpg,1782803192.0932124,30,0.013692763580860643,0,0,0,1
img_013612.jpg,1782803192.1783395,30,0.0,0,0,0,1
img_013613.jpg,1782803192.2438743,30,0.06,0,0,0,1
img_013614.jpg,1782803192.341036,30,0.12880000000000003,0,0,0,1
img_013615.jpg,1782803192.4275749,30,0.08488970018816004,0,0,0,1
img_013616.jpg,1782803192.5107281,30,0.13185064223925866,0,0,0,1
img_013617.jpg,1782803192.578144,30,0.10878473107168354,0,0,0,1
img_013618.jpg,1782803192.6866064,30,0.07169800625562757,0,0,0,1
img_013619.jpg,1782803192.7549903,30,0.047254831173362155,0,0,0,1
img_013620.jpg,1782803192.8393505,30,0.031144786108298378,0,0,0,1
img_013621.jpg,1782803192.9166524,30,0.020526953067995502,0,0,0,1
img_013622.jpg,1782803193.008509,30,0.09888479682255587,0,0,0,1
img_013623.jpg,1782803193.0889902,30,0.0851682314947094,0,0,0,1
img_013624.jpg,1782803193.1504476,30,0.05613280774178329,0,0,0,1
img_013625.jpg,1782803193.229137,30,0.10271080847264538,0,0,0,1
img_013626.jpg,1782803193.3213658,30,0.0676947960972546,0,0,0,1
img_013627.jpg,1782803193.4020522,30,0.14227921240947425,0,0,0,1
img_013628.jpg,1782803193.4616225,30,0.14193863535270868,0,0,0,1
img_013629.jpg,1782803193.535954,30,0.09354913198919262,0,0,0,1
img_013630.jpg,1782803193.6215625,30,0.13917998531565265,0,0,0,1
img_013631.jpg,1782803193.703001,30,0.091730956720794,0,0,0,1
img_013632.jpg,1782803193.7782822,30,0.11142979522700165,0,0,0,1
img_013633.jpg,1782803193.8693326,30,0.1179165643857235,0,0,0,1
img_013634.jpg,1782803193.956099,30,0.10447459659331906,0,0,0,1
img_013635.jpg,1782803194.039361,30,0.08917272469829379,0,0,0,1
img_013636.jpg,1782803194.1120894,30,0.058772095222045746,0,0,0,1
img_013637.jpg,1782803194.1968858,30,0.038735602040601363,0,0,0,1
img_013638.jpg,1782803194.2873201,30,0.025529919594988577,0,0,0,1
img_013639.jpg,1782803194.3657537,30,0.0168262982938386,0,0,0,1
img_013640.jpg,1782803194.442976,30,0.011089902309320708,0,0,0,1
img_013641.jpg,1782803194.529015,30,0.0,0,0,0,1
img_013642.jpg,1782803194.6138122,30,0.0,0,0,0,1
img_013643.jpg,1782803194.6758807,30,0.0,0,0,0,1
img_013644.jpg,1782803194.7657814,30,0.0,0,0,0,1
img_013645.jpg,1782803194.8583171,30,0.0,0,0,0,1
img_013646.jpg,1782803194.9404447,30,0.0,0,0,0,1
img_013647.jpg,1782803195.016176,30,0.0,0,0,0,1
img_013648.jpg,1782803195.1029668,30,0.0,0,0,0,1
img_013649.jpg,1782803195.199274,30,0.0,0,0,0,1
img_013650.jpg,1782803195.2818422,30,0.0,0,0,0,1
img_013651.jpg,1782803195.3673384,30,0.0,0,0,0,1
img_013652.jpg,1782803195.4579122,30,0.0,0,0,0,1
img_013653.jpg,1782803195.5332367,30,0.0,0,0,0,1
img_013654.jpg,1782803195.6132333,30,0.0,0,0,0,1
img_013655.jpg,1782803195.699414,30,0.0,0,0,0,1
img_013656.jpg,1782803195.7809892,30,0.0,0,0,0,1
img_013657.jpg,1782803195.8432002,30,0.0,0,0,0,1
img_013658.jpg,1782803195.9316509,30,-0.04,0,0,0,1
img_013659.jpg,1782803196.0213668,30,-0.06229504000000001,0,0,0,1
img_013660.jpg,1782803196.107983,30,-0.04105750985100494,0,0,0,1
img_013661.jpg,1782803196.1867642,30,-0.027060246131399342,0,0,0,1
img_013662.jpg,1782803196.2704558,30,-0.017834908238449593,0,0,0,1
img_013663.jpg,1782803196.355554,30,-0.01175465848792959,0,0,0,1
img_013664.jpg,1782803196.4302056,30,0.0,0,0,0,1
img_013665.jpg,1782803196.51435,30,-0.04,0,0,0,1
img_013666.jpg,1782803196.6017087,30,-0.06229504000000001,0,0,0,1
img_013667.jpg,1782803196.687444,30,-0.04105750985100494,0,0,0,1
img_013668.jpg,1782803196.7693841,30,-0.0947510763378906,0,0,0,1
img_013669.jpg,1782803196.846346,30,-0.06244868371761642,0,0,0,1
img_013670.jpg,1782803196.9319267,30,-0.04115877358644168,0,0,0,1
img_013671.jpg,1782803197.0239062,30,-0.09483678596356425,0,0,0,1
img_013672.jpg,1782803197.104111,30,-0.06250517334825831,0,0,0,1
img_013673.jpg,1782803197.1818674,30,-0.08867202842420857,0,0,0,1
img_013674.jpg,1782803197.276392,30,-0.07785187611202293,0,0,0,1
img_013675.jpg,1782803197.3590314,30,-0.05131073309188978,0,0,0,1
img_013676.jpg,1782803197.432059,30,-0.033817956122711365,0,0,0,1
img_013677.jpg,1782803197.5207806,30,-0.07940751806226293,0,0,0,1
img_013678.jpg,1782803197.6049743,30,-0.05233602795800777,0,0,0,1
img_013679.jpg,1782803197.680208,30,-0.09949721406365779,0,0,0,1
img_013680.jpg,1782803197.7669654,30,-0.06557677539923205,0,0,0,1
img_013681.jpg,1782803197.8533192,30,-0.04322044101667016,0,0,0,1
img_013682.jpg,1782803197.9314084,30,-0.028485794098642728,0,0,0,1
img_013683.jpg,1782803198.0150595,30,-0.018774460564095024,0,0,0,1
img_013684.jpg,1782803198.1081877,30,-0.07589070342145003,0,0,0,1
img_013685.jpg,1782803198.1951191,30,-0.05001816040772874,0,0,0,1
img_013686.jpg,1782803198.2730527,30,-0.07894854129157348,0,0,0,1
img_013687.jpg,1782803198.3567197,30,-0.07088603838355258,0,0,0,1
img_013688.jpg,1782803198.435883,30,-0.0467196781514455,0,0,0,1
img_013689.jpg,1782803198.518798,30,-0.0731800527403928,0,0,0,1
img_013690.jpg,1782803198.6002133,30,-0.04823162062799443,0,0,0,1
img_013691.jpg,1782803198.6828918,30,-0.054552793467286004,0,0,0,1
img_013692.jpg,1782803198.7757888,30,-0.09695748439071089,0,0,0,1
img_013693.jpg,1782803198.862898,30,-0.06390288649786997,0,0,0,1
img_013694.jpg,1782803198.9417238,30,-0.11408740313179716,0,0,0,1
img_013695.jpg,1782803199.0136065,30,-0.07519289943403736,0,0,0,1
img_013696.jpg,1782803199.0973191,30,-0.049558250692809766,0,0,0,1
img_013697.jpg,1782803199.1852975,30,-0.06973793511548267,0,0,0,1
img_013698.jpg,1782803199.253257,30,-0.0459629845007351,0,0,0,1
img_013699.jpg,1782803199.3532953,30,-0.052927558516915746,0,0,0,1
img_013700.jpg,1782803199.4451854,30,-0.07236157468642011,0,0,0,1
img_013701.jpg,1782803199.5415082,30,-0.04769217686547634,0,0,0,1
img_013702.jpg,1782803199.625579,30,-0.11747680271623824,0,0,0,1
img_013703.jpg,1782803199.7075791,30,-0.07742679007488422,0,0,0,1
img_013704.jpg,1782803199.8030052,30,-0.05103056673904134,0,0,0,1
img_013705.jpg,1782803199.8773813,30,-0.033633303656126635,0,0,0,1
img_013706.jpg,1782803199.953695,30,-0.022167089003928078,0,0,0,1
img_013707.jpg,1782803200.024022,30,-0.06954622413292473,0,0,0,1
img_013708.jpg,1782803200.122325,30,-0.04583663133433664,0,0,0,1
img_013709.jpg,1782803200.2012992,30,-0.11576970082758972,0,0,0,1
img_013710.jpg,1782803200.281044,30,-0.07630167076185615,0,0,0,1
img_013711.jpg,1782803200.3772058,30,-0.05028902138842907,0,0,0,1
img_013712.jpg,1782803200.4514017,30,-0.11986589967735475,0,0,0,1
img_013713.jpg,1782803200.5317233,30,-0.07900139973908937,0,0,0,1
img_013714.jpg,1782803200.6151426,30,-0.05206836287497112,0,0,0,1
img_013715.jpg,1782803200.708312,30,-0.03431729591416631,0,0,0,1
img_013716.jpg,1782803200.7761714,30,-0.02261789566321387,0,0,0,1
img_013717.jpg,1782803200.8623915,30,-0.10080846401015678,0,0,0,1
img_013718.jpg,1782803200.9415052,30,-0.06644099601126652,0,0,0,1
img_013719.jpg,1782803201.0342171,30,-0.06759786179785943,0,0,0,1
img_013720.jpg,1782803201.1057315,30,-0.10799883022570822,0,0,0,1
img_013721.jpg,1782803201.1881099,30,-0.071180033528978,0,0,0,1
img_013722.jpg,1782803201.277925,30,-0.04691344491970591,0,0,0,1
img_013723.jpg,1782803201.3717644,30,-0.03091978473623908,0,0,0,1
img_013724.jpg,1782803201.4390602,30,-0.02037865882097657,0,0,0,1
img_013725.jpg,1782803201.5268412,30,-0.09234836611529845,0,0,0,1
img_013726.jpg,1782803201.6252136,30,-0.06086510180430218,0,0,0,1
img_013727.jpg,1782803201.7102234,30,-0.135995893659958,0,0,0,1
img_013728.jpg,1782803201.7776494,30,-0.11175436000690257,0,0,0,1
img_013729.jpg,1782803201.8639615,30,-0.07365523381759054,0,0,0,1
img_013730.jpg,1782803201.9600365,30,-0.09735444671095195,0,0,0,1
img_013731.jpg,1782803202.0251622,30,-0.06416451702854745,0,0,0,1
img_013732.jpg,1782803202.1151447,30,-0.0422896476185674,0,0,0,1
img_013733.jpg,1782803202.2124343,30,-0.09579395774435545,0,0,0,1
img_013734.jpg,1782803202.2930858,30,-0.08295397613859375,0,0,0,1
img_013735.jpg,1782803202.3764997,30,-0.054673432948920825,0,0,0,1
img_013736.jpg,1782803202.4445918,30,-0.03603424946654781,0,0,0,1
img_013737.jpg,1782803202.5422208,30,-0.106751509509224,0,0,0,1
img_013738.jpg,1782803202.6290698,30,-0.07035794749123868,0,0,0,1
img_013739.jpg,1782803202.7095068,30,-0.04637162320175122,0,0,0,1
img_013740.jpg,1782803202.7851634,30,-0.053220304405507235,0,0,0,1
img_013741.jpg,1782803202.8832276,30,-0.035076519292749395,0,0,0,1
img_013742.jpg,1782803202.964987,30,-0.02311828576401946,0,0,0,1
img_013743.jpg,1782803203.0483177,30,-0.015236834995122826,0,0,0,1
img_013744.jpg,1782803203.1200776,30,-0.010042316417332619,0,0,0,1
img_013745.jpg,1782803203.2190864,30,-0.08,0,0,0,1
img_013746.jpg,1782803203.2983608,30,-0.07163929600000002,0,0,0,1
img_013747.jpg,1782803203.385275,30,-0.0472161363286557,0,0,0,1
img_013748.jpg,1782803203.4856136,30,-0.03111928305110926,0,0,0,1
img_013749.jpg,1782803203.5532703,30,-0.020510144474217038,0,0,0,1
img_013750.jpg,1782803203.6340916,30,-0.013517857261119032,0,0,0,1
img_013751.jpg,1782803203.722213,30,-0.07144151438581116,0,0,0,1
img_013752.jpg,1782803203.8223252,30,-0.04708578212111514,0,0,0,1
img_013753.jpg,1782803203.906586,30,-0.07666513350832692,0,0,0,1
img_013754.jpg,1782803203.9732912,30,-0.06925022112282553,0,0,0,1
img_013755.jpg,1782803204.0716906,30,-0.045641541219568676,0,0,0,1
img_013756.jpg,1782803204.1559858,30,-0.09863100048824294,0,0,0,1
img_013757.jpg,1782803204.2363877,30,-0.10795029650818894,0,0,0,1
img_013758.jpg,1782803204.306357,30,-0.07114804585250883,0,0,0,1
img_013759.jpg,1782803204.406705,30,-0.1154197060095635,0,0,0,1
img_013760.jpg,1782803204.4902616,30,-0.07607099564407932,0,0,0,1
img_013761.jpg,1782803204.571496,30,-0.05013698768044037,0,0,0,1
img_013762.jpg,1782803204.6460025,30,-0.09321994637272474,0,0,0,1
img_013763.jpg,1782803204.746287,30,-0.06143954424795775,0,0,0,1
img_013764.jpg,1782803204.8306658,30,-0.06401485696484543,0,0,0,1
img_013765.jpg,1782803204.9141958,30,-0.06018765206502224,0,0,0,1
img_013766.jpg,1782803204.9998968,30,-0.03966856940084649,0,0,0,1
img_013767.jpg,1782803205.0966988,30,-0.04841828385203785,0,0,0,1
img_013768.jpg,1782803205.1632965,30,-0.031911596271931075,0,0,0,1
img_013769.jpg,1782803205.2444994,30,-0.02103234347864778,0,0,0,1
img_013770.jpg,1782803205.322456,30,-0.03506742280040518,0,0,0,1
img_013771.jpg,1782803205.4123058,30,-0.039449914019553764,0,0,0,1
img_013772.jpg,1782803205.4812195,30,-0.026000709422116536,0,0,0,1
img_013773.jpg,1782803205.5577707,30,-0.03862672518500996,0,0,0,1
img_013774.jpg,1782803205.645203,30,-0.06122568738086504,0,0,0,1
img_013775.jpg,1782803205.7414074,30,-0.040352719297947565,0,0,0,1
img_013776.jpg,1782803205.8131778,30,-0.07142217828468021,0,0,0,1
img_013777.jpg,1782803205.89166,30,-0.08676311316414108,0,0,0,1
img_013778.jpg,1782803205.9832087,30,-0.05718396478179608,0,0,0,1
img_013779.jpg,1782803206.0715253,30,-0.08452846716800723,0,0,0,1
img_013780.jpg,1782803206.139357,30,-0.07488345799875153,0,0,0,1
img_013781.jpg,1782803206.2309608,30,-0.04935430356030039,0,0,0,1
img_013782.jpg,1782803206.3224292,30,-0.0784316039307632,0,0,0,1
img_013783.jpg,1782803206.4031475,30,-0.05169282098570654,0,0,0,1
img_013784.jpg,1782803206.4806015,30,-0.0340697831937644,0,0,0,1
img_013785.jpg,1782803206.566841,30,-0.11134420053826326,0,0,0,1
img_013786.jpg,1782803206.6583874,30,-0.07338490529024483,0,0,0,1
img_013787.jpg,1782803206.7393582,30,-0.04836663515858231,0,0,0,1
img_013788.jpg,1782803206.8046522,30,-0.11809730434589574,0,0,0,1
img_013789.jpg,1782803206.8866582,30,-0.07783575123410696,0,0,0,1
img_013790.jpg,1782803206.9855502,30,-0.05130010548279151,0,0,0,1
img_013791.jpg,1782803207.0579085,30,-0.07109429653818397,0,0,0,1
img_013792.jpg,1782803207.136571,30,-0.04685693725321879,0,0,0,1
img_013793.jpg,1782803207.2261097,30,-0.030882541577338267,0,0,0,1
img_013794.jpg,1782803207.3143268,30,-0.07692298319105911,0,0,0,1
img_013795.jpg,1782803207.3817606,30,-0.05069851693065125,0,0,0,1
img_013796.jpg,1782803207.4742095,30,-0.05632006061155938,0,0,0,1
img_013797.jpg,1782803207.5664382,30,-0.07500327535749397,0,0,0,1
img_013798.jpg,1782803207.6434464,30,-0.04943327296760616,0,0,0,1
img_013799.jpg,1782803207.721271,30,-0.03258055684425126,0,0,0,1
img_013800.jpg,1782803207.8001208,30,-0.07836018331297429,0,0,0,1
img_013801.jpg,1782803207.885694,30,-0.05164574897614632,0,0,0,1
img_013802.jpg,1782803207.9623654,30,-0.05699865098043844,0,0,0,1
img_013803.jpg,1782803208.0490248,30,-0.07553168553465565,0,0,0,1
img_013804.jpg,1782803208.1519165,30,-0.04978153835204427,0,0,0,1
img_013805.jpg,1782803208.2384946,30,-0.10213509406117029,0,0,0,1
img_013806.jpg,1782803208.3004603,30,-0.0673153533660114,0,0,0,1
img_013807.jpg,1782803208.3772697,30,-0.04436630563121705,0,0,0,1
img_013808.jpg,1782803208.4694262,30,-0.09755164108626212,0,0,0,1
img_013809.jpg,1782803208.5482602,30,-0.06429448419779335,0,0,0,1
img_013810.jpg,1782803208.6138592,30,-0.042375306578439985,0,0,0,1
img_013811.jpg,1782803208.696157,30,-0.1189852820521648,0,0,0,1
img_013812.jpg,1782803208.7949157,30,-0.07842100093332241,0,0,0,1
img_013813.jpg,1782803208.881658,30,-0.05168583274600276,0,0,0,1
img_013814.jpg,1782803208.9616523,30,-0.15168583274600275,0,0,0,1
img_013815.jpg,1782803209.031735,30,-0.09997332969409596,0,0,0,1
img_013816.jpg,1782803209.124737,30,-0.09162018958060932,0,0,0,1
img_013817.jpg,1782803209.2029612,30,-0.15789057441416054,0,0,0,1
img_013818.jpg,1782803209.2830808,30,-0.10406276028380791,0,0,0,1
img_013819.jpg,1782803209.3553462,30,-0.12103242267987784,0,0,0,1
img_013820.jpg,1782803209.45546,30,-0.12539401515174872,0,0,0,1
img_013821.jpg,1782803209.5383267,30,-0.08264487850637846,0,0,0,1
img_013822.jpg,1782803209.6210961,30,-0.054469712410662875,0,0,0,1
img_013823.jpg,1782803209.7031279,30,-0.035899981023885634,0,0,0,1
img_013824.jpg,1782803209.7910695,30,-0.1130279825419748,0,0,0,1
img_013825.jpg,1782803209.8682818,30,-0.09530031017607367,0,0,0,1
img_013826.jpg,1782803209.9524953,30,-0.06281067359227911,0,0,0,1
img_013827.jpg,1782803210.0392325,30,-0.11316295412850505,0,0,0,1
img_013828.jpg,1782803210.1193886,30,-0.11926615442441733,0,0,0,1
img_013829.jpg,1782803210.1822116,30,-0.07860611872425141,0,0,0,1
img_013830.jpg,1782803210.2714434,30,-0.1265322188882064,0,0,0,1
img_013831.jpg,1782803210.383161,30,-0.08339504755871491,0,0,0,1
img_013832.jpg,1782803210.4572022,30,-0.05496413497233427,0,0,0,1
img_013833.jpg,1782803210.5340123,30,-0.03622584579893647,0,0,0,1
img_013834.jpg,1782803210.6117241,30,-0.02387578562837138,0,0,0,1
img_013835.jpg,1782803210.7058158,30,-0.10196572277810168,0,0,0,1
img_013836.jpg,1782803210.7775702,30,-0.0672037238827802,0,0,0,1
img_013837.jpg,1782803210.8531,30,-0.04429273270137501,0,0,0,1
img_013838.jpg,1782803210.9365335,30,-0.029192521735512702,0,0,0,1
img_013839.jpg,1782803211.0274963,30,-0.019240251691490823,0,0,0,1
img_013840.jpg,1782803211.0995493,30,-0.04883815310914362,0,0,0,1
img_013841.jpg,1782803211.1871593,30,-0.0321883243414492,0,0,0,1
img_013842.jpg,1782803211.2812212,30,-0.04305948895241085,0,0,0,1
img_013843.jpg,1782803211.3582213,30,-0.06467742733337492,0,0,0,1
img_013844.jpg,1782803211.4273531,30,-0.04262769732353807,0,0,0,1
img_013845.jpg,1782803211.5155761,30,-0.028095127682506042,0,0,0,1
img_013846.jpg,1782803211.6055856,30,-0.018516979547484574,0,0,0,1
img_013847.jpg,1782803211.6813173,30,-0.012204199085219384,0,0,0,1
img_013848.jpg,1782803211.7599685,30,-0.02,0,0,0,1
img_013849.jpg,1782803211.8463092,30,-0.028655718400000006,0,0,0,1
img_013850.jpg,1782803211.9348338,30,-0.040528754925502466,0,0,0,1
img_013851.jpg,1782803212.0166533,30,-0.14052875492550249,0,0,0,1
img_013852.jpg,1782803212.118033,30,-0.09261990584969969,0,0,0,1
img_013853.jpg,1782803212.2253017,30,-0.0863522485065877,0,0,0,1
img_013854.jpg,1782803212.2882311,30,-0.15304406862606065,0,0,0,1
img_013855.jpg,1782803212.3645036,30,-0.10086851786678941,0,0,0,1
img_013856.jpg,1782803212.4395926,30,-0.06648057639857,0,0,0,1
img_013857.jpg,1782803212.5288434,30,-0.0438161195559835,0,0,0,1
img_013858.jpg,1782803212.5904684,30,-0.028878394817670922,0,0,0,1
img_013859.jpg,1782803212.6668875,30,-0.019033216444001542,0,0,0,1
img_013860.jpg,1782803212.7433145,30,-0.012544441285307826,0,0,0,1
img_013861.jpg,1782803212.83243,30,-0.08514088598248322,0,0,0,1
img_013862.jpg,1782803212.898235,30,-0.05611478481993258,0,0,0,1
img_013863.jpg,1782803212.983252,30,-0.03698421785316141,0,0,0,1
img_013864.jpg,1782803213.0740416,30,-0.024375614637022265,0,0,0,1
img_013865.jpg,1782803213.163604,30,-0.01606551722390485,0,0,0,1
img_013866.jpg,1782803213.242455,30,-0.010588485562927047,0,0,0,1
img_013867.jpg,1782803213.3251562,30,0.0,0,0,0,1
img_013868.jpg,1782803213.4116478,30,-0.06,0,0,0,1
img_013869.jpg,1782803213.512668,30,-0.03954489139200001,0,0,0,1
img_013870.jpg,1782803213.597561,30,-0.026063307253417937,0,0,0,1
img_013871.jpg,1782803213.6791923,30,-0.017177844244212304,0,0,0,1
img_013872.jpg,1782803213.7925057,30,-0.04723218117883719,0,0,0,1
img_013873.jpg,1782803213.853493,30,-0.0311298579154064,0,0,0,1
img_013874.jpg,1782803213.939113,30,-0.02051711417188563,0,0,0,1
img_013875.jpg,1782803214.0267994,30,-0.01352245086007469,0,0,0,1
img_013876.jpg,1782803214.1202698,30,-0.09244065479126873,0,0,0,1
img_013877.jpg,1782803214.180014,30,-0.06092592756543478,0,0,0,1
img_013878.jpg,1782803214.2621868,30,-0.04015515314219963,0,0,0,1
img_013879.jpg,1782803214.356268,30,-0.026465519497290212,0,0,0,1
img_013880.jpg,1782803214.4404979,30,-0.017442934902553334,0,0,0,1
img_013881.jpg,1782803214.5175064,30,-0.0114963161046533,0,0,0,1
img_013882.jpg,1782803214.5968113,30,0.0,0,0,0,1
img_013883.jpg,1782803214.6869028,30,0.0,0,0,0,1
img_013884.jpg,1782803214.7557034,30,0.0,0,0,0,1
img_013885.jpg,1782803214.8373697,30,0.0,0,0,0,1
img_013886.jpg,1782803214.9279542,30,0.0,0,0,0,1
img_013887.jpg,1782803215.016666,30,0.0,0,0,0,1
img_013888.jpg,1782803215.0955935,30,0.0,0,0,0,1
img_013889.jpg,1782803215.1723347,30,0.0,0,0,0,1
img_013890.jpg,1782803215.2463396,30,0.0,0,0,0,1
img_013891.jpg,1782803215.3455606,30,0.0,0,0,0,1
img_013892.jpg,1782803215.4282134,30,0.0,0,0,0,1
img_013893.jpg,1782803215.506979,30,0.0,0,0,0,1
img_013894.jpg,1782803215.5965052,30,0.0,0,0,0,1
img_013895.jpg,1782803215.6909595,30,0.0,0,0,0,1
img_013896.jpg,1782803215.7649145,30,0.0,0,0,0,1
img_013897.jpg,1782803215.8401446,30,0.0,0,0,0,1
img_013898.jpg,1782803215.9246008,30,0.0,0,0,0,1
img_013899.jpg,1782803216.0076869,30,0.0,0,0,0,1
img_013900.jpg,1782803216.091407,30,0.0,0,0,0,1
img_013901.jpg,1782803216.1865203,30,0.0,0,0,0,1
img_013902.jpg,1782803216.2805526,30,0.0,0,0,0,1
img_013903.jpg,1782803216.356996,30,0.0,0,0,0,1
img_013904.jpg,1782803220.916026,30,0.0,0,0,0,1
img_013905.jpg,1782803221.006633,30,0.0,0,0,0,1
img_013906.jpg,1782803221.09182,30,0.0,0,0,0,1
img_013907.jpg,1782803221.1713083,30,0.0,0,0,0,1
img_013908.jpg,1782803221.2699745,30,0.0,0,0,0,1
img_013909.jpg,1782803221.334641,30,0.0,0,0,0,1
img_013910.jpg,1782803221.414574,30,0.0,0,0,0,1
img_013911.jpg,1782803221.505779,30,0.0,0,0,0,1
img_013912.jpg,1782803221.5944018,30,0.0,0,0,0,1
img_013913.jpg,1782803221.6757984,30,0.0,1,0,0,0
img_013914.jpg,1782803221.7539065,30,0.0,1,0,0,0
img_013915.jpg,1782803221.8471298,30,0.0,1,0,0,0
img_013916.jpg,1782803221.931176,30,0.0,1,0,0,0
img_013917.jpg,1782803221.994599,30,-0.1,1,0,0,0
img_013918.jpg,1782803222.0715396,30,-0.13542400000000002,1,0,0,0
img_013919.jpg,1782803222.163368,30,-0.08925545619783683,1,0,0,0
img_013920.jpg,1782803222.2493188,30,-0.16211501970200987,1,0,0,0
img_013921.jpg,1782803222.3305,30,-0.10684701411879868,1,0,0,0
img_013922.jpg,1782803222.4086258,30,-0.07042089281478976,1,0,0,0
img_013923.jpg,1782803222.5072303,30,-0.04641310930147559,1,0,0,0
img_013924.jpg,1782803222.591403,30,-0.030590022774864625,1,0,0,0
img_013925.jpg,1782803222.6757474,30,-0.020161318805180472,1,0,0,0
img_013926.jpg,1782803222.765808,30,-0.013287952707839154,1,0,0,0
img_013927.jpg,1782803222.8284736,30,0.0,1,0,0,0
img_013928.jpg,1782803222.9062774,30,-0.08,1,0,0,0
img_013929.jpg,1782803222.9884868,30,-0.07163929600000002,1,0,0,0
img_013930.jpg,1782803223.0763247,30,-0.0472161363286557,1,0,0,0
img_013931.jpg,1782803223.1587892,30,-0.09996373778857419,1,0,0,0
img_013932.jpg,1782803223.229398,30,-0.10898808305110926,1,0,0,0
img_013933.jpg,1782803223.3141737,30,-0.09807829542171001,1,0,0,0
img_013934.jpg,1782803223.409763,30,-0.13379746924493535,1,0,0,0
img_013935.jpg,1782803223.4926138,30,-0.08818343983025717,1,0,0,0
img_013936.jpg,1782803223.5755713,30,-0.10866738639454332,1,0,0,0
img_013937.jpg,1782803223.6647978,30,-0.09217640979465062,1,0,0,0
img_013938.jpg,1782803223.7528243,30,-0.08603453105496277,1,0,0,0
img_013939.jpg,1782803223.825489,30,-0.15275176857056572,1,0,0,0
img_013940.jpg,1782803223.884898,30,-0.10067586830098234,1,0,0,0
img_013941.jpg,1782803223.9784055,30,-0.11839509053555536,1,0,0,0
img_013942.jpg,1782803224.0584316,30,-0.0991452685582345,1,0,0,0
img_013943.jpg,1782803224.1385558,30,-0.06534481461943427,1,0,0,0
img_013944.jpg,1782803224.2138236,30,-0.16534481461943426,1,0,0,0
img_013945.jpg,1782803224.3036325,30,-0.10897571227259838,1,0,0,0
img_013946.jpg,1782803224.3835282,30,-0.1248580794381251,1,0,0,0
img_013947.jpg,1782803224.459297,30,-0.12837300816151476,1,0,0,0
img_013948.jpg,1782803224.5357478,30,-0.08460827775685718,1,0,0,0
img_013949.jpg,1782803224.6437035,30,-0.1514396155363086,1,0,0,0
img_013950.jpg,1782803224.7097788,30,-0.09981105248049268,1,0,0,0
img_013951.jpg,1782803224.783742,30,-0.09150393532721551,1,0,0,0
img_013952.jpg,1782803224.8716884,30,-0.1024005363920788,1,0,0,0
img_013953.jpg,1782803224.9601302,30,-0.09335902337150906,1,0,0,0
img_013954.jpg,1782803225.0294876,30,-0.15949030150178833,1,0,0,0
img_013955.jpg,1782803225.1100998,30,-0.10511711084942595,1,0,0,0
img_013956.jpg,1782803225.1933992,30,-0.17670774198147185,1,0,0,0
img_013957.jpg,1782803225.281644,30,-0.27670774198147186,1,0,0,0
img_013958.jpg,1782803225.3510642,30,-0.18237296006638107,1,0,0,0
img_013959.jpg,1782803225.431911,30,-0.15065070468591651,1,0,0,0
img_013960.jpg,1782803225.5207539,30,-0.14845741593046696,1,0,0,0
img_013961.jpg,1782803225.608139,30,-0.09784553982178815,1,0,0,0
img_013962.jpg,1782803225.6850727,30,-0.0900958558957287,1,0,0,0
img_013963.jpg,1782803225.7640862,30,-0.19009585589572867,1,0,0,0
img_013964.jpg,1782803225.8462577,30,-0.12528866625776458,1,0,0,0
img_013965.jpg,1782803225.937486,30,-0.16604432712057193,1,0,0,0
img_013966.jpg,1782803226.0015159,30,-0.1332808461971148,1,0,0,0
img_013967.jpg,1782803226.0887513,30,-0.08784294312497937,1,0,0,0
img_013968.jpg,1782803226.1854093,30,-0.05789566075718239,1,0,0,0
img_013969.jpg,1782803226.263611,30,-0.1578956607571824,1,0,0,0
img_013970.jpg,1782803226.3448737,30,-0.12744319898099374,1,0,0,0
img_013971.jpg,1782803226.4085162,30,-0.08399545770587406,1,0,0,0
img_013972.jpg,1782803226.501804,30,-0.15087582108940414,1,0,0,0
img_013973.jpg,1782803226.584672,30,-0.09943946597765518,1,0,0,0
img_013974.jpg,1782803226.6659563,30,-0.06553871470274757,1,0,0,0
img_013975.jpg,1782803226.7330875,30,-0.043195355914857105,1,0,0,0
img_013976.jpg,1782803226.8292067,30,-0.07363570530662826,1,0,0,0
img_013977.jpg,1782803226.915774,30,-0.08848676009380776,1,0,0,0
img_013978.jpg,1782803226.9945142,30,-0.058319988625659805,1,0,0,0
img_013979.jpg,1782803227.0858684,30,-0.10936203837275847,1,0,0,0
img_013980.jpg,1782803227.1658204,30,-0.09267405358149404,1,0,0,0
img_013981.jpg,1782803227.2220592,30,-0.06107975639560952,1,0,0,0
img_013982.jpg,1782803227.3055925,30,-0.13619337588396077,1,0,0,0
img_013983.jpg,1782803227.3834505,30,-0.13719966748032966,1,0,0,0
img_013984.jpg,1782803227.473409,30,-0.0904257658254692,1,0,0,0
img_013985.jpg,1782803227.553446,30,-0.05959795147677677,1,0,0,0
img_013986.jpg,1782803227.6370897,30,-0.07755572963954836,1,0,0,0
img_013987.jpg,1782803227.7351704,30,-0.05111554842372093,1,0,0,0
img_013988.jpg,1782803227.816613,30,-0.03368931351430935,1,0,0,0
img_013989.jpg,1782803227.8925576,30,-0.022204004066573354,1,0,0,0
img_013990.jpg,1782803227.9721887,30,-0.014634248821336165,1,0,0,0
img_013991.jpg,1782803228.0705917,30,0.0,1,0,0,0
img_013992.jpg,1782803228.153538,30,0.0,1,0,0,0
img_013993.jpg,1782803228.2156196,30,0.0,1,0,0,0
img_013994.jpg,1782803228.291379,30,0.0,1,0,0,0
img_013995.jpg,1782803228.3837333,30,0.0,1,0,0,0
img_013996.jpg,1782803228.4712274,30,0.0,1,0,0,0
img_013997.jpg,1782803228.5555193,30,0.0,1,0,0,0
img_013998.jpg,1782803228.652885,30,0.0,1,0,0,0
img_013999.jpg,1782803228.7355275,30,0.0,1,0,0,0
img_014000.jpg,1782803228.8147104,30,0.0,1,0,0,0
img_014001.jpg,1782803228.8805501,30,0.0,1,0,0,0
img_014002.jpg,1782803228.988922,30,0.0,1,0,0,0
img_014003.jpg,1782803229.0576138,30,0.0,1,0,0,0
img_014004.jpg,1782803229.1299813,30,0.0,1,0,0,0
img_014005.jpg,1782803229.2075753,30,0.0,1,0,0,0
img_014006.jpg,1782803229.2967649,30,0.0,1,0,0,0
img_014007.jpg,1782803229.362474,30,0.0,1,0,0,0
img_014008.jpg,1782803229.4695885,30,0.0,1,0,0,0
img_014009.jpg,1782803229.5536535,30,0.0,1,0,0,0
img_014010.jpg,1782803230.511676,30,0.0,1,0,0,0
img_014011.jpg,1782803230.6166403,30,0.0,1,0,0,0
img_014012.jpg,1782803230.6739042,30,0.0,0,0,0,1
img_014013.jpg,1782803230.7795787,30,0.0,0,0,0,1
img_014014.jpg,1782803230.8786714,30,0.02,0,0,0,1
img_014015.jpg,1782803230.960008,30,0.12000000000000001,0,0,0,1
img_014016.jpg,1782803231.0450957,30,0.07908978278400002,0,0,0,1
img_014017.jpg,1782803231.1371477,30,0.052126614506835874,0,0,0,1
img_014018.jpg,1782803231.195343,30,0.03435568848842461,0,0,0,1
img_014019.jpg,1782803231.2998261,30,0.04461217336906044,0,0,0,1
img_014020.jpg,1782803231.3890994,30,0.08854374353957278,0,0,0,1
img_014021.jpg,1782803231.4706447,30,0.058357545361891805,0,0,0,1
img_014022.jpg,1782803231.5487092,30,0.1583575453618918,0,0,0,1
img_014023.jpg,1782803231.6207645,30,0.10437053220732878,0,0,0,1
img_014024.jpg,1782803231.6957932,30,0.09477031450478363,0,0,0,1
img_014025.jpg,1782803231.7795613,30,0.10494402666110098,0,0,0,1
img_014026.jpg,1782803231.8716466,30,0.06916666894253985,0,0,0,1
img_014027.jpg,1782803231.9677215,30,0.08500677510552848,0,0,0,1
img_014028.jpg,1782803232.0624058,30,0.05602639481887156,0,0,0,1
img_014029.jpg,1782803232.140997,30,0.03692596163662646,0,0,0,1
img_014030.jpg,1782803232.2301555,30,0.04645349895770928,0,0,0,1
img_014031.jpg,1782803232.3107462,30,0.1464534989577093,0,0,0,1
img_014032.jpg,1782803232.3996603,30,0.11924611482067025,0,0,0,1
img_014033.jpg,1782803232.4772308,30,0.07859291099168947,0,0,0,1
img_014034.jpg,1782803232.5599937,30,0.05179913548912472,0,0,0,1
img_014035.jpg,1782803232.6524196,30,0.034139853118615504,0,0,0,1
img_014036.jpg,1782803232.732796,30,0.022500946395241382,0,0,0,1
img_014037.jpg,1782803232.806675,30,0.014829958023617243,0,0,0,1
img_014038.jpg,1782803232.8723748,30,0.0,0,0,0,1
img_014039.jpg,1782803232.969911,30,0.0184,0,0,0,1
img_014040.jpg,1782803233.053721,30,0.012127100026880003,0,0,0,1
img_014041.jpg,1782803233.1287603,30,0.0,0,0,0,1
img_014042.jpg,1782803233.199896,30,0.0,0,0,0,1
img_014043.jpg,1782803233.2871811,30,0.06,0,0,0,1
img_014044.jpg,1782803233.3770359,30,0.07786880000000002,0,0,0,1
img_014045.jpg,1782803233.4585595,30,0.07578466012364803,0,0,0,1
img_014046.jpg,1782803233.5388658,30,0.17578466012364802,0,0,0,1
img_014047.jpg,1782803233.6268234,30,0.11585642154948825,0,0,0,1
img_014048.jpg,1782803233.694719,30,0.1302160051835279,0,0,0,1
img_014049.jpg,1782803233.7782545,30,0.19339872476884565,0,0,0,1
img_014050.jpg,1782803233.862447,30,0.1274655261055884,0,0,0,1
img_014051.jpg,1782803233.9553716,30,0.1331118755921084,0,0,0,1
img_014052.jpg,1782803234.0376828,30,0.08773157772125573,0,0,0,1
img_014053.jpg,1782803234.1167235,30,0.08285028464920045,0,0,0,1
img_014054.jpg,1782803234.2008388,30,0.07368121985668329,0,0,0,1
img_014055.jpg,1782803234.294781,30,0.048561930614376914,0,0,0,1
img_014056.jpg,1782803234.3577456,30,0.032006271198856254,0,0,0,1
img_014057.jpg,1782803234.4388773,30,0.021094741973694476,0,0,0,1
img_014058.jpg,1782803234.5212955,30,0.12109474197369449,0,0,0,1
img_014059.jpg,1782803234.6055915,30,0.10107927984297124,0,0,0,1
img_014060.jpg,1782803234.6872365,30,0.1187092222623636,0,0,0,1
img_014061.jpg,1782803234.7859547,30,0.1235849668650354,0,0,0,1
img_014062.jpg,1782803234.8748503,30,0.10853540022394464,0,0,0,1
img_014063.jpg,1782803234.9557352,30,0.14264836274954673,0,0,0,1
img_014064.jpg,1782803235.0256267,30,0.0940169002029574,0,0,0,1
img_014065.jpg,1782803235.11064,30,0.08735304542642126,0,0,0,1
img_014066.jpg,1782803235.198101,30,0.09916828823700913,0,0,0,1
img_014067.jpg,1782803235.2812672,30,0.06535998646438462,0,0,0,1
img_014068.jpg,1782803235.3693032,30,0.14013118754723386,0,0,0,1
img_014069.jpg,1782803235.4637473,30,0.09235787653645577,0,0,0,1
img_014070.jpg,1782803235.54276,30,0.06087136994716483,0,0,0,1
img_014071.jpg,1782803235.6151626,30,0.11152152752328033,0,0,0,1
img_014072.jpg,1782803235.675926,30,0.1451758208957045,0,0,0,1
img_014073.jpg,1782803235.7484658,30,0.09568270116775132,0,0,0,1
img_014074.jpg,1782803235.8394036,30,0.14098583826838473,0,0,0,1
img_014075.jpg,1782803235.917732,30,0.09292116103555588,0,0,0,1
img_014076.jpg,1782803236.0000906,30,0.08656806560089855,0,0,0,1
img_014077.jpg,1782803236.0872061,30,0.0985570338666325,0,0,0,1
img_014078.jpg,1782803236.1558347,30,0.06495712000289416,0,0,0,1
img_014079.jpg,1782803236.2401748,30,0.13976055040266264,0,0,0,1
img_014080.jpg,1782803236.3291347,30,0.1144513335941927,0,0,0,1
img_014081.jpg,1782803236.4358318,30,0.12912188005379474,0,0,0,1
img_014082.jpg,1782803236.5256891,30,0.08510184538430275,0,0,0,1
img_014083.jpg,1782803236.5836298,30,0.08096636291632299,0,0,0,1
img_014084.jpg,1782803236.6679049,30,0.11931392957237578,0,0,0,1
img_014085.jpg,1782803236.7595105,30,0.07863760644153898,0,0,0,1
img_014086.jpg,1782803236.8395624,30,0.17863760644153898,0,0,0,1
img_014087.jpg,1782803236.904039,30,0.11773674575429167,0,0,0,1
img_014088.jpg,1782803236.9996495,30,0.1316801910779179,0,0,0,1
img_014089.jpg,1782803237.1027088,30,0.1086626210596752,0,0,0,1
img_014090.jpg,1782803237.1665728,30,0.07161752580291512,0,0,0,1
img_014091.jpg,1782803237.249008,30,0.047201787994000606,0,0,0,1
img_014092.jpg,1782803237.332705,30,0.0311098263288494,0,0,0,1
img_014093.jpg,1782803237.4137979,30,0.02050391172330553,0,0,0,1
img_014094.jpg,1782803237.4884408,30,0.06813851088260581,0,0,0,1
img_014095.jpg,1782803237.5888927,30,0.04490883354108762,0,0,0,1
img_014096.jpg,1782803237.682944,30,0.029598582415395282,0,0,0,1
img_014097.jpg,1782803237.762948,30,0.019507878782899463,0,0,0,1
img_014098.jpg,1782803237.840899,30,0.012857282462634343,0,0,0,1
img_014099.jpg,1782803237.939427,30,0.06608240387637371,0,0,0,1
img_014100.jpg,1782803238.0336583,30,0.04355369140355798,0,0,0,1
img_014101.jpg,1782803238.1097653,30,0.02870543327123974,0,0,0,1
img_014102.jpg,1782803238.1836505,30,0.018919220684524653,0,0,0,1
img_014103.jpg,1782803239.8359163,30,0.0,0,0,0,1
img_014104.jpg,1782803239.914137,30,0.0,0,0,0,1
img_014105.jpg,1782803239.9972515,30,0.0,0,1,0,0
img_014106.jpg,1782803240.0937498,30,0.0,0,1,0,0
img_014107.jpg,1782803240.1716619,30,0.0,0,1,0,0
img_014108.jpg,1782803240.2549367,30,0.0,0,1,0,0
img_014109.jpg,1782803240.3408635,30,0.0,0,1,0,0
img_014110.jpg,1782803240.4271,30,0.0,0,1,0,0
img_014111.jpg,1782803240.5210507,30,0.0,0,1,0,0
img_014112.jpg,1782803240.5974476,30,0.0,0,1,0,0
img_014113.jpg,1782803240.6802793,30,0.0,0,1,0,0
img_014114.jpg,1782803240.7658787,30,0.0,0,1,0,0
img_014115.jpg,1782803240.850092,30,0.0,0,1,0,0
img_014116.jpg,1782803240.9167576,30,0.0,0,1,0,0
img_014117.jpg,1782803241.0029173,30,0.0,0,1,0,0
img_014118.jpg,1782803241.0779061,30,0.0,0,1,0,0
img_014119.jpg,1782803241.1592076,30,0.0,0,1,0,0
img_014120.jpg,1782803241.252632,30,0.0,0,1,0,0
img_014121.jpg,1782803241.3473084,30,0.0,0,1,0,0
img_014122.jpg,1782803241.4308727,30,0.0,0,1,0,0
img_014123.jpg,1782803241.515763,30,0.0,0,1,0,0
img_014124.jpg,1782803241.5929785,30,0.0,0,1,0,0
img_014125.jpg,1782803241.6785839,30,0.0,0,1,0,0
img_014126.jpg,1782803241.7538826,30,0.0,0,1,0,0
img_014127.jpg,1782803241.8321667,30,0.04,0,1,0,0
img_014128.jpg,1782803241.9141054,30,0.0429835776,0,1,0,0
img_014129.jpg,1782803242.0088942,30,0.028329681797193407,0,1,0,0
img_014130.jpg,1782803242.100998,30,0.01867156983066555,0,1,0,0
img_014131.jpg,1782803242.181059,30,0.012306086684530218,0,1,0,0
img_014132.jpg,1782803242.2684045,30,0.0,0,1,0,0
img_014133.jpg,1782803242.3322005,30,0.0,0,1,0,0
img_014134.jpg,1782803242.4113982,30,0.0,0,1,0,0
img_014135.jpg,1782803242.4922576,30,0.0,0,1,0,0
img_014136.jpg,1782803242.5839202,30,0.0,0,1,0,0
img_014137.jpg,1782803242.6601586,30,0.0,0,1,0,0
img_014138.jpg,1782803242.748769,30,0.0,0,1,0,0
img_014139.jpg,1782803242.8357332,30,0.0,0,1,0,0
img_014140.jpg,1782803242.9311159,30,0.0,0,1,0,0
img_014141.jpg,1782803243.0062785,30,0.0,0,1,0,0
img_014142.jpg,1782803243.084341,30,0.0,0,1,0,0
img_014143.jpg,1782803243.1719089,30,0.0,0,1,0,0
img_014144.jpg,1782803243.2623909,30,0.0,0,1,0,0
img_014145.jpg,1782803243.3426788,30,0.0,0,1,0,0
img_014146.jpg,1782803243.406162,30,0.0,0,1,0,0
img_014147.jpg,1782803243.513863,30,0.0,0,1,0,0
img_014148.jpg,1782803243.5739067,30,0.0,0,1,0,0
img_014149.jpg,1782803243.6550558,30,0.0,0,1,0,0
img_014150.jpg,1782803243.7341173,30,0.0,0,1,0,0
img_014151.jpg,1782803243.8269746,30,0.0,0,1,0,0
img_014152.jpg,1782803243.9103374,30,0.0,0,1,0,0
img_014153.jpg,1782803243.9940262,30,0.0,0,1,0,0
img_014154.jpg,1782803244.0751958,30,0.0,0,1,0,0
img_014155.jpg,1782803244.1621134,30,0.0,0,1,0,0
img_014156.jpg,1782803244.2439232,30,0.0,0,1,0,0
img_014157.jpg,1782803244.3191237,30,0.0,0,1,0,0
img_014158.jpg,1782803244.3938212,30,0.0,0,1,0,0
img_014159.jpg,1782803244.486091,30,0.0,0,1,0,0
img_014160.jpg,1782803244.5799441,30,0.0,0,1,0,0
img_014161.jpg,1782803244.6491349,30,0.0,0,1,0,0
img_014162.jpg,1782803244.7401087,30,0.06,0,1,0,0
img_014163.jpg,1782803244.821736,30,0.05731143680000001,0,1,0,0
img_014164.jpg,1782803244.9027305,30,0.03777290906292455,0,1,0,0
img_014165.jpg,1782803244.962563,30,0.024895426440887398,0,1,0,0
img_014166.jpg,1782803245.0463002,30,0.016408115579373626,0,1,0,0
img_014167.jpg,1782803245.1291697,30,0.010814285808895223,0,1,0,0
img_014168.jpg,1782803245.232223,30,0.0,0,1,0,0
img_014169.jpg,1782803245.2949228,30,0.0,0,1,0,0
img_014170.jpg,1782803245.383077,30,0.0,0,1,0,0
img_014171.jpg,1782803245.4663787,30,0.0,0,1,0,0
img_014172.jpg,1782803245.5540748,30,0.0,0,0,0,1
img_014173.jpg,1782803245.6441402,30,0.0,0,0,0,1
img_014174.jpg,1782803245.7260215,30,0.0,0,0,0,1
img_014175.jpg,1782803245.796084,30,0.0,0,0,0,1
img_014176.jpg,1782803245.8789108,30,0.0,0,0,0,1
img_014177.jpg,1782803245.9689813,30,0.1,0,0,0,1
img_014178.jpg,1782803246.0301619,30,0.08596715520000002,0,0,0,1
img_014179.jpg,1782803246.1072185,30,0.056659363594386815,0,0,0,1
img_014180.jpg,1782803246.194907,30,0.13212661450683588,0,0,0,1
img_014181.jpg,1782803246.292641,30,0.08708221034442463,0,0,0,1
img_014182.jpg,1782803246.3702488,30,0.10780987220867934,0,0,0,1
img_014183.jpg,1782803246.4468575,30,0.11509777377043211,0,0,0,1
img_014184.jpg,1782803246.538877,30,0.07585881605354541,0,0,0,1
img_014185.jpg,1782803246.628574,30,0.09021786975510318,0,0,0,1
img_014186.jpg,1782803246.7182748,30,0.05946093101805264,0,0,0,1
img_014187.jpg,1782803246.8010662,30,0.039189600986268266,0,0,0,1
img_014188.jpg,1782803246.884166,30,0.025829141911629917,0,0,0,1
img_014189.jpg,1782803246.965742,30,0.060112842856883286,0,0,0,1
img_014190.jpg,1782803247.0322714,30,0.07795666937854075,0,0,0,1
img_014191.jpg,1782803247.1106904,30,0.05137980039760745,0,0,0,1
img_014192.jpg,1782803247.2060835,30,0.09868786305653496,0,0,0,1
img_014193.jpg,1782803247.28849,30,0.06504334710465409,0,0,0,1
img_014194.jpg,1782803247.37037,30,0.042868868283761734,0,0,0,1
img_014195.jpg,1782803247.4518738,30,0.02825407900632186,0,0,0,1
img_014196.jpg,1782803247.5388553,30,0.01862174142809976,0,0,0,1
img_014197.jpg,1782803247.6126835,30,0.0971320021138518,0,0,0,1
img_014198.jpg,1782803247.6890142,30,0.10678304446203103,0,0,0,1
img_014199.jpg,1782803247.771347,30,0.07037873159596875,0,0,0,1
img_014200.jpg,1782803247.8707452,30,0.11035255842282796,0,0,0,1
img_014201.jpg,1782803247.9549005,30,0.07273133229433446,0,0,0,1
img_014202.jpg,1782803248.0325625,30,0.1215597996539247,0,0,0,1
img_014203.jpg,1782803248.1116295,30,0.12580467727291533,0,0,0,1
img_014204.jpg,1782803248.1894698,30,0.08291553832271749,0,0,0,1
img_014205.jpg,1782803248.2785764,30,0.10456533470544026,0,0,0,1
img_014206.jpg,1782803248.367189,30,0.0689170800715794,0,0,0,1
img_014207.jpg,1782803248.4570525,30,0.04542197410807292,0,0,0,1
img_014208.jpg,1782803248.5330436,30,0.029936783881899676,0,0,0,1
img_014209.jpg,1782803248.6141324,30,0.01973078112059165,0,0,0,1
img_014210.jpg,1782803248.6904318,30,0.03413499269009277,0,0,0,1
img_014211.jpg,1782803248.7855396,30,0.05772802918786296,0,0,0,1
img_014212.jpg,1782803248.853949,30,0.03804747740847079,0,0,0,1
img_014213.jpg,1782803248.938015,30,0.0874033848785297,0,0,0,1
img_014214.jpg,1782803249.043939,30,0.057605956038577204,0,0,0,1
img_014215.jpg,1782803249.1079164,30,0.13299747955549104,0,0,0,1
img_014216.jpg,1782803249.1900961,30,0.10960631725129773,0,0,0,1
img_014217.jpg,1782803249.2761886,30,0.09852119405035627,0,0,0,1
img_014218.jpg,1782803249.364214,30,0.13417233864422157,0,0,0,1
img_014219.jpg,1782803249.4451082,30,0.0884305093249398,0,0,0,1
img_014220.jpg,1782803249.5205054,30,0.18843050932493977,0,0,0,1
img_014221.jpg,1782803249.5957723,30,0.12419106710323313,0,0,0,1
img_014222.jpg,1782803249.6893735,30,0.13670609366048242,0,0,0,1
img_014223.jpg,1782803249.764767,30,0.13759891466029375,0,0,0,1
img_014224.jpg,1782803249.8459148,30,0.09068890226497324,0,0,0,1
img_014225.jpg,1782803249.9311576,30,0.16343379008377537,0,0,0,1
img_014226.jpg,1782803250.0249805,30,0.1314106758421345,0,0,0,1
img_014227.jpg,1782803250.114954,30,0.14232791635016004,0,0,0,1
img_014228.jpg,1782803250.1996443,30,0.14197656052687344,0,0,0,1
img_014229.jpg,1782803250.2860513,30,0.09357412777074876,0,0,0,1
img_014230.jpg,1782803250.3659067,30,0.13920114174516177,0,0,0,1
img_014231.jpg,1782803250.4330757,30,0.09174490053258035,0,0,0,1
img_014232.jpg,1782803250.5152702,30,0.060467368788845566,0,0,0,1
img_014233.jpg,1782803250.6268165,30,0.10196358094287891,0,0,0,1
img_014234.jpg,1782803250.6914043,30,0.06720231223875915,0,0,0,1
img_014235.jpg,1782803250.7769096,30,0.04429180231288339,0,0,0,1
img_014236.jpg,1782803250.8676667,30,0.12074845812785273,0,0,0,1
img_014237.jpg,1782803250.948275,30,0.07958307770695662,0,0,0,1
img_014238.jpg,1782803251.0304053,30,0.07701275660439667,0,0,0,1
img_014239.jpg,1782803251.116322,30,0.11596759718996136,0,0,0,1
img_014240.jpg,1782803251.2135546,30,0.07643210059780378,0,0,0,1
img_014241.jpg,1782803251.2943654,30,0.07475541878627844,0,0,0,1
img_014242.jpg,1782803251.3713286,30,0.14237498528337617,0,0,0,1
img_014243.jpg,1782803251.449265,30,0.09383672216614518,0,0,0,1
img_014244.jpg,1782803251.5275996,30,0.11306952951011126,0,0,0,1
img_014245.jpg,1782803251.6092806,30,0.09533007413155596,0,0,0,1
img_014246.jpg,1782803251.6869445,30,0.06283029046539483,0,0,0,1
img_014247.jpg,1782803251.7679732,30,0.061939177764163994,0,0,0,1
img_014248.jpg,1782803251.8670819,30,0.04082296762656078,0,0,0,1
img_014249.jpg,1782803251.9470851,30,0.08975255979912106,0,0,0,1
img_014250.jpg,1782803252.0233698,30,0.0591542538235038,0,0,0,1
img_014251.jpg,1782803252.099743,30,0.038987475713754306,0,0,0,1
img_014252.jpg,1782803252.187289,30,0.025695924879144204,0,0,0,1
img_014253.jpg,1782803252.2711794,30,0.01693570930937914,0,0,0,1
img_014254.jpg,1782803262.86423,30,0.0,0,0,0,1
img_014255.jpg,1782803262.9798102,30,0.0,0,0,0,1
img_014256.jpg,1782803263.064169,30,0.0,0,0,0,1
img_014257.jpg,1782803263.1943316,30,0.06,0,0,0,1
img_014258.jpg,1782803263.2848527,30,0.07786880000000002,0,0,0,1
img_014259.jpg,1782803263.4091623,30,0.10063550013440004,0,0,0,1
img_014260.jpg,1782803263.5148356,30,0.10951117632865572,0,0,0,1
img_014261.jpg,1782803263.624261,30,0.18075028222236325,0,0,0,1
img_014262.jpg,1782803263.7184238,30,0.1438160889021142,0,0,0,1
img_014263.jpg,1782803263.8453348,30,0.21231080178994502,0,0,0,1
img_014264.jpg,1782803263.9345932,30,0.13993012663553028,0,0,0,1
img_014265.jpg,1782803264.0644886,30,0.17843685918431282,0,0,0,1
img_014266.jpg,1782803264.1544406,30,0.11760443694622082,0,0,0,1
img_014267.jpg,1782803264.2729118,30,0.07751091143759359,0,0,0,1
img_014268.jpg,1782803264.3756495,30,0.05108600957490949,0,0,0,1
img_014269.jpg,1782803264.4842675,30,0.03366984500484113,0,0,0,1
img_014270.jpg,1782803264.5797203,30,0.02219117273169861,0,0,0,1
img_014271.jpg,1782803264.706928,30,0.014625791925602228,0,0,0,1
img_014272.jpg,1782803264.794635,30,0.0,0,0,0,1
img_014273.jpg,1782803264.9177086,30,0.050784,0,0,0,1
img_014274.jpg,1782803265.0173483,30,0.056381300080640004,0,0,0,1
img_014275.jpg,1782803265.1284306,30,0.09850513238825372,0,0,0,1
img_014276.jpg,1782803265.2247162,30,0.09056838336681296,0,0,0,1
img_014277.jpg,1782803265.3547153,30,0.07921041144256591,0,0,0,1
img_014278.jpg,1782803265.4694164,30,0.10168019686538877,0,0,0,1
img_014279.jpg,1782803265.564438,30,0.11032466913671585,0,0,0,1
img_014280.jpg,1782803265.6916382,30,0.125908495960731,0,0,0,1
img_014281.jpg,1782803265.7844768,30,0.1291909549026697,0,0,0,1
img_014282.jpg,1782803265.91426,30,0.1405994462912501,0,0,0,1
img_014283.jpg,1782803266.0045247,30,0.14063062163364098,0,0,0,1
img_014284.jpg,1782803266.125621,30,0.1790297581507137,0,0,0,1
img_014285.jpg,1782803266.2374613,30,0.17055584431486298,0,0,0,1
img_014286.jpg,1782803266.36941,30,0.23691137676967391,0,0,0,1
img_014287.jpg,1782803266.4762697,30,0.15614391106476583,0,0,0,1
img_014288.jpg,1782803266.6268897,30,0.15273490981920038,0,0,0,1
img_014289.jpg,1782803266.7550225,30,0.1589328414572935,0,0,0,1
img_014290.jpg,1782803266.875662,30,0.12818622793280118,0,0,0,1
img_014291.jpg,1782803267.004458,30,0.1684968233223229,0,0,0,1
img_014292.jpg,1782803267.104531,30,0.11105314296963789,0,0,0,1
img_014293.jpg,1782803267.248103,30,0.07319307462457633,0,0,0,1
img_014294.jpg,1782803267.364669,30,0.04824020311125705,0,0,0,1
img_014295.jpg,1782803267.484632,30,0.07436406728029854,0,0,0,1
img_014296.jpg,1782803267.6114018,30,0.04901198273444646,0,0,0,1
img_014297.jpg,1782803267.7064176,30,0.03230289223567108,0,0,0,1
img_014298.jpg,1782803267.8446505,30,0.021290239418451554,0,0,0,1
img_014299.jpg,1782803267.9466863,30,0.053378453952275216,0,0,0,1
img_014300.jpg,1782803268.074589,30,0.03518075273692661,0,0,0,1
img_014301.jpg,1782803268.184296,30,0.08497698911653469,0,0,0,1
img_014302.jpg,1782803268.3103693,30,0.05600676342387552,0,0,0,1
img_014303.jpg,1782803268.410214,30,0.0804117945970108,0,0,0,1
img_014304.jpg,1782803268.5353534,30,0.05299792806624342,0,0,0,1
img_014305.jpg,1782803268.6344762,30,0.12235809382094395,0,0,0,1
img_014306.jpg,1782803268.7647035,30,0.08064395885135626,0,0,0,1
img_014307.jpg,1782803268.8646915,30,0.12345704677178795,0,0,0,1
img_014308.jpg,1782803268.9843347,30,0.08136825843612366,0,0,0,1
img_014309.jpg,1782803269.0945642,30,0.14845879776123377,0,0,0,1
img_014310.jpg,1782803269.1945605,30,0.09784645056091473,0,0,0,1
img_014311.jpg,1782803269.2843854,30,0.13801723575475824,0,0,0,1
img_014312.jpg,1782803269.395597,30,0.0909646099690996,0,0,0,1
img_014313.jpg,1782803269.4843144,30,0.05995309369572808,0,0,0,1
img_014314.jpg,1782803269.5793452,30,0.03951397631353279,0,0,0,1
img_014315.jpg,1782803269.6855047,30,0.02604293169641192,0,0,0,1
img_014316.jpg,1782803269.7805078,30,0.07724273738784306,0,0,0,1
img_014317.jpg,1782803269.8649285,30,0.0509092610137172,0,0,0,1
img_014318.jpg,1782803269.9396398,30,0.033553353293907115,0,0,0,1
img_014319.jpg,1782803270.0444064,30,0.02211439519741604,0,0,0,1
img_014320.jpg,1782803270.134405,30,0.07871762409509295,0,0,0,1
img_014321.jpg,1782803270.2223022,30,0.05188133159127889,0,0,0,1
img_014322.jpg,1782803270.319654,30,0.03419402705082437,0,0,0,1
img_014323.jpg,1782803270.3931744,30,0.022536651432999332,0,0,0,1
img_014324.jpg,1782803270.474439,30,0.014853490554288664,0,0,0,1
img_014325.jpg,1782803270.568648,30,0.0,0,0,0,1
img_014326.jpg,1782803270.6666083,30,0.0,0,0,0,1
img_014327.jpg,1782803270.7347205,30,-0.1,0,0,0,1
img_014328.jpg,1782803270.8268826,30,-0.06590815232000002,0,0,0,1
img_014329.jpg,1782803270.9263477,30,-0.043438845422363245,0,0,0,1
img_014330.jpg,1782803271.0143917,30,-0.028629740407020522,0,0,0,1
img_014331.jpg,1782803271.1043386,30,-0.018869332916279676,0,0,0,1
img_014332.jpg,1782803271.176709,30,0.056240213717022695,0,0,0,1
img_014333.jpg,1782803271.2746422,30,0.03706688572170885,0,0,0,1
img_014334.jpg,1782803271.3692307,30,0.024430099501744205,0,0,0,1
img_014335.jpg,1782803271.4545846,30,0.01610142719153713,0,0,0,1
img_014336.jpg,1782803271.5562484,30,0.010612153159092192,0,0,0,1
img_014337.jpg,1782803271.6496596,30,0.0,0,0,0,1
img_014338.jpg,1782803271.7198017,30,0.0,0,0,0,1
img_014339.jpg,1782803271.818932,30,0.0,0,0,0,1
img_014340.jpg,1782803278.7275474,30,0.0,0,0,0,1
img_014341.jpg,1782803278.8122752,30,0.0,0,0,0,1
img_014342.jpg,1782803278.8955293,30,0.06,0,0,0,1
img_014343.jpg,1782803278.983829,30,0.03954489139200001,0,0,0,1
img_014344.jpg,1782803279.0510638,30,0.026063307253417937,0,0,0,1
img_014345.jpg,1782803279.1355333,30,0.10397824267314451,0,0,0,1
img_014346.jpg,1782803279.2301204,30,0.06853013856067533,0,0,0,1
img_014347.jpg,1782803279.2937412,30,0.09336359653553516,0,0,0,1
img_014348.jpg,1782803279.3678684,30,0.15949450881269234,0,0,0,1
img_014349.jpg,1782803279.4428453,30,0.10511988381030511,0,0,0,1
img_014350.jpg,1782803279.535954,30,0.12185559208447888,0,0,0,1
img_014351.jpg,1782803279.6184855,30,0.10162434750595241,0,0,0,1
img_014352.jpg,1782803279.6834922,30,0.06697872974842925,0,0,0,1
img_014353.jpg,1782803279.765589,30,0.04414444322459592,0,0,0,1
img_014354.jpg,1782803279.860678,30,0.02909478688128261,0,0,0,1
img_014355.jpg,1782803279.9411247,30,0.08462582761631761,0,0,0,1
img_014356.jpg,1782803280.0198827,30,0.09704463645489514,0,0,0,1
img_014357.jpg,1782803280.100736,30,0.06396032681308254,0,0,0,1
img_014358.jpg,1782803280.2037005,30,0.06274872784819158,0,0,0,1
img_014359.jpg,1782803280.2854848,30,0.04135652712904837,0,0,0,1
img_014360.jpg,1782803280.3627841,30,0.09500416456202655,0,0,0,1
img_014361.jpg,1782803280.422837,30,0.1311955248852993,0,0,0,1
img_014362.jpg,1782803280.5115466,30,0.08646854637842658,0,0,0,1
img_014363.jpg,1782803280.593089,30,0.15955106266815244,0,0,0,1
img_014364.jpg,1782803280.6800392,30,0.10515715741150461,0,0,0,1
img_014365.jpg,1782803280.7693636,30,0.06930713948215665,0,0,0,1
img_014366.jpg,1782803280.854866,30,0.11386156285769741,0,0,0,1
img_014367.jpg,1782803280.938496,30,0.07504405228218376,0,0,0,1
img_014368.jpg,1782803281.0198617,30,0.14904052809960905,0,0,0,1
img_014369.jpg,1782803281.1084354,30,0.12109944428524214,0,0,0,1
img_014370.jpg,1782803281.1858764,30,0.07981440619819093,0,0,0,1
img_014371.jpg,1782803281.2646468,30,0.15342925370233565,0,0,0,1
img_014372.jpg,1782803281.3410888,30,0.10112238623357464,0,0,0,1
img_014373.jpg,1782803281.4297092,30,0.06664789634844309,0,0,0,1
img_014374.jpg,1782803281.5128021,30,0.043926397043407596,0,0,0,1
img_014375.jpg,1782803281.5892045,30,0.02895107667205706,0,0,0,1
img_014376.jpg,1782803281.6781635,30,0.01908111971129936,0,0,0,1
img_014377.jpg,1782803281.7733238,30,0.04871423894575229,0,0,0,1
img_014378.jpg,1782803281.8653302,30,0.03210665480589519,0,0,0,1
img_014379.jpg,1782803281.952816,30,0.0871750726277097,0,0,0,1
img_014380.jpg,1782803282.0483246,30,0.07677946751797994,0,0,0,1
img_014381.jpg,1782803282.102919,30,0.05060392840223515,0,0,0,1
img_014382.jpg,1782803282.1732483,30,0.10283116499965184,0,0,0,1
img_014383.jpg,1782803282.2496688,30,0.087995381874349,0,0,0,1
img_014384.jpg,1782803282.3455963,30,0.05799613032031162,0,0,0,1
img_014385.jpg,1782803282.4109557,30,0.09987192470311178,0,0,0,1
img_014386.jpg,1782803282.4871352,30,0.06582374025824263,0,0,0,1
img_014387.jpg,1782803282.5685139,30,0.06715566412187361,0,0,0,1
img_014388.jpg,1782803282.6659734,30,0.10762455411275385,0,0,0,1
img_014389.jpg,1782803282.7535796,30,0.07093335505835464,0,0,0,1
img_014390.jpg,1782803282.8346212,30,0.17093335505835464,0,0,0,1
img_014391.jpg,1782803282.910733,30,0.13678331139298566,0,0,0,1
img_014392.jpg,1782803283.0014863,30,0.1465115231819812,0,0,0,1
img_014393.jpg,1782803283.0831594,30,0.24651152318198116,0,0,0,1
img_014394.jpg,1782803283.1766639,30,0.1624711901851323,0,0,0,1
img_014395.jpg,1782803283.2682486,30,0.1070817595033339,0,0,0,1
img_014396.jpg,1782803283.3449621,30,0.09671261865260153,0,0,0,1
img_014397.jpg,1782803283.4184394,30,0.1967126186526015,0,0,0,1
img_014398.jpg,1782803283.5046551,30,0.18432527559335696,0,0,0,1
img_014399.jpg,1782803283.602573,30,0.12148538340232949,0,0,0,1
img_014400.jpg,1782803283.685498,30,0.08006877153934333,0,0,0,1
img_014401.jpg,1782803283.7434468,30,0.05277184790690322,0,0,0,1
img_014402.jpg,1782803283.826168,30,0.034780949900560514,0,0,0,1
img_014403.jpg,1782803283.9169137,30,0.02292348143880432,0,0,0,1
img_014404.jpg,1782803283.9998515,30,0.12292348143880433,0,0,0,1
img_014405.jpg,1782803284.056742,30,0.0810165953837341,0,0,0,1
img_014406.jpg,1782803284.13696,30,0.10308665062616915,0,0,0,1
img_014407.jpg,1782803284.2282352,30,0.16843971857607562,0,0,0,1
img_014408.jpg,1782803284.3079827,30,0.11101550628649927,0,0,0,1
img_014409.jpg,1782803284.40218,30,0.07316826898212514,1,0,0,0
img_014410.jpg,1782803284.5121653,30,0.048223854170646355,1,0,0,0
img_014411.jpg,1782803284.5949082,30,0.03178345126136428,1,0,0,0
img_014412.jpg,1782803284.67976,30,0.020947885469892936,1,0,0,0
img_014413.jpg,1782803284.7598796,30,0.013806364263316188,1,0,0,0
img_014414.jpg,1782803284.8478103,30,0.0,1,0,0,0
img_014415.jpg,1782803284.9095354,30,0.0,1,0,0,0
img_014416.jpg,1782803284.9905012,30,0.0,1,0,0,0
img_014417.jpg,1782803285.0671136,30,0.0,1,0,0,0
img_014418.jpg,1782803285.1613975,30,-0.06,1,0,0,0
img_014419.jpg,1782803285.248207,30,-0.05731143680000001,1,0,0,0
img_014420.jpg,1782803285.3261602,30,-0.03777290906292455,1,0,0,0
img_014421.jpg,1782803285.4134586,30,-0.0694133110123906,1,0,0,0
img_014422.jpg,1782803285.5051804,30,-0.08519883232561642,1,0,0,0
img_014423.jpg,1782803285.5846186,30,-0.05615297618402868,1,0,0,0
img_014424.jpg,1782803285.6465454,30,-0.10752787904216189,1,0,0,0
img_014425.jpg,1782803285.7379491,30,-0.1417955968212858,1,0,0,0
img_014426.jpg,1782803285.818643,30,-0.09345485793602615,1,0,0,0
img_014427.jpg,1782803285.899973,30,-0.19345485793602613,1,0,0,0
img_014428.jpg,1782803285.9845653,30,-0.12750252243891574,1,0,0,0
img_014429.jpg,1782803286.0753307,30,-0.08403455670088279,1,0,0,0
img_014430.jpg,1782803286.1597223,30,-0.12191084879162721,1,0,0,0
img_014431.jpg,1782803286.2229836,30,-0.08034918791619056,1,0,0,0
img_014432.jpg,1782803286.2996342,30,-0.10256694844008261,1,0,0,0
img_014433.jpg,1782803286.3956923,30,-0.11101517194691106,1,0,0,0
img_014434.jpg,1782803286.4802597,30,-0.07316804862508008,1,0,0,0
img_014435.jpg,1782803286.5626225,30,-0.1127134363562678,1,0,0,0
img_014436.jpg,1782803286.6409924,30,-0.07428734331879526,1,0,0,0
img_014437.jpg,1782803286.728274,30,-0.14834435585329164,1,0,0,0
img_014438.jpg,1782803286.800447,30,-0.12060071138903294,1,0,0,0
img_014439.jpg,1782803286.8831766,30,-0.07948570056128744,1,0,0,0
img_014440.jpg,1782803286.9849648,30,-0.14672684451638446,1,0,0,0
img_014441.jpg,1782803287.0615559,30,-0.09670495217818825,1,0,0,0
img_014442.jpg,1782803287.1388175,30,-0.06373644718258349,1,0,0,0
img_014443.jpg,1782803287.215821,30,-0.1322375314079768,1,0,0,0
img_014444.jpg,1782803287.3071115,30,-0.14297177885701465,1,0,0,0
img_014445.jpg,1782803287.3967474,30,-0.1717953136245772,1,0,0,0
img_014446.jpg,1782803287.4832964,30,-0.11322711698230806,1,0,0,0
img_014447.jpg,1782803287.5488524,30,-0.12816859726871951,1,0,0,0
img_014448.jpg,1782803287.6387196,30,-0.1592659007282442,1,0,0,0
img_014449.jpg,1782803287.7183678,30,-0.1049692124457912,1,0,0,0
img_014450.jpg,1782803287.7994642,30,-0.09519920481290922,1,0,0,0
img_014451.jpg,1782803287.905392,30,-0.13136060695364637,1,0,0,0
img_014452.jpg,1782803287.9906576,30,-0.08657734891948578,1,0,0,0
img_014453.jpg,1782803288.0723677,30,-0.18657734891948574,1,0,0,0
img_014454.jpg,1782803288.133231,30,-0.12296968332047256,1,0,0,0
img_014455.jpg,1782803288.2159696,30,-0.10809461542421599,1,0,0,0
img_014456.jpg,1782803288.3297896,30,-0.11531949989545191,1,0,0,0
img_014457.jpg,1782803288.415176,30,-0.07600495164575671,1,0,0,0
img_014458.jpg,1782803288.4760187,30,-0.14992455551409617,1,0,0,0
img_014459.jpg,1782803288.5590749,30,-0.12173275530142771,1,0,0,0
img_014460.jpg,1782803288.6439948,30,-0.13479183576015816,1,0,0,0
img_014461.jpg,1782803288.7165241,30,-0.16487180978739785,1,0,0,0
img_014462.jpg,1782803288.7948172,30,-0.10866396352741886,1,0,0,0
img_014463.jpg,1782803288.883353,30,-0.12461532443123877,1,0,0,0
img_014464.jpg,1782803288.9673483,30,-0.10360140033065546,1,0,0,0
img_014465.jpg,1782803289.0679433,30,-0.0682817687355814,1,0,0,0
img_014466.jpg,1782803289.1319659,30,-0.06891657841851861,1,0,0,0
img_014467.jpg,1782803289.211479,30,-0.1689165784185186,1,0,0,0
img_014468.jpg,1782803289.290664,30,-0.11132979579780951,1,0,0,0
img_014469.jpg,1782803289.373088,30,-0.09975588194778832,1,0,0,0
img_014470.jpg,1782803289.4695818,30,-0.10882622820215941,1,0,0,0
img_014471.jpg,1782803289.5447443,30,-0.07172535624759004,1,0,0,0
img_014472.jpg,1782803289.6208613,30,-0.12070834152796021,1,0,0,0
img_014473.jpg,1782803289.705903,30,-0.07955663759719385,1,0,0,0
img_014474.jpg,1782803289.7968552,30,-0.076993815095901,1,0,0,0
img_014475.jpg,1782803289.8749173,30,-0.14443430988822892,1,0,0,0
img_014476.jpg,1782803289.9533918,30,-0.09519398496347475,1,0,0,0
img_014477.jpg,1782803290.0456612,30,-0.11092641376323825,1,0,0,0
img_014478.jpg,1782803290.1378314,30,-0.07310954974618851,1,0,0,0
img_014479.jpg,1782803290.2174335,30,-0.0481851534071841,1,0,0,0
img_014480.jpg,1782803290.2960153,30,-0.031757944303232574,1,0,0,0
img_014481.jpg,1782803290.3834953,30,-0.020931074305075292,1,0,0,0
img_014482.jpg,1782803290.4632037,30,-0.013795284335201408,1,0,0,0
img_014483.jpg,1782803290.5450854,30,0.0,1,0,0,0
img_014484.jpg,1782803290.6387916,30,0.0,1,0,0,0
img_014485.jpg,1782803290.727758,30,0.0,1,0,0,0
img_014486.jpg,1782803290.8132718,30,0.0,1,0,0,0
img_014487.jpg,1782803290.8847773,30,0.0,1,0,0,0
img_014488.jpg,1782803290.966882,30,0.0,1,0,0,0
img_014489.jpg,1782803291.0601554,30,0.0,1,0,0,0
img_014490.jpg,1782803291.1246564,30,0.0,1,0,0,0
img_014491.jpg,1782803291.207225,30,0.0,0,0,0,1
img_014492.jpg,1782803291.299419,30,0.0,0,0,0,1
img_014493.jpg,1782803297.8505883,30,0.0,0,0,0,1
img_014494.jpg,1782803297.9459753,30,0.0,0,0,0,1
img_014495.jpg,1782803298.024785,30,0.0,0,0,0,1
img_014496.jpg,1782803298.1095786,30,0.0,0,0,0,1
img_014497.jpg,1782803298.2017956,30,0.0,0,0,0,1
img_014498.jpg,1782803298.2941551,30,0.0,0,0,0,1
img_014499.jpg,1782803298.3782403,30,0.0,0,1,0,0
img_014500.jpg,1782803298.4631617,30,0.0,0,1,0,0
img_014501.jpg,1782803298.5570304,30,0.0,0,1,0,0
img_014502.jpg,1782803298.6239429,30,0.0,0,1,0,0
img_014503.jpg,1782803298.6996512,30,0.0,0,1,0,0
img_014504.jpg,1782803298.783178,30,0.0,0,1,0,0
img_014505.jpg,1782803298.8809276,30,0.0,0,1,0,0
img_014506.jpg,1782803298.9607916,30,0.0,0,1,0,0
img_014507.jpg,1782803299.0463393,30,0.0,0,1,0,0
img_014508.jpg,1782803299.1369681,30,0.0,0,1,0,0
img_014509.jpg,1782803299.1934278,30,0.0,0,1,0,0
img_014510.jpg,1782803299.2983866,30,-0.0184,0,1,0,0
img_014511.jpg,1782803299.382131,30,-0.012127100026880003,0,1,0,0
img_014512.jpg,1782803299.4590683,30,0.0,0,1,0,0
img_014513.jpg,1782803299.5449462,30,0.0,0,1,0,0
img_014514.jpg,1782803299.61696,30,0.0,0,1,0,0
img_014515.jpg,1782803299.701631,30,0.0,0,1,0,0
img_014516.jpg,1782803299.8006506,30,0.0,0,1,0,0
img_014517.jpg,1782803299.875802,30,0.0,0,1,0,0
img_014518.jpg,1782803299.9481308,30,0.0,0,1,0,0
img_014519.jpg,1782803300.0320733,30,0.0,0,1,0,0
img_014520.jpg,1782803300.1309557,30,-0.031147520000000005,0,1,0,0
img_014521.jpg,1782803300.2060509,30,-0.02052875492550247,0,1,0,0
img_014522.jpg,1782803300.2855086,30,-0.013530123065699671,0,1,0,0
img_014523.jpg,1782803300.3808353,30,0.0,0,1,0,0
img_014524.jpg,1782803300.4636834,30,0.0,0,1,0,0
img_014525.jpg,1782803300.5289211,30,0.0,0,1,0,0
img_014526.jpg,1782803300.6041937,30,0.0,0,1,0,0
img_014527.jpg,1782803300.6884513,30,0.0,0,1,0,0
img_014528.jpg,1782803300.7822144,30,0.0,0,1,0,0
img_014529.jpg,1782803300.8738203,30,0.0,0,1,0,0
img_014530.jpg,1782803300.9661114,30,0.0,0,1,0,0
img_014531.jpg,1782803301.050249,30,0.0,0,1,0,0
img_014532.jpg,1782803301.123197,30,0.0,0,1,0,0
img_014533.jpg,1782803301.2034194,30,0.0,0,1,0,0
img_014534.jpg,1782803301.2937028,30,0.0,0,1,0,0
img_014535.jpg,1782803301.3802733,30,0.0,0,1,0,0
img_014536.jpg,1782803301.4590242,30,0.0,0,1,0,0
img_014537.jpg,1782803301.541337,30,0.0,0,1,0,0
img_014538.jpg,1782803301.6326387,30,0.0,0,1,0,0
img_014539.jpg,1782803301.6929042,30,0.0,0,1,0,0
img_014540.jpg,1782803301.7699134,30,0.0,0,1,0,0
img_014541.jpg,1782803301.8525681,30,0.0,0,1,0,0
img_014542.jpg,1782803301.9477901,30,0.0,0,1,0,0
img_014543.jpg,1782803302.0338583,30,0.0,0,1,0,0
img_014544.jpg,1782803302.11303,30,0.0,0,1,0,0
img_014545.jpg,1782803302.202517,30,0.0,0,1,0,0
img_014546.jpg,1782803302.2670813,30,0.0,0,1,0,0
img_014547.jpg,1782803302.3539503,30,0.0,0,1,0,0
img_014548.jpg,1782803302.4359238,30,0.0,0,1,0,0
img_014549.jpg,1782803302.5255668,30,0.0,0,1,0,0
img_014550.jpg,1782803302.602342,30,0.0,0,1,0,0
img_014551.jpg,1782803302.6849341,30,0.0,0,1,0,0
img_014552.jpg,1782803302.768779,30,0.0,0,1,0,0
img_014553.jpg,1782803302.8560371,30,0.0,0,1,0,0
img_014554.jpg,1782803302.9237604,30,0.0,0,1,0,0
img_014555.jpg,1782803303.0106235,30,-0.0368,0,1,0,0
img_014556.jpg,1782803303.1050904,30,-0.024254200053760007,0,1,0,0
img_014557.jpg,1782803303.1885996,30,-0.015985495115429668,0,1,0,0
img_014558.jpg,1782803303.247361,30,-0.010535744469783549,0,1,0,0
img_014559.jpg,1782803303.3266635,30,0.0,0,1,0,0
img_014560.jpg,1782803303.4214642,30,0.0,0,1,0,0
img_014561.jpg,1782803303.5024881,30,0.0,0,1,0,0
img_014562.jpg,1782803303.579118,30,0.0,0,1,0,0
img_014563.jpg,1782803303.6449459,30,0.0,0,1,0,0
img_014564.jpg,1782803303.7350569,30,0.0,0,1,0,0
img_014565.jpg,1782803303.8107653,30,0.0,0,1,0,0
img_014566.jpg,1782803303.8895445,30,0.0,0,1,0,0
img_014567.jpg,1782803303.96248,30,0.0,0,1,0,0
img_014568.jpg,1782803304.0697067,30,0.0,0,1,0,0
img_014569.jpg,1782803304.154942,30,0.0,0,1,0,0
img_014570.jpg,1782803304.2161767,30,0.0,0,1,0,0
img_014571.jpg,1782803304.3038507,30,0.0,0,1,0,0
img_014572.jpg,1782803304.39933,30,0.0,0,1,0,0
img_014573.jpg,1782803304.482322,30,0.0,0,1,0,0
img_014574.jpg,1782803304.5661042,30,0.0,0,1,0,0
img_014575.jpg,1782803304.6536,30,0.0,0,1,0,0
img_014576.jpg,1782803304.7423124,30,0.0,0,1,0,0
img_014577.jpg,1782803304.8162162,30,0.0,0,1,0,0
img_014578.jpg,1782803304.8935726,30,0.0,0,1,0,0
img_014579.jpg,1782803304.98384,30,0.0,0,1,0,0
img_014580.jpg,1782803305.1021194,30,0.0,0,1,0,0
img_014581.jpg,1782803305.185906,30,0.0,0,0,0,1
img_014582.jpg,1782803305.2965262,30,0.0,0,0,0,1
img_014583.jpg,1782803305.3723216,30,0.0,0,0,0,1
img_014584.jpg,1782803305.4336457,30,0.0,0,0,0,1
img_014585.jpg,1782803305.5149152,30,0.0,0,0,0,1
img_014586.jpg,1782803305.5926208,30,0.0,0,0,0,1
img_014587.jpg,1782803305.6721144,30,0.0,0,0,0,1
img_014588.jpg,1782803305.762714,30,0.0,0,0,0,1
img_014589.jpg,1782803305.846909,30,0.0,0,0,0,1
img_014590.jpg,1782803305.9362817,30,0.0,0,0,0,1
img_014591.jpg,1782803306.0182757,30,0.0,0,0,0,1
img_014592.jpg,1782803306.1004303,30,0.0,0,0,0,1
img_014593.jpg,1782803306.1794095,30,0.0,0,0,0,1
img_014594.jpg,1782803306.2762492,30,0.0,0,0,0,1
img_014595.jpg,1782803306.3584113,30,0.0,0,0,0,1
img_014596.jpg,1782803306.4452727,30,0.0,0,0,0,1
img_014597.jpg,1782803306.5291781,30,0.0,0,0,0,1
img_014598.jpg,1782803306.6003501,30,0.0,0,0,0,1
img_014599.jpg,1782803306.673479,30,0.0,0,0,0,1
img_014600.jpg,1782803311.3142285,30,-0.02352131075679205,0,0,0,1
img_014601.jpg,1782803311.399418,30,-0.015502461321247052,0,0,0,1
img_014602.jpg,1782803311.479925,30,-0.010217385820956593,0,0,0,1
img_014603.jpg,1782803311.5691023,30,0.0,0,0,0,1
img_014604.jpg,1782803311.6502967,30,0.0,0,0,0,1
img_014605.jpg,1782803311.7503557,30,0.0,0,0,1,0
img_014606.jpg,1782803311.8359432,30,0.0,0,0,1,0
img_014607.jpg,1782803311.910681,30,0.0,0,0,1,0
img_014608.jpg,1782803311.9952018,30,0.0,0,0,1,0
img_014609.jpg,1782803312.085763,30,0.0,0,0,1,0
img_014610.jpg,1782803312.1532147,30,0.0,0,0,1,0
img_014611.jpg,1782803312.233855,30,0.02,0,0,1,0
img_014612.jpg,1782803312.3191962,30,0.12000000000000001,0,0,1,0
img_014613.jpg,1782803312.406845,30,0.10029501440000003,0,0,1,0
img_014614.jpg,1782803312.4915953,30,0.09185064223925866,0,0,1,0
img_014615.jpg,1782803312.5537634,30,0.19185064223925863,0,0,1,0
img_014616.jpg,1782803312.633607,30,0.29185064223925866,0,0,1,0
img_014617.jpg,1782803312.7252526,30,0.39185064223925875,0,0,1,0
img_014618.jpg,1782803312.8053167,30,0.49185064223925884,0,0,1,0
img_014619.jpg,1782803312.8880477,30,0.5918506422392589,0,0,1,0
img_014620.jpg,1782803312.9742613,30,0.6181025908601182,0,0,1,0
img_014621.jpg,1782803313.0534601,30,0.4073799970779532,0,0,1,0
img_014622.jpg,1782803313.1383321,30,0.268496628995349,0,0,1,0
img_014623.jpg,1782803313.227206,30,0.28725554678166343,0,0,1,0
img_014624.jpg,1782803313.3391259,30,0.3872555467816635,0,0,1,0
img_014625.jpg,1782803313.3995018,30,0.4872555467816636,0,0,1,0
img_014626.jpg,1782803313.481502,30,0.5872555467816637,0,0,1,0
img_014627.jpg,1782803313.5874963,30,0.6872555467816638,0,0,1,0
img_014628.jpg,1782803313.6712248,30,0.6324770947960003,0,0,1,0
img_014629.jpg,1782803313.741501,30,0.4168539670272588,0,0,1,0
img_014630.jpg,1782803313.822297,30,0.2747407475402884,0,0,1,0
img_014631.jpg,1782803313.9273589,30,0.24779332322065215,0,0,1,0
img_014632.jpg,1782803314.0151904,30,0.1633160009070574,0,0,1,0
img_014633.jpg,1782803314.076272,30,0.107638558640756,0,0,1,0
img_014634.jpg,1782803314.1550577,30,0.07094258518400201,0,0,1,0
img_014635.jpg,1782803314.2511418,30,0.0467569471028178,0,0,1,0
img_014636.jpg,1782803314.3268478,30,0.030816639916706995,0,0,1,0
img_014637.jpg,1782803314.4089522,30,0.02031067797620917,0,0,1,0
img_014638.jpg,1782803314.5041497,30,0.013386392577784638,0,0,1,0
img_014639.jpg,1782803314.58268,30,0.0,0,0,1,0
img_014640.jpg,1782803314.6616468,30,0.0,0,0,1,0
img_014641.jpg,1782803314.74146,30,0.0,0,0,1,0
img_014642.jpg,1782803314.835375,30,0.0,0,0,1,0
img_014643.jpg,1782803314.8942964,30,0.0,0,0,1,0
img_014644.jpg,1782803314.9825404,30,0.0,0,0,1,0
img_014645.jpg,1782803315.0627847,30,0.0,0,0,1,0
img_014646.jpg,1782803315.153722,30,0.0,0,0,1,0
img_014647.jpg,1782803315.2295983,30,0.0,0,0,1,0
img_014648.jpg,1782803315.31199,30,-0.06,0,0,1,0
img_014649.jpg,1782803315.403181,30,-0.03954489139200001,0,0,1,0
img_014650.jpg,1782803315.4851856,30,-0.026063307253417937,0,0,1,0
img_014651.jpg,1782803315.5592606,30,-0.017177844244212304,0,0,1,0
img_014652.jpg,1782803315.6469595,30,-0.011321599749767802,0,0,1,0
img_014653.jpg,1782803315.727192,30,0.0,0,0,1,0
img_014654.jpg,1782803315.8191657,30,0.0,0,0,1,0
img_014655.jpg,1782803315.876416,30,0.0,0,0,1,0
img_014656.jpg,1782803315.9584146,30,0.0,0,0,1,0
img_014657.jpg,1782803316.033782,30,0.0,0,0,1,0
img_014658.jpg,1782803316.1205032,30,0.0,0,0,1,0
img_014659.jpg,1782803316.1876621,30,0.0,0,0,1,0
img_014660.jpg,1782803316.2710924,30,0.0,0,0,1,0
img_014661.jpg,1782803316.3663933,30,0.0,0,0,1,0
img_014662.jpg,1782803316.4609652,30,0.0,0,0,1,0
img_014663.jpg,1782803316.5463302,30,0.0,0,0,1,0
img_014664.jpg,1782803316.6266937,30,0.0,0,0,1,0
img_014665.jpg,1782803316.7197585,30,0.0,0,0,1,0
img_014666.jpg,1782803316.7940247,30,0.0,0,0,1,0
img_014667.jpg,1782803316.87451,30,0.0,0,0,1,0
img_014668.jpg,1782803316.9562142,30,0.0,0,0,0,1
img_014669.jpg,1782803317.0538306,30,0.0,0,0,0,1
img_014670.jpg,1782803325.6614308,30,0.0,0,0,0,1
img_014671.jpg,1782803325.7397387,30,0.0,0,0,0,1
img_014672.jpg,1782803325.8170583,30,0.0,0,0,0,1
img_014673.jpg,1782803325.9068325,30,0.0,0,1,0,0
img_014674.jpg,1782803326.0015907,30,0.0,0,1,0,0
img_014675.jpg,1782803326.0768042,30,0.0,0,1,0,0
img_014676.jpg,1782803326.1666317,30,0.0,0,1,0,0
img_014677.jpg,1782803326.25472,30,0.0,0,1,0,0
img_014678.jpg,1782803326.345567,30,0.0,0,1,0,0
img_014679.jpg,1782803326.4295926,30,0.0,0,1,0,0
img_014680.jpg,1782803326.5085838,30,0.0,0,1,0,0
img_014681.jpg,1782803326.6002693,30,0.0,0,1,0,0
img_014682.jpg,1782803326.679418,30,0.0,0,1,0,0
img_014683.jpg,1782803326.7357314,30,0.0,0,1,0,0
img_014684.jpg,1782803326.8197784,30,0.0,0,1,0,0
img_014685.jpg,1782803326.9137728,30,0.0,0,1,0,0
img_014686.jpg,1782803326.9909432,30,0.0,0,1,0,0
img_014687.jpg,1782803327.0694597,30,-0.031147520000000005,0,1,0,0
img_014688.jpg,1782803327.153735,30,-0.02052875492550247,0,1,0,0
img_014689.jpg,1782803327.2502868,30,-0.013530123065699671,0,1,0,0
img_014690.jpg,1782803327.3163726,30,0.0,0,1,0,0
img_014691.jpg,1782803327.4004018,30,0.0,0,1,0,0
img_014692.jpg,1782803327.4997065,30,0.0,0,1,0,0
img_014693.jpg,1782803327.5801783,30,0.0,0,1,0,0
img_014694.jpg,1782803327.6569078,30,0.0,0,1,0,0
img_014695.jpg,1782803327.737818,30,0.0,0,1,0,0
img_014696.jpg,1782803327.8432245,30,0.0,0,1,0,0
img_014697.jpg,1782803327.9242337,30,0.0,0,1,0,0
img_014698.jpg,1782803328.000584,30,0.0,0,1,0,0
img_014699.jpg,1782803328.0733297,30,0.0,0,1,0,0
img_014700.jpg,1782803328.1867604,30,0.0,0,1,0,0
img_014701.jpg,1782803328.2541163,30,0.0,0,1,0,0
img_014702.jpg,1782803328.33897,30,0.0,0,1,0,0
img_014703.jpg,1782803328.4464495,30,0.0,0,1,0,0
img_014704.jpg,1782803328.5141325,30,0.0,0,1,0,0
img_014705.jpg,1782803328.5937095,30,0.0,0,1,0,0
img_014706.jpg,1782803328.6690643,30,0.0,0,1,0,0
img_014707.jpg,1782803328.7738643,30,0.0,0,1,0,0
img_014708.jpg,1782803328.8521826,30,0.0,0,1,0,0
img_014709.jpg,1782803328.9266698,30,0.0,0,1,0,0
img_014710.jpg,1782803329.0096278,30,0.0,0,1,0,0
img_014711.jpg,1782803329.1038802,30,0.0,0,1,0,0
img_014712.jpg,1782803329.1926677,30,0.0,0,1,0,0
img_014713.jpg,1782803329.2600133,30,0.0,0,1,0,0
img_014714.jpg,1782803329.3489277,30,0.0,0,1,0,0
img_014715.jpg,1782803329.425818,30,0.0,0,1,0,0
img_014716.jpg,1782803329.503959,30,0.0,0,1,0,0
img_014717.jpg,1782803329.5641026,30,0.0,0,1,0,0
img_014718.jpg,1782803329.654099,30,0.0,0,1,0,0
img_014719.jpg,1782803329.7415109,30,0.0,0,1,0,0
img_014720.jpg,1782803329.8209608,30,0.0,0,1,0,0
img_014721.jpg,1782803329.904007,30,0.0,0,1,0,0
img_014722.jpg,1782803330.0008166,30,0.0,0,1,0,0
img_014723.jpg,1782803330.105661,30,-0.08,0,1,0,0
img_014724.jpg,1782803330.1756995,30,-0.05272652185600001,0,1,0,0
img_014725.jpg,1782803330.252156,30,-0.03475107633789058,0,1,0,0
img_014726.jpg,1782803330.3360941,30,-0.022903792325616408,0,1,0,0
img_014727.jpg,1782803330.4146194,30,-0.015095466333023737,0,1,0,0
img_014728.jpg,1782803330.5010927,30,0.0,0,1,0,0
img_014729.jpg,1782803330.590098,30,0.0,0,1,0,0
img_014730.jpg,1782803330.6692991,30,0.0,0,1,0,0
img_014731.jpg,1782803330.747455,30,0.0,0,1,0,0
img_014732.jpg,1782803330.842806,30,0.0,0,1,0,0
img_014733.jpg,1782803330.9342506,30,0.0,0,1,0,0
img_014734.jpg,1782803331.0148244,30,0.0,0,1,0,0
img_014735.jpg,1782803331.0910916,30,0.0,0,1,0,0
img_014736.jpg,1782803331.1774049,30,0.0,0,1,0,0
img_014737.jpg,1782803331.276907,30,0.0,0,1,0,0
img_014738.jpg,1782803331.3539984,30,0.0,0,1,0,0
img_014739.jpg,1782803331.4313917,30,0.0,0,1,0,0
img_014740.jpg,1782803331.5239604,30,0.0,0,1,0,0
img_014741.jpg,1782803331.5919156,30,0.0,0,1,0,0
img_014742.jpg,1782803331.6924667,30,0.0,0,1,0,0
img_014743.jpg,1782803331.773839,30,0.0,0,1,0,0
img_014744.jpg,1782803331.8455024,30,0.0,0,1,0,0
img_014745.jpg,1782803331.925855,30,0.0,0,1,0,0
img_014746.jpg,1782803332.0033596,30,0.02,0,1,0,0
img_014747.jpg,1782803332.0947912,30,0.09200000000000001,0,1,0,0
img_014748.jpg,1782803332.1829486,30,0.06063550013440003,0,1,0,0
img_014749.jpg,1782803332.2897944,30,0.039963737788574184,0,1,0,0
img_014750.jpg,1782803332.343694,30,0.02633936117445888,0,1,0,0
img_014751.jpg,1782803332.432215,30,0.017359786282977303,0,1,0,0
img_014752.jpg,1782803332.5120971,30,0.011441514385811149,0,1,0,0
img_014753.jpg,1782803332.5896156,30,0.0,0,1,0,0
img_014754.jpg,1782803332.6766887,30,0.04,0,1,0,0
img_014755.jpg,1782803332.7701285,30,0.08464000000000002,0,1,0,0
img_014756.jpg,1782803332.852797,30,0.05578466012364803,0,1,0,0
img_014757.jpg,1782803332.9525237,30,0.03676663876548825,0,1,0,0
img_014758.jpg,1782803333.0127604,30,0.10742530766424921,0,1,0,0
img_014759.jpg,1782803333.1041586,30,0.07080203540558203,0,1,0,0
img_014760.jpg,1782803333.1901312,30,0.04666431334077134,0,1,0,0
img_014761.jpg,1782803370.1567142,30,0.11842638480150619,0,1,0,0
img_014762.jpg,1782803370.2495532,30,0.07805264208204606,0,1,0,0
img_014763.jpg,1782803370.3303223,30,0.05144305423321935,0,1,0,0
img_014764.jpg,1782803370.3956404,30,0.12092760989456182,0,1,0,0
img_014765.jpg,1782803370.4833112,30,0.07970115332624321,0,1,0,0
img_014766.jpg,1782803370.560943,30,0.15332506106014376,0,1,0,0
img_014767.jpg,1782803370.6446314,30,0.12416885353505715,0,1,0,0
img_014768.jpg,1782803370.7086267,30,0.1366887962215066,0,1,0,0
img_014769.jpg,1782803370.7998917,30,0.23668879622150654,0,1,0,0
img_014770.jpg,1782803370.8785684,30,0.15599721233804498,0,1,0,0
img_014771.jpg,1782803370.9562166,30,0.10281488032271253,0,1,0,0
img_014772.jpg,1782803371.0476754,30,0.0677633879307191,0,1,0,0
img_014773.jpg,1782803371.1413918,30,0.0927665370209958,0,1,0,0
img_014774.jpg,1782803371.2185125,30,0.19276653702099578,0,1,0,0
img_014775.jpg,1782803371.3067944,30,0.12704886284178712,0,1,0,0
img_014776.jpg,1782803371.3776755,30,0.08373555804259296,0,1,0,0
img_014777.jpg,1782803371.491463,30,0.12165777632725071,0,1,0,0
img_014778.jpg,1782803371.5594194,30,0.0801823925308893,0,1,0,0
img_014779.jpg,1782803371.6448174,30,0.05284673340307884,0,1,0,0
img_014780.jpg,1782803371.736268,30,0.034830305547445525,0,1,0,0
img_014781.jpg,1782803371.8120587,30,0.02295601083373181,0,1,0,0
img_014782.jpg,1782803371.8917847,30,0.015129882586891668,0,1,0,0
img_014783.jpg,1782803371.9514217,30,0.0,0,1,0,0
img_014784.jpg,1782803372.0419188,30,0.0,0,1,0,0
img_014785.jpg,1782803372.1218314,30,0.0,0,1,0,0
img_014786.jpg,1782803372.2037215,30,0.0,0,1,0,0
img_014787.jpg,1782803372.270676,30,0.0,0,1,0,0
img_014788.jpg,1782803372.361294,30,0.0,0,1,0,0
img_014789.jpg,1782803372.4403286,30,0.0,0,1,0,0
img_014790.jpg,1782803372.5205648,30,0.0,0,1,0,0
img_014791.jpg,1782803372.5861955,30,0.0,0,1,0,0
img_014792.jpg,1782803372.7011921,30,0.0,0,1,0,0
img_014793.jpg,1782803372.786352,30,0.0,0,1,0,0
img_014794.jpg,1782803372.8645208,30,0.0,0,1,0,0
img_014795.jpg,1782803372.931494,30,0.0,0,1,0,0
img_014796.jpg,1782803373.0274634,30,0.0,0,1,0,0
img_014797.jpg,1782803373.1109514,30,0.0,0,1,0,0
img_014798.jpg,1782803373.1939018,30,0.0,0,1,0,0
img_014799.jpg,1782803373.282388,30,0.0,0,1,0,0
img_014800.jpg,1782803373.3594038,30,0.0,0,1,0,0
img_014801.jpg,1782803373.4363456,30,0.0,0,1,0,0
img_014802.jpg,1782803373.5037482,30,0.0,0,1,0,0
img_014803.jpg,1782803373.5914392,30,0.0,0,1,0,0
img_014804.jpg,1782803373.678044,30,0.0,0,1,0,0
img_014805.jpg,1782803373.7705112,30,0.0,0,1,0,0
img_014806.jpg,1782803373.8648393,30,0.0,0,1,0,0
img_014807.jpg,1782803373.945174,30,0.0,0,1,0,0
img_014808.jpg,1782803374.0238209,30,0.0,0,1,0,0
img_014809.jpg,1782803374.1089275,30,0.0,0,1,0,0
img_014810.jpg,1782803374.1947532,30,0.0,0,1,0,0
img_014811.jpg,1782803374.2654676,30,0.0,0,1,0,0
img_014812.jpg,1782803374.346238,30,0.0,0,1,0,0
img_014813.jpg,1782803374.430308,30,0.0,0,1,0,0
img_014814.jpg,1782803374.5179274,30,0.0,0,1,0,0
img_014815.jpg,1782803374.5953283,30,0.0,0,1,0,0
img_014816.jpg,1782803374.6711926,30,0.0,0,1,0,0
img_014817.jpg,1782803374.7510169,30,0.0,0,1,0,0
img_014818.jpg,1782803374.8384159,30,0.0,0,1,0,0
img_014819.jpg,1782803374.8983839,30,0.0,0,1,0,0
img_014820.jpg,1782803375.0008035,30,0.0,0,1,0,0
img_014821.jpg,1782803375.103355,30,0.0,0,1,0,0
img_014822.jpg,1782803375.1824577,30,0.0,0,1,0,0
img_014823.jpg,1782803375.2597747,30,0.0,0,1,0,0
img_014824.jpg,1782803375.3255124,30,0.0,0,1,0,0
img_014825.jpg,1782803375.4153965,30,0.0,0,1,0,0
img_014826.jpg,1782803375.5026224,30,0.04,0,1,0,0
img_014827.jpg,1782803375.578404,30,0.08464000000000002,0,1,0,0
img_014828.jpg,1782803375.6695492,30,0.05578466012364803,0,1,0,0
img_014829.jpg,1782803375.7650652,30,0.03676663876548825,0,1,0,0
img_014830.jpg,1782803375.844962,30,0.02423221228050217,0,1,0,0
img_014831.jpg,1782803375.924545,30,0.01597100338033912,0,1,0,0
img_014832.jpg,1782803376.0054746,30,0.010526193234946257,0,1,0,0
img_014833.jpg,1782803376.0922425,30,0.0,0,1,0,0
img_014834.jpg,1782803376.1765997,30,0.0,0,1,0,0
img_014835.jpg,1782803376.2373688,30,0.0,0,1,0,0
img_014836.jpg,1782803376.324817,30,0.1,0,1,0,0
img_014837.jpg,1782803376.4174225,30,0.08596715520000002,0,1,0,0
img_014838.jpg,1782803376.5234375,30,0.056659363594386815,0,1,0,0
img_014839.jpg,1782803376.5896044,30,0.0373431396613311,0,1,0,0
img_014840.jpg,1782803376.6976163,30,0.024612173369060436,0,1,0,0
img_014841.jpg,1782803376.7735252,30,0.016221428713342832,0,1,0,0
img_014842.jpg,1782803376.839043,30,-0.0273685681180645,0,1,0,0
img_014843.jpg,1782803376.9218736,30,-0.12736856811806452,0,1,0,0
img_014844.jpg,1782803377.0185237,30,-0.08394626988305694,0,1,0,0
img_014845.jpg,1782803377.0994549,30,-0.05532743542148347,0,1,0,0
img_014846.jpg,1782803377.186697,30,-0.036465290412340964,0,1,0,0
img_014847.jpg,1782803377.2679684,30,-0.0908642218050054,0,1,0,0
img_014848.jpg,1782803377.3533669,30,-0.10190239914889605,0,1,0,0
img_014849.jpg,1782803377.4151652,30,-0.0671619884487888,0,1,0,0
img_014850.jpg,1782803387.1706393,30,0.0,0,1,0,0
img_014851.jpg,1782803387.240504,30,0.0,0,1,0,0
img_014852.jpg,1782803387.3269007,30,0.0,0,1,0,0
img_014853.jpg,1782803387.4126036,30,0.0,0,1,0,0
img_014854.jpg,1782803387.4936092,30,0.0,0,1,0,0
img_014855.jpg,1782803387.5644622,30,0.0,0,1,0,0
img_014856.jpg,1782803387.650746,30,0.0,0,1,0,0
img_014857.jpg,1782803387.7399218,30,0.0,0,1,0,0
img_014858.jpg,1782803387.8168204,30,0.0,0,1,0,0
img_014859.jpg,1782803387.9010944,30,0.0,0,1,0,0
img_014860.jpg,1782803387.99705,30,0.0,0,1,0,0
img_014861.jpg,1782803388.0850976,30,0.0,0,1,0,0
img_014862.jpg,1782803388.1613884,30,0.0,0,1,0,0
img_014863.jpg,1782803388.2412145,30,0.0,0,1,0,0
img_014864.jpg,1782803388.3214672,30,0.0,0,1,0,0
img_014865.jpg,1782803388.4125073,30,0.0,0,1,0,0
img_014866.jpg,1782803388.472365,30,0.0,0,1,0,0
img_014867.jpg,1782803388.5620096,30,0.0,0,1,0,0
img_014868.jpg,1782803388.6556091,30,0.0,0,1,0,0
img_014869.jpg,1782803388.7327614,30,0.0,0,1,0,0
img_014870.jpg,1782803388.8147626,30,0.0,0,1,0,0
img_014871.jpg,1782803388.8936949,30,0.0,0,1,0,0
img_014872.jpg,1782803388.9830718,30,0.0,0,1,0,0
img_014873.jpg,1782803389.0666208,30,0.0,0,1,0,0
img_014874.jpg,1782803389.1290932,30,0.0,0,1,0,0
img_014875.jpg,1782803389.211303,30,0.0,0,1,0,0
img_014876.jpg,1782803389.3027701,30,0.0,0,1,0,0
img_014877.jpg,1782803389.3868277,30,0.0,0,1,0,0
img_014878.jpg,1782803389.4689813,30,0.0,0,1,0,0
img_014879.jpg,1782803389.5578585,30,0.0,0,1,0,0
img_014880.jpg,1782803389.6427,30,0.0,0,1,0,0
img_014881.jpg,1782803389.7235522,30,0.0,0,1,0,0
img_014882.jpg,1782803389.7999942,30,0.0,0,1,0,0
img_014883.jpg,1782803389.8887303,30,0.0,0,1,0,0
img_014884.jpg,1782803389.9746182,30,0.0,0,1,0,0
img_014885.jpg,1782803390.0352843,30,0.0,0,1,0,0
img_014886.jpg,1782803390.1201403,30,0.0,0,1,0,0
img_014887.jpg,1782803390.2097712,30,0.0,0,1,0,0
img_014888.jpg,1782803390.2938159,30,0.0,0,1,0,0
img_014889.jpg,1782803390.3768985,30,0.0,0,1,0,0
img_014890.jpg,1782803390.4635997,30,0.0,0,1,0,0
img_014891.jpg,1782803390.5414968,30,0.0,0,1,0,0
img_014892.jpg,1782803390.630055,30,0.0,0,1,0,0
img_014893.jpg,1782803390.7152653,30,0.0,0,1,0,0
img_014894.jpg,1782803390.8088124,30,0.0,0,1,0,0
img_014895.jpg,1782803390.880404,30,0.0,0,1,0,0
img_014896.jpg,1782803390.9626973,30,0.0,0,1,0,0
img_014897.jpg,1782803391.0427942,30,0.0,0,1,0,0
img_014898.jpg,1782803391.1230838,30,0.0,0,1,0,0
img_014899.jpg,1782803391.1997204,30,0.0,0,1,0,0
img_014900.jpg,1782803391.2868168,30,0.0,0,1,0,0
img_014901.jpg,1782803391.382905,30,0.0,0,1,0,0
img_014902.jpg,1782803391.4730806,30,0.0,0,1,0,0
img_014903.jpg,1782803391.55097,30,0.0,0,1,0,0
img_014904.jpg,1782803391.612771,30,0.0,0,1,0,0
img_014905.jpg,1782803391.7021189,30,0.0,0,1,0,0
img_014906.jpg,1782803391.7788327,30,0.0,0,1,0,0
img_014907.jpg,1782803391.8596847,30,0.0,0,1,0,0
img_014908.jpg,1782803391.9519706,30,0.0,0,1,0,0
img_014909.jpg,1782803392.042305,30,0.0,0,1,0,0
img_014910.jpg,1782803392.1259317,30,0.0,0,1,0,0
img_014911.jpg,1782803392.2049272,30,0.0,0,1,0,0
img_014912.jpg,1782803392.2881312,30,0.0,0,1,0,0
img_014913.jpg,1782803392.3800642,30,0.0,0,1,0,0
img_014914.jpg,1782803392.4658244,30,0.0,0,1,0,0
img_014915.jpg,1782803392.5311396,30,0.0,0,1,0,0
img_014916.jpg,1782803392.6210532,30,0.0,0,1,0,0
img_014917.jpg,1782803392.702652,30,0.0,0,1,0,0
img_014918.jpg,1782803392.7818277,30,0.0,0,1,0,0
img_014919.jpg,1782803392.8428988,30,0.0,0,1,0,0
img_014920.jpg,1782803392.9504979,30,0.0,0,1,0,0
img_014921.jpg,1782803393.0398533,30,0.0,0,1,0,0
img_014922.jpg,1782803393.1129463,30,0.0,0,1,0,0
img_014923.jpg,1782803393.175828,30,0.0,0,1,0,0
img_014924.jpg,1782803393.2710092,30,0.0,0,1,0,0
img_014925.jpg,1782803393.3514836,30,0.0,0,1,0,0
img_014926.jpg,1782803393.4289868,30,0.0,0,1,0,0
img_014927.jpg,1782803393.5119967,30,0.0,0,1,0,0
img_014928.jpg,1782803393.610376,30,0.0,0,1,0,0
img_014929.jpg,1782803393.683879,30,0.0,0,1,0,0
img_014930.jpg,1782803393.760477,30,0.0,0,1,0,0
img_014931.jpg,1782803393.836818,30,0.0,0,1,0,0
img_014932.jpg,1782803393.9384902,30,0.0,0,1,0,0
img_014933.jpg,1782803394.0017982,30,0.0,0,1,0,0
img_014934.jpg,1782803394.084544,30,0.0,0,1,0,0
img_014935.jpg,1782803394.1755044,30,0.0,0,1,0,0
img_014936.jpg,1782803394.2547572,30,0.0,0,1,0,0
img_014937.jpg,1782803394.329765,30,0.0,0,1,0,0
img_014938.jpg,1782803394.4185297,30,0.0,0,1,0,0
img_014939.jpg,1782803394.51229,30,0.0,0,1,0,0
img_014940.jpg,1782803394.60007,30,0.0,0,1,0,0
img_014941.jpg,1782803394.6804845,30,0.0,0,1,0,0
img_014942.jpg,1782803394.7633681,30,0.0,0,1,0,0
img_014943.jpg,1782803394.845516,30,0.0,0,1,0,0
img_014944.jpg,1782803394.9240372,30,0.08,0,1,0,0
img_014945.jpg,1782803395.0084188,30,0.07163929600000002,0,1,0,0
img_014946.jpg,1782803395.0971036,30,0.07132188731375619,0,1,0,0
img_014947.jpg,1782803395.1726828,30,0.13921613632865568,0,1,0,0
img_014948.jpg,1782803395.2618344,30,0.09175478318550925,0,1,0,0
img_014949.jpg,1782803421.312178,30,0.010365448595885042,0,0,0,1
img_014950.jpg,1782803421.3993523,30,0.0,0,0,0,1
img_014951.jpg,1782803421.4863517,30,0.0,0,0,0,1
img_014952.jpg,1782803421.5673993,30,0.1,0,0,0,1
img_014953.jpg,1782803421.6573486,30,0.1656,0,0,0,1
img_014954.jpg,1782803421.7447188,30,0.10914390024192003,0,0,0,1
img_014955.jpg,1782803421.8182125,30,0.07193472801943353,0,0,0,1
img_014956.jpg,1782803421.9221475,30,0.07153353273263693,0,0,0,1
img_014957.jpg,1782803422.0073183,30,0.1715335327326369,0,0,0,1
img_014958.jpg,1782803422.0950327,30,0.16471862353651157,0,0,0,1
img_014959.jpg,1782803422.1639738,30,0.10856300129985146,0,0,0,1
img_014960.jpg,1782803422.257257,30,0.07155186825986969,0,0,0,1
img_014961.jpg,1782803422.337392,30,0.047158514320520664,0,0,0,1
img_014962.jpg,1782803422.419771,30,0.031081305450217783,0,0,0,1
img_014963.jpg,1782803422.515519,30,0.020485114139174004,0,0,0,1
img_014964.jpg,1782803422.5820749,30,0.013501360229772661,0,0,0,1
img_014965.jpg,1782803422.6629398,30,0.0,0,0,0,1
img_014966.jpg,1782803422.7502244,30,0.0,0,0,0,1
img_014967.jpg,1782803422.85051,30,0.0,0,0,0,1
img_014968.jpg,1782803422.932473,30,0.0,0,0,0,1
img_014969.jpg,1782803423.0106606,30,0.0,0,0,0,1
img_014970.jpg,1782803423.0901175,30,0.0,0,0,0,1
img_014971.jpg,1782803423.1822774,30,0.0,0,0,0,1
img_014972.jpg,1782803423.237243,30,0.0,0,0,0,1
img_014973.jpg,1782803423.3181758,30,0.0,0,0,0,1
img_014974.jpg,1782803423.3957725,30,0.0,0,0,0,1
img_014975.jpg,1782803423.484299,30,0.0,0,0,0,1
img_014976.jpg,1782803423.5555341,30,0.0,0,0,0,1
img_014977.jpg,1782803423.6373043,30,0.0,0,0,0,1
img_014978.jpg,1782803423.7283063,30,-0.08,0,0,0,1
img_014979.jpg,1782803423.814234,30,-0.05272652185600001,0,0,0,1
img_014980.jpg,1782803423.8987527,30,-0.03475107633789058,0,0,0,1
img_014981.jpg,1782803423.9841416,30,-0.0846133110123906,0,0,0,1
img_014982.jpg,1782803424.0732868,30,-0.05576706990504174,0,0,0,1
img_014983.jpg,1782803424.137307,30,-0.08342514813021715,0,0,0,1
img_014984.jpg,1782803424.2218852,30,-0.12139504537741581,0,0,0,1
img_014985.jpg,1782803424.3054214,30,-0.08000923141628034,0,0,0,1
img_014986.jpg,1782803424.4038908,30,-0.05273260611190336,0,0,0,1
img_014987.jpg,1782803424.477258,30,-0.034755086358538904,0,0,0,1
img_014988.jpg,1782803424.5540447,30,-0.022906435256133367,0,0,0,1
img_014989.jpg,1782803424.6373937,30,-0.10107392043564271,0,0,0,1
img_014990.jpg,1782803424.731519,30,-0.08673650423969459,0,0,0,1
img_014991.jpg,1782803424.817239,30,-0.05716642733134119,0,0,0,1
img_014992.jpg,1782803424.8860583,30,-0.03767733600144247,0,0,0,1
img_014993.jpg,1782803424.988485,30,-0.046991778262987935,0,0,0,1
img_014994.jpg,1782803425.0716507,30,-0.06773945383204957,0,0,0,1
img_014995.jpg,1782803425.157408,30,-0.04464582241236331,0,0,0,1
img_014996.jpg,1782803425.2287433,30,-0.07476516616263837,0,0,0,1
img_014997.jpg,1782803425.3258274,30,-0.11406523664005713,0,0,0,1
img_014998.jpg,1782803425.4074433,30,-0.07517828990889733,0,0,0,1
img_014999.jpg,1782803425.477284,30,-0.12363090457889071,0,0,0,1
img_015000.jpg,1782803425.5687075,30,-0.1028961688787491,0,0,0,1
img_015001.jpg,1782803425.663984,30,-0.06781696371605041,0,0,0,1
img_015002.jpg,1782803425.730479,30,-0.08666425584212388,0,0,0,1
img_015003.jpg,1782803425.8264053,30,-0.05711880974742151,0,0,0,1
img_015004.jpg,1782803425.9271686,30,-0.03764595213170159,0,0,0,1
img_015005.jpg,1782803426.0103164,30,-0.024811751473276182,0,0,0,1
img_015006.jpg,1782803426.097428,30,-0.016352966954266718,0,0,0,1
img_015007.jpg,1782803426.1753204,30,-0.010777938369057376,0,0,0,1
img_015008.jpg,1782803426.2773464,30,0.0,0,0,0,1
img_015009.jpg,1782803426.365134,30,0.0,0,0,0,1
img_015010.jpg,1782803426.4514482,30,0.0,0,0,0,1
img_015011.jpg,1782803426.531248,30,0.04,0,0,0,1
img_015012.jpg,1782803426.617501,30,0.026363260928000006,0,0,0,1
img_015013.jpg,1782803426.7072241,30,0.01737553816894529,0,0,0,1
img_015014.jpg,1782803426.793136,30,0.011451896162808204,0,0,0,1
img_015015.jpg,1782803426.887234,30,0.0,0,0,0,1
img_015016.jpg,1782803426.9659402,30,0.050784,0,0,0,1
img_015017.jpg,1782803427.0504508,30,0.033470796074188805,0,0,0,1
img_015018.jpg,1782803427.1358995,30,0.022059983259292943,0,0,0,1
img_015019.jpg,1782803427.2292762,30,0.014539327368301295,0,0,0,1
img_015020.jpg,1782803427.2972257,30,0.0,0,0,0,1
img_015021.jpg,1782803427.3892267,30,0.0,0,0,0,1
img_015022.jpg,1782803427.4975197,30,0.02,0,0,0,1
img_015023.jpg,1782803427.5675676,30,0.013181630464000003,0,0,0,1
img_015024.jpg,1782803427.657267,30,0.0,0,0,0,1
img_015025.jpg,1782803427.7434945,30,0.0,0,0,0,1
img_015026.jpg,1782803427.8372834,30,0.0,0,0,0,1
img_015027.jpg,1782803427.9072027,30,0.08,0,0,0,1
img_015028.jpg,1782803427.9965339,30,0.07163929600000002,0,0,0,1
img_015029.jpg,1782803428.0777266,30,0.07132188731375619,0,0,0,1
img_015030.jpg,1782803428.1776905,30,0.06542235716548828,0,0,0,1
img_015031.jpg,1782803428.2575955,30,0.04311866681196446,0,0,0,1
img_015032.jpg,1782803428.3308532,30,0.09649563958964673,0,0,0,1
img_015033.jpg,1782803428.4312267,30,0.06359849312290262,0,0,0,1
img_015034.jpg,1782803428.5078819,30,0.06556151273985586,0,0,0,1
img_015035.jpg,1782803428.597653,30,0.0821994832323729,0,0,0,1
img_015036.jpg,1782803428.6729877,30,0.054176160615045196,0,0,0,1
img_015037.jpg,1782803428.7675633,30,0.10585470234457427,0,0,0,1
img_015038.jpg,1782803428.8472981,30,0.06976687845914463,0,0,0,1
img_015039.jpg,1782803428.9384768,30,0.04598206052376232,0,0,0,1
img_015040.jpg,1782803429.0129356,30,0.030305926489875873,0,0,0,1
img_015041.jpg,1782803429.1130483,30,0.019974076192934627,0,0,0,1
img_015042.jpg,1782803429.192307,30,0.11997407619293464,0,0,0,1
img_015043.jpg,1782803429.278288,30,0.07907269688175224,0,0,0,1
img_015044.jpg,1782803429.3804,30,0.05211535350435717,0,0,0,1
img_015045.jpg,1782803429.464355,30,0.0717291203896009,0,0,0,1
img_015046.jpg,1782803429.5287333,30,0.047275337924174356,0,0,0,1
img_015047.jpg,1782803429.6123087,30,0.10001384601902119,0,0,0,1
img_015048.jpg,1782803429.7114723,30,0.08597707439055083,0,0,0,1
img_015049.jpg,1782803429.7931433,30,0.08159337081478692,0,0,0,1
img_015050.jpg,1782803429.8659983,30,0.0946832987330248,0,0,0,1
img_015051.jpg,1782803429.9274845,30,0.06240401275056264,0,0,0,1
img_015052.jpg,1782803430.0196035,30,0.11281875639207624,0,0,0,1
img_015053.jpg,1782803430.0959947,30,0.2128187563920762,0,0,0,1
img_015054.jpg,1782803430.1797462,30,0.19686693177743303,0,0,0,1
img_015055.jpg,1782803430.2418828,30,0.12975135726358109,0,0,0,1
img_015056.jpg,1782803430.3323176,30,0.14103582488486344,0,0,0,1
img_015057.jpg,1782803430.416628,30,0.2410358248848634,0,0,0,1
img_015058.jpg,1782803430.4957435,30,0.34103582488486345,0,0,0,1
img_015059.jpg,1782803430.587481,30,0.3394367221825485,0,0,0,1
img_015060.jpg,1782803430.670789,30,0.22371647188608934,0,0,0,1
img_015061.jpg,1782803430.7559144,30,0.24935362180438603,0,0,0,1
img_015062.jpg,1782803430.8362436,30,0.3493536218043861,0,0,0,1
img_015063.jpg,1782803430.9245012,30,0.4493536218043862,0,0,0,1
img_015064.jpg,1782803431.0160344,30,0.4311169054952325,0,0,0,1
img_015065.jpg,1782803431.0939138,30,0.2841411867510683,0,0,0,1
img_015066.jpg,1782803431.1707072,30,0.18727220616774978,0,0,0,1
img_015067.jpg,1782803431.2718596,30,0.123427650894065,0,0,0,1
img_015068.jpg,1782803431.3620837,30,0.08134888415625822,0,0,0,1
img_015069.jpg,1782803431.4376566,30,0.053615546480327035,0,0,0,1
img_015070.jpg,1782803431.5060036,30,0.035337016041454346,0,0,0,1
img_015071.jpg,1782803431.5825145,30,0.023289974357944568,0,0,0,1
img_015072.jpg,1782803431.662523,30,0.015349991775123056,0,0,0,1
img_015073.jpg,1782803431.7526982,30,0.010116895960255577,0,0,0,1
img_015074.jpg,1782803431.848398,30,0.0,0,0,0,1
img_015075.jpg,1782803431.9254117,30,0.0,0,0,0,1
img_015076.jpg,1782803432.0154653,30,-0.02,0,0,0,1
img_015077.jpg,1782803432.1007311,30,-0.06771200000000001,0,0,0,1
img_015078.jpg,1782803432.1889157,30,-0.044627728098918414,0,0,0,1
img_015079.jpg,1782803432.2687805,30,-0.02941331101239059,0,0,0,1
img_015080.jpg,1782803432.3328834,30,-0.01938576982440173,0,0,0,1
img_015081.jpg,1782803432.4228027,30,0.024904533666976265,0,0,0,1
img_015082.jpg,1782803432.5040145,30,0.03216929179110479,0,0,0,1
img_015083.jpg,1782803432.5856464,30,0.0212021858339466,0,0,0,1
img_015084.jpg,1782803432.6674662,30,0.013973968934606992,0,0,0,1
img_015085.jpg,1782803432.7658975,30,0.03001085296801115,0,0,0,1
img_015086.jpg,1782803432.8559277,30,0.05451661107595467,0,0,0,1
img_015087.jpg,1782803432.9397297,30,0.035930891067642204,0,0,0,1
img_015088.jpg,1782803433.0101068,30,0.06797895370368018,0,0,0,1
img_015089.jpg,1782803433.1005225,30,0.044803672352563814,0,0,0,1
img_015090.jpg,1782803433.1820676,30,0.029529272619081497,0,0,0,1
img_015091.jpg,1782803433.2658541,30,0.01946219797677229,0,0,0,1
img_015092.jpg,1782803433.3325799,30,0.01282717508735104,0,0,0,1
img_015093.jpg,1782803433.42093,30,0.04678836731441921,0,0,0,1
img_015094.jpg,1782803433.5058284,30,0.030837348397628514,0,0,1,0
img_015095.jpg,1782803433.5867047,30,0.020324326553358082,0,0,1,0
img_015096.jpg,1782803433.6798232,30,0.01339538810280145,0,0,1,0
img_015097.jpg,1782803433.758697,30,0.11339538810280146,0,0,1,0
img_015098.jpg,1782803433.84086,30,0.07473680511464956,0,0,1,0
img_015099.jpg,1782803433.9046917,30,0.04925764735406479,0,0,1,0
img_015100.jpg,1782803433.999495,30,0.12531703556573962,0,0,1,0
img_015101.jpg,1782803434.108725,30,0.08259414268357626,0,0,1,0
img_015102.jpg,1782803434.175525,30,0.054436273367289595,0,0,1,0
img_015103.jpg,1782803434.2610276,30,0.03587794196824483,0,0,1,0
img_015104.jpg,1782803434.3573213,30,0.09036709008192244,0,0,1,0
img_015105.jpg,1782803434.432509,30,0.10151528864171204,0,0,1,0
img_015106.jpg,1782803434.5125518,30,0.06690685106606725,0,0,1,0
img_015107.jpg,1782803434.597444,30,0.11662995874231934,0,0,1,0
img_015108.jpg,1782803434.697427,30,0.2166299587423193,0,0,1,0
img_015109.jpg,1782803434.7763164,30,0.14277680317864097,0,0,1,0
img_015110.jpg,1782803434.8381965,30,0.09410155291660531,0,0,1,0
img_015111.jpg,1782803434.9361303,30,0.13964755438861473,0,0,1,0
img_015112.jpg,1782803435.0196333,30,0.23964755438861468,0,0,1,0
img_015113.jpg,1782803435.0974474,30,0.29407575003752556,0,0,1,0
img_015114.jpg,1782803435.1865075,30,0.1938198932709148,0,0,1,0
img_015115.jpg,1782803435.2773433,30,0.19092522505134213,0,0,1,0
img_015116.jpg,1782803435.342068,30,0.29092522505134216,0,0,1,0
img_015117.jpg,1782803435.4175768,30,0.39092522505134225,0,0,1,0
img_015118.jpg,1782803435.5028818,30,0.3355563016447797,0,0,1,0
img_015119.jpg,1782803435.5934367,30,0.26039017218195665,0,0,1,0
img_015120.jpg,1782803435.6758325,30,0.3131589584074002,0,0,1,0
img_015121.jpg,1782803435.7605531,30,0.2063972833108748,0,0,1,0
img_015122.jpg,1782803435.8267016,30,0.2007190877467785,0,0,1,0
img_015123.jpg,1782803435.93762,30,0.3007190877467785,0,0,1,0
img_015124.jpg,1782803435.996014,30,0.1981983944074613,0,0,1,0
img_015125.jpg,1782803436.0793803,30,0.13062889968186397,0,0,1,0
img_015126.jpg,1782803436.1798546,30,0.20017858770731484,0,0,1,0
img_015127.jpg,1782803436.2557218,30,0.13193400849816192,0,0,1,0
img_015128.jpg,1782803436.3351412,30,0.1145165948726634,0,0,1,0
img_015129.jpg,1782803436.3986273,30,0.21451659487266336,0,0,1,0
img_015130.jpg,1782803436.4945009,30,0.3145165948726634,0,0,1,0
img_015131.jpg,1782803436.5797286,30,0.4145165948726635,0,0,1,0
img_015132.jpg,1782803436.6577682,30,0.5145165948726635,0,0,1,0
img_015133.jpg,1782803436.7328687,30,0.33910838106035246,0,0,1,0
img_015134.jpg,1782803436.8243554,30,0.2629348568686339,0,0,1,0
img_015135.jpg,1782803436.9040468,30,0.2733320628536118,0,0,1,0
img_015136.jpg,1782803436.9842997,30,0.18014811232495662,0,0,1,0
img_015137.jpg,1782803437.076101,30,0.21247736227184327,0,0,1,0
img_015138.jpg,1782803437.1616735,30,0.19660109227273712,0,0,1,0
img_015139.jpg,1782803437.224985,30,0.12957614735789938,0,0,1,0
img_015140.jpg,1782803437.3122437,30,0.085401244571032,0,0,1,0
img_015141.jpg,1782803437.399991,30,0.05628638235505151,0,0,1,0
img_015142.jpg,1782803437.483363,30,0.03709731461798496,0,0,1,0
img_015143.jpg,1782803437.5575829,30,0.024450154625051162,0,0,1,0
img_015144.jpg,1782803437.6406395,30,0.01611464515275425,0,0,1,0
img_015145.jpg,1782803437.7406254,30,0.08842547354053393,0,0,1,0
img_015146.jpg,1782803437.8205533,30,0.05827959579077641,0,0,1,0
img_015147.jpg,1782803437.899801,30,0.03841100476526524,0,0,1,0
img_015148.jpg,1782803437.9717643,30,0.08329507443332052,0,0,1,0
img_015149.jpg,1782803438.0602221,30,0.05489824453257028,0,0,1,0
img_015150.jpg,1782803438.1385217,30,0.0361824186275325,0,0,1,0
img_015151.jpg,1782803438.217649,30,0.023847163582094173,0,0,1,0
img_015152.jpg,1782803438.3042915,30,0.10193939049552665,0,0,1,0
img_015153.jpg,1782803438.396381,30,0.06718636876187133,0,0,1,0
img_015154.jpg,1782803438.4761086,30,0.04428129426185107,0,0,1,0
img_015155.jpg,1782803438.5368536,30,0.029184982871368226,0,0,1,0
img_015156.jpg,1782803438.6419146,30,0.019235282965427283,0,0,1,0
img_015157.jpg,1782803438.7378783,30,0.01267761959603683,0,0,0,1
img_015158.jpg,1782803438.823882,30,0.0,0,0,0,1
img_015159.jpg,1782803438.903884,30,0.0,0,0,0,1
img_015160.jpg,1782803438.995698,30,0.0,0,0,0,1
img_015161.jpg,1782803439.0752597,30,0.0,0,0,0,1
img_015162.jpg,1782803439.1359673,30,0.0,0,0,0,1
img_015163.jpg,1782803439.2197804,30,0.0,0,0,0,1
img_015164.jpg,1782803439.3123524,30,0.0,0,0,0,1
img_015165.jpg,1782803439.3953662,30,0.0,0,0,0,1
img_015166.jpg,1782803439.4797912,30,0.0,0,0,0,1
img_015167.jpg,1782803439.541437,30,0.0,0,0,0,1
img_015168.jpg,1782803439.6345384,30,0.1,0,0,0,1
img_015169.jpg,1782803439.7366412,30,0.06590815232000002,0,0,0,1
img_015170.jpg,1782803439.8005939,30,0.043438845422363245,0,0,0,1
img_015171.jpg,1782803439.8864198,30,0.028629740407020522,0,0,0,1
img_015172.jpg,1782803439.9726884,30,0.018869332916279676,0,0,0,1
img_015173.jpg,1782803440.0533245,30,0.01243642868022951,0,0,0,1
img_015174.jpg,1782803440.1284611,30,0.0,0,0,0,1
img_015175.jpg,1782803440.2135003,30,0.0,0,0,0,1
img_015176.jpg,1782803440.2830966,30,-0.04,0,0,0,1
img_015177.jpg,1782803440.3650925,30,-0.0429835776,0,0,0,1
img_015178.jpg,1782803440.4459713,30,-0.028329681797193407,0,0,0,1
img_015179.jpg,1782803440.5420918,30,-0.01867156983066555,0,0,0,1
img_015180.jpg,1782803440.6257885,30,-0.012306086684530218,0,0,0,1
img_015181.jpg,1782803440.7138011,30,0.0,0,0,0,1
img_015182.jpg,1782803440.7960808,30,-0.0736,0,0,0,1
img_015183.jpg,1782803440.875415,30,-0.048508400107520014,0,0,0,1
img_015184.jpg,1782803440.955867,30,-0.031970990230859336,0,0,0,1
img_015185.jpg,1782803441.0324347,30,-0.05604294644088741,0,0,0,1
img_015186.jpg,1782803441.124197,30,-0.0369368705048761,0,0,0,1
img_015187.jpg,1782803441.2058496,30,-0.11398192086448602,0,0,0,1
img_015188.jpg,1782803441.2936854,30,-0.07512337802062732,0,0,0,1
img_015189.jpg,1782803441.3768287,30,-0.07381785914539615,0,0,0,1
img_015190.jpg,1782803441.4648204,30,-0.06721045381403343,0,0,0,1
img_015191.jpg,1782803441.5514386,30,-0.044297168274716414,0,0,0,1
img_015192.jpg,1782803441.6290872,30,-0.02919544513994682,0,0,0,1
img_015193.jpg,1782803441.7125607,30,-0.019242178453338192,0,0,0,1
img_015194.jpg,1782803441.798707,30,-0.054983653455473014,0,0,0,1
img_015195.jpg,1782803441.8751078,30,-0.05371776145058054,0,0,0,1
img_015196.jpg,1782803441.9629486,30,-0.03540438403974287,0,0,0,1
img_015197.jpg,1782803442.0524764,30,-0.0614249689991393,0,0,0,1
img_015198.jpg,1782803442.1317637,30,-0.040484062130465515,0,0,0,1
img_015199.jpg,1782803442.2130098,30,-0.049002497102468096,0,0,0,1
img_015200.jpg,1782803442.2860827,30,-0.09225971354752902,0,0,0,1
img_015201.jpg,1782803442.3755374,30,-0.0608066725349011,0,0,0,1
img_015202.jpg,1782803442.4577193,30,-0.13594213873210903,0,0,0,1
img_015203.jpg,1782803442.5403745,30,-0.08959695186262416,0,0,0,1
img_015204.jpg,1782803442.6206377,30,-0.05905169550769542,0,0,0,1
img_015205.jpg,1782803442.7119093,30,-0.10076535507771342,0,0,0,1
img_015206.jpg,1782803442.7938712,30,-0.06641258371040824,0,0,0,1
img_015207.jpg,1782803442.8663535,30,-0.06757750742554715,0,0,0,1
img_015208.jpg,1782803442.9584904,30,-0.04453908652808893,0,0,0,1
img_015209.jpg,1782803443.0520349,30,-0.029354888990869462,0,0,0,1
img_015210.jpg,1782803443.1369264,30,-0.08004597804187193,0,0,0,1
img_015211.jpg,1782803443.216408,30,-0.05275682513387072,0,0,0,1
img_015212.jpg,1782803443.295146,30,-0.03477104866842757,0,0,0,1
img_015213.jpg,1782803443.3823252,30,-0.06707579834552053,0,0,0,1
img_015214.jpg,1782803443.4459677,30,-0.04420841934342172,0,0,0,1
img_015215.jpg,1782803443.5316195,30,-0.02913695235912674,0,0,0,1
img_015216.jpg,1782803443.6402268,30,-0.08466151647676488,0,0,0,1
img_015217.jpg,1782803443.72797,30,-0.05579884123592811,0,0,0,1
img_015218.jpg,1782803443.8115149,30,-0.05997389703757661,0,0,0,1
img_015219.jpg,1782803443.8923035,30,-0.07784847393639646,0,0,0,1
img_015220.jpg,1782803443.9903727,30,-0.05130849078079569,0,0,0,1
img_015221.jpg,1782803444.0675046,30,-0.09862750659686548,0,0,0,1
img_015222.jpg,1782803444.151103,30,-0.06500356727728017,0,0,0,1
img_015223.jpg,1782803444.2359457,30,-0.042842650134543504,0,0,0,1
img_015224.jpg,1782803444.3277981,30,-0.06450857754796742,0,0,0,1
img_015225.jpg,1782803444.3900242,30,-0.042516411549779705,0,0,0,1
img_015226.jpg,1782803444.4731553,30,-0.09598589073573356,0,0,0,1
img_015227.jpg,1782803444.5564742,30,-0.06326252707181607,0,0,0,1
img_015228.jpg,1782803444.6469314,30,-0.04169516270397378,0,0,0,1
img_015229.jpg,1782803444.7177553,30,-0.08607478571264342,0,0,0,1
img_015230.jpg,1782803444.8039906,30,-0.05673030087660262,0,0,0,1
img_015231.jpg,1782803444.934397,30,-0.10321652666195648,0,0,0,1
img_015232.jpg,1782803445.015854,30,-0.0680281056117757,0,0,0,1
img_015233.jpg,1782803445.0738084,30,-0.14258585716283367,0,0,0,1
img_015234.jpg,1782803445.1489902,30,-0.11647536346701964,0,0,0,1
img_015235.jpg,1782803445.2438962,30,-0.10344213040121408,0,0,0,1
img_015236.jpg,1782803445.3243225,30,-0.11169666563786061,0,0,0,1
img_015237.jpg,1782803445.4000242,30,-0.07361720852496229,0,0,0,1
img_015238.jpg,1782803445.4699,30,-0.04851974192836418,0,0,0,1
img_015239.jpg,1782803445.5681942,30,-0.03197846541541718,0,0,0,1
img_015240.jpg,1782803445.6468477,30,-0.021076415695591683,0,0,0,1
img_015241.jpg,1782803445.7222784,30,-0.047559471985168904,0,0,0,1
img_015242.jpg,1782803445.8026917,30,-0.03134556923857286,0,0,0,1
img_015243.jpg,1782803445.8898675,30,-0.06440841861924583,0,0,0,1
img_015244.jpg,1782803445.9831138,30,-0.0424503986504758,0,0,0,1
img_015245.jpg,1782803446.0661254,30,-0.027978273403002824,0,0,0,1
img_015246.jpg,1782803446.1498084,30,-0.0836808106083016,0,0,0,1
img_015247.jpg,1782803446.2310545,30,-0.05515247611833015,0,0,0,1
img_015248.jpg,1782803446.3211524,30,-0.05951084561773985,0,0,0,1
img_015249.jpg,1782803446.4017398,30,-0.10115397973085503,0,0,0,1
img_015250.jpg,1782803446.4915767,30,-0.06666871903875388,0,0,0,1
img_015251.jpg,1782803446.5507607,30,-0.09191413149084919,0,0,0,1
img_015252.jpg,1782803446.6546526,30,-0.08017449592455868,0,0,0,1
img_015253.jpg,1782803446.7310762,30,-0.05284152889575034,0,0,0,1
img_015254.jpg,1782803446.816091,30,-0.07500306445277405,0,0,0,1
img_015255.jpg,1782803446.8998628,30,-0.0494331339642021,0,0,0,1
img_015256.jpg,1782803446.985627,30,-0.032580465229675976,0,0,0,1
img_015257.jpg,1782803447.0797691,30,-0.03766827512406466,0,0,0,1
img_015258.jpg,1782803447.163931,30,-0.024826464145085207,0,0,0,1
img_015259.jpg,1782803447.236295,30,-0.05318806971220811,0,0,0,1
img_015260.jpg,1782803447.311106,30,-0.03505527400198991,0,0,0,1
img_015261.jpg,1782803447.3990965,30,-0.045113351505896605,0,0,0,1
img_015262.jpg,1782803447.4888103,30,-0.06627674545742361,0,0,0,1
img_015263.jpg,1782803447.5747929,30,-0.04368177834881744,0,0,0,1
img_015264.jpg,1782803447.653971,30,-0.11378723608091207,0,0,0,1
img_015265.jpg,1782803447.7407856,30,-0.07499506487692555,0,0,0,1
img_015266.jpg,1782803447.8044276,30,-0.09839775707888342,0,0,0,1
img_015267.jpg,1782803447.8847086,30,-0.08481931965110226,0,0,0,1
img_015268.jpg,1782803447.9624484,30,-0.055902846392436194,0,0,0,1
img_015269.jpg,1782803448.0499308,30,-0.10731616918655801,0,0,0,1
img_015270.jpg,1782803448.1441383,30,-0.07073010425146557,0,0,0,1
img_015271.jpg,1782803448.222841,30,-0.046616904846150733,0,0,0,1
img_015272.jpg,1782803448.313437,30,-0.090240548261782,0,0,0,1
img_015273.jpg,1782803448.3926766,30,-0.0594758780027784,0,0,0,1
img_015274.jpg,1782803448.4626033,30,-0.08631315249022752,0,0,0,1
img_015275.jpg,1782803448.549035,30,-0.07616199399940547,0,0,0,1
img_015276.jpg,1782803448.6605453,30,-0.05019696301507742,0,0,0,1
img_015277.jpg,1782803448.7277083,30,-0.09327070949596156,0,0,0,1
img_015278.jpg,1782803448.80523,30,-0.06147300128454306,0,0,0,1
img_015279.jpg,1782803448.8967717,30,-0.06403882535031762,0,0,0,1
img_015280.jpg,1782803448.9726424,30,-0.04220680655582613,0,0,0,1
img_015281.jpg,1782803449.0520136,30,-0.027817726354221636,0,0,0,1
img_015282.jpg,1782803449.1152978,30,-0.05846132969931614,0,0,0,1
img_015283.jpg,1782803449.206254,30,-0.03853078222652269,0,0,0,1
img_015284.jpg,1782803449.2980614,30,-0.047603181130373984,0,0,0,1
img_015285.jpg,1782803449.383241,30,-0.04843044303540477,0,0,0,1
img_015286.jpg,1782803449.4616733,30,-0.031919610165025425,0,0,0,1
img_015287.jpg,1782803449.5505266,30,-0.07780075804367755,0,0,0,1
img_015288.jpg,1782803449.6340399,30,-0.05127704211754165,0,0,0,1
img_015289.jpg,1782803449.6917074,30,-0.07992881737242429,0,0,0,1
img_015290.jpg,1782803449.7689533,30,-0.07158830126673046,0,0,0,1
img_015291.jpg,1782803449.8667927,30,-0.04718252664217722,0,0,0,1
img_015292.jpg,1782803449.9557395,30,-0.11700792451080305,0,0,0,1
img_015293.jpg,1782803450.027985,30,-0.0771177611130507,0,0,0,1
img_015294.jpg,1782803450.109918,30,-0.0752466211523513,0,0,0,1
img_015295.jpg,1782803450.193464,30,-0.08974116093188214,0,0,0,1
img_015296.jpg,1782803450.2805598,30,-0.05914674104072122,0,0,0,1
img_015297.jpg,1782803450.371779,30,-0.03898252417743451,0,0,0,1
img_015298.jpg,1782803450.4603562,30,-0.025692661413044368,0,0,0,1
img_015299.jpg,1782803450.5397403,30,-0.01693355841917115,0,0,0,1
img_015300.jpg,1782803450.622898,30,-0.01116059547610351,0,0,0,1
img_015301.jpg,1782803450.6837516,30,0.0,0,0,0,1
img_015302.jpg,1782803450.7938643,30,0.0,0,0,0,1
img_015303.jpg,1782803450.8762836,30,-0.031147520000000005,0,0,0,1
img_015304.jpg,1782803450.9579892,30,-0.02052875492550247,0,0,0,1
img_015305.jpg,1782803451.0409412,30,-0.013530123065699671,0,0,0,1
img_015306.jpg,1782803451.1147447,30,0.0,0,0,0,1
img_015307.jpg,1782803451.1990008,30,0.0,0,0,0,1
img_015308.jpg,1782803451.2849035,30,0.0,0,0,0,1
img_015309.jpg,1782803451.3725476,30,0.0,0,0,0,1
img_015310.jpg,1782803451.4547577,30,0.0,0,0,0,1
img_015311.jpg,1782803451.5414555,30,0.0,0,0,0,1
img_015312.jpg,1782803451.6049688,30,0.0,0,0,0,1
img_015313.jpg,1782803451.7202098,30,0.0,0,0,0,1
img_015314.jpg,1782803451.8049903,30,0.0,0,1,0,0
img_015315.jpg,1782803451.8778164,30,0.0,0,1,0,0
img_015316.jpg,1782803451.961521,30,0.0,0,1,0,0
img_015317.jpg,1782803452.0444827,30,0.0,0,1,0,0
img_015318.jpg,1782803452.1200607,30,0.0,0,1,0,0
img_015319.jpg,1782803452.2052798,30,0.0,0,1,0,0
img_015320.jpg,1782803452.2691357,30,0.0,0,1,0,0
img_015321.jpg,1782803452.3603618,30,0.0,0,1,0,0
img_015322.jpg,1782803452.4415357,30,0.0,0,1,0,0
img_015323.jpg,1782803452.5249527,30,0.0,0,1,0,0
img_015324.jpg,1782803452.61584,30,0.0,0,1,0,0
img_015325.jpg,1782803452.704856,30,0.0,0,1,0,0
img_015326.jpg,1782803452.7707112,30,0.0,0,1,0,0
img_015327.jpg,1782803452.8511047,30,0.0,0,1,0,0
img_015328.jpg,1782803452.9433446,30,0.0,0,1,0,0
img_015329.jpg,1782803453.0287685,30,0.0,0,1,0,0
img_015330.jpg,1782803453.1100974,30,0.0,0,1,0,0
img_015331.jpg,1782803453.1888967,30,0.0,0,1,0,0
img_015332.jpg,1782803453.2803655,30,0.0,0,1,0,0
img_015333.jpg,1782803453.3652337,30,0.0,0,1,0,0
img_015334.jpg,1782803453.4469604,30,0.0,0,1,0,0
img_015335.jpg,1782803453.537845,30,0.0,0,1,0,0
img_015336.jpg,1782803453.6280246,30,0.0,0,1,0,0
img_015337.jpg,1782803453.7058854,30,0.0,0,1,0,0
img_015338.jpg,1782803453.791905,30,0.0,0,1,0,0
img_015339.jpg,1782803453.8663197,30,0.0,0,1,0,0
img_015340.jpg,1782803453.9529393,30,0.0,0,1,0,0
img_015341.jpg,1782803454.037922,30,0.0,0,1,0,0
img_015342.jpg,1782803454.1211445,30,0.0,0,1,0,0
img_015343.jpg,1782803454.2109637,30,0.0,0,1,0,0
img_015344.jpg,1782803454.2943132,30,0.0,0,1,0,0
img_015345.jpg,1782803454.369586,30,0.0,0,1,0,0
img_015346.jpg,1782803454.436138,30,0.0,0,1,0,0
img_015347.jpg,1782803454.5280216,30,0.0,0,1,0,0
img_015348.jpg,1782803454.619204,30,0.0,0,1,0,0
img_015349.jpg,1782803454.6979527,30,0.0,0,1,0,0
img_015350.jpg,1782803454.772573,30,0.0,0,1,0,0
img_015351.jpg,1782803454.8687942,30,0.0,0,1,0,0
img_015352.jpg,1782803454.9520137,30,0.0,0,1,0,0
img_015353.jpg,1782803455.0203419,30,0.0,0,1,0,0
img_015354.jpg,1782803455.1188443,30,0.0,0,1,0,0
img_015355.jpg,1782803455.2037425,30,0.0,0,1,0,0
img_015356.jpg,1782803455.2879884,30,0.0,0,1,0,0
img_015357.jpg,1782803455.3687475,30,0.0,0,1,0,0
img_015358.jpg,1782803455.4549553,30,0.0,0,1,0,0
img_015359.jpg,1782803455.5424132,30,0.0,0,1,0,0
img_015360.jpg,1782803455.6259284,30,0.0,0,1,0,0
img_015361.jpg,1782803455.7028425,30,0.0,0,1,0,0
img_015362.jpg,1782803455.7898152,30,0.0,0,1,0,0
img_015363.jpg,1782803455.8736408,30,0.0,0,1,0,0
img_015364.jpg,1782803455.9562263,30,-0.04,0,1,0,0
img_015365.jpg,1782803456.0370817,30,-0.06229504000000001,0,1,0,0
img_015366.jpg,1782803456.1302514,30,-0.04105750985100494,0,1,0,0
img_015367.jpg,1782803456.2050095,30,-0.027060246131399342,0,1,0,0
img_015368.jpg,1782803456.2902944,30,-0.017834908238449593,0,1,0,0
img_015369.jpg,1782803456.3850694,30,-0.01175465848792959,0,1,0,0
img_015370.jpg,1782803456.464288,30,0.0,0,1,0,0
img_015371.jpg,1782803456.5199685,30,0.0,0,1,0,0
img_015372.jpg,1782803456.6040385,30,0.0,0,1,0,0
img_015373.jpg,1782803456.6916132,30,0.0,0,1,0,0
img_015374.jpg,1782803456.7711399,30,0.0,0,1,0,0
img_015375.jpg,1782803456.8547223,30,0.0,0,1,0,0
img_015376.jpg,1782803456.9161868,30,0.0,0,1,0,0
img_015377.jpg,1782803457.0291986,30,0.0,0,1,0,0
img_015378.jpg,1782803457.118101,30,0.0,0,1,0,0
img_015379.jpg,1782803457.208169,30,0.0,0,1,0,0
img_015380.jpg,1782803457.2892125,30,0.0,0,1,0,0
img_015381.jpg,1782803457.3695266,30,0.0,0,1,0,0
img_015382.jpg,1782803457.448117,30,0.0,0,1,0,0
img_015383.jpg,1782803457.511615,30,0.0,0,1,0,0
img_015384.jpg,1782803457.6303391,30,0.0,0,1,0,0
img_015385.jpg,1782803457.7150323,30,0.0,0,1,0,0
img_015386.jpg,1782803457.7760413,30,0.0,0,1,0,0
img_015387.jpg,1782803457.8524146,30,0.0,0,1,0,0
img_015388.jpg,1782803457.9522345,30,0.0,0,1,0,0
img_015389.jpg,1782803458.036505,30,0.0,0,1,0,0
img_015390.jpg,1782803458.1166704,30,0.0,0,1,0,0
img_015391.jpg,1782803458.200726,30,0.0,0,1,0,0
img_015392.jpg,1782803458.2934437,30,0.0,0,1,0,0
img_015393.jpg,1782803458.376974,30,0.0,0,1,0,0
img_015394.jpg,1782803458.45795,30,0.0,0,1,0,0
img_015395.jpg,1782803458.5279489,30,0.0,0,1,0,0
img_015396.jpg,1782803458.6149914,30,0.0,0,1,0,0
img_015397.jpg,1782803458.7008178,30,0.0,0,1,0,0
img_015398.jpg,1782803458.7818332,30,0.0,0,1,0,0
img_015399.jpg,1782803458.8702242,30,0.0,0,1,0,0
img_015400.jpg,1782803458.956023,30,0.0,0,1,0,0
img_015401.jpg,1782803459.03582,30,0.0,0,1,0,0
img_015402.jpg,1782803459.1015532,30,0.0,0,1,0,0
img_015403.jpg,1782803459.1978178,30,0.0,0,1,0,0
img_015404.jpg,1782803459.2798321,30,0.0,0,1,0,0
img_015405.jpg,1782803459.3619823,30,0.0,0,1,0,0
img_015406.jpg,1782803459.4566286,30,0.0,0,1,0,0
img_015407.jpg,1782803459.5382078,30,0.0,0,1,0,0
img_015408.jpg,1782803459.6162934,30,0.0,0,1,0,0
img_015409.jpg,1782803459.6965394,30,0.0,0,1,0,0
img_015410.jpg,1782803459.77936,30,0.0,0,0,0,1
img_015411.jpg,1782803459.8607621,30,0.0,0,0,0,1
img_015412.jpg,1782803459.943411,30,0.0,0,0,0,1
img_015413.jpg,1782803460.037863,30,0.0,0,0,0,1
img_015414.jpg,1782803460.1296055,30,0.0,0,0,0,1
img_015415.jpg,1782803460.2128816,30,0.0,0,0,0,1
img_015416.jpg,1782803460.2978835,30,0.0,0,0,0,1
img_015417.jpg,1782803460.3933706,30,0.0,0,0,0,1
img_015418.jpg,1782803460.4764075,30,0.0,0,0,0,1
img_015419.jpg,1782803460.557149,30,0.0,0,0,0,1
img_015420.jpg,1782803460.6405559,30,0.0,0,0,0,1
img_015421.jpg,1782803460.728787,30,0.0,0,0,0,1
img_015422.jpg,1782803460.8131754,30,0.0,0,0,0,1
img_015423.jpg,1782803460.8754737,30,0.0,0,0,0,1
img_015424.jpg,1782803460.9555614,30,0.0,0,0,0,1
img_015425.jpg,1782803461.0508564,30,0.0,0,0,0,1
img_015426.jpg,1782803461.1311102,30,0.0,0,0,0,1
img_015427.jpg,1782803461.216632,30,0.0,0,0,0,1
